:020000040800F2
:10000000589D012095030008C1520008B70400085C
:10001000B7040008291A0008C160000800000000A9
:10002000000000000000000000000000A70300081E
:10003000691A0008000000000304000811540008B9
:10004000AF030008AF030008AF030008AF030008C8
:10005000AF030008AF030008AF030008AF030008B8
:10006000AF030008AF030008AF030008311A00080F
:10007000391A0008411A0008491A0008AF0300089D
:10008000AF030008AF030008AF030008AF03000888
:10009000AF030008AF030008AF030008AF03000878
:1000A000AF030008AF030008AF030008AF03000868
:1000B00071570008AF030008AF030008AF03000842
:1000C000AF030008AF030008AF030008AF03000848
:1000D000AF030008AF0300081959000829590008A8
:1000E000AF030008AF03000800000000AF030008E2
:1000F000AF030008AF030008AF030008AF03000818
:10010000AF030008AF030008AF030008AF03000807
:10011000AF030008AF030008AF030008B957000899
:10012000511A0008AF030008591A0008611A0008A4
:10013000AF030008AF030008AF030008AF030008D7
:1001400000000000000000000000000000000000AF
:10015000AF030008AF030008AF030008AF030008B7
:10016000AF030008AF030008AF030008AF030008A7
:10017000AF030008AF030008AF0300080000000051
:10018000AF030008AF03000809590008AF030008D7
:10019000AF030008AF030008AF030008AF03000877
:1001A000AF030008AF030008AF030008AF03000867
:1001B000AF030008AF030008AF030008AF03000857
:1001C000AF030008AF030008AF030008AF03000847
:1001D000AF030008AF030008AF030008AF03000837
:1001E000AF030008AF030008AF030008AF03000827
:1001F000AF030008AF030008AF030008AF03000817
:10020000AF030008AF030008AF030008AF03000806
:10021000AF030008AF030008AF030008AF030008F6
:10022000AF030008AF030008AF03000800000000A0
:10023000AF030008AF03000800000000AF03000890
:10024000AF030008AF030008AF030008AF030008C6
:10025000AF030008AF030008AF030008AF030008B6
:10026000AF030008AF030008AF030008AF030008A6
:10027000AF030008AF030008AF0300080000000050
:10028000AF030008AF030008AF0300080000000040
:1002900000000000AF03000800F002F800F06AF868
:1002A0000AA090E8000C82448344AAF10107DA45D1
:1002B00001D100F05FF8AFF2090EBAE80F0013F0B9
:1002C000010F18BFFB1A43F001031847B45C01008B
:1002D000045D01000A4410F8014B14F00F0508BF3B
:1002E00010F8015B240908BF10F8014B6D1E05D002
:1002F00010F8013B6D1E01F8013BF9D1641E03D0DB
:10030000641E01F8015BFBD19142E4D37047000009
:10031000103A24BF78C878C1FAD8520724BF30C831
:1003200030C144BF04680C60704700000023002403
:1003300000250026103A28BF78C1FBD8520728BFF5
:1003400030C148BF0B6070471FB515F0B5FA00F01B
:1003500015FE04000020002115F090FA401C60609A
:100360000020002115F074FAE06000F007FB1FBDCB
:1003700010B510BD01F056F81146FFF7E5FF01F08A
:100380001FFB00F0F5F903B4FFF7F2FF03BC00F028
:10039000E3FD00000948804709480047FEE7FEE703
:1003A000FEE7FEE7FEE7FEE7FEE7FEE7FEE7FEE725
:1003B00004480549054A064B70470000915600085D
:1003C0009902000858850120589D0120588D012070
:1003D000588D0120EFF3108072B6704780F31088BB
:1003E0007047434A1368012B04D04FF00103136098
:1003F000404A1060404A116040484FF0805101600F
:100400007047EFF3108272B63948016851B34FF06C
:10041000000101603748016891B1EFF309811EF0D6
:10042000100F08BF21ED108B21E9F00F4FF00004F1
:100430001EF0100F08BF012441F8044D0068016050
:100440002D490968096808C9B1E8F00F002B18BFE9
:10045000B1EC108B81F309884EF0100E002B18BF01
:100460002EF0100E82F310884EF0040E70472249D1
:100470000860EFF3148222F0040282F314881D490D
:100480004FF0000008601A494FF0010008601C4856
:100490004FF47F01D0F8002041EA020101601748C3
:1004A0004FF08051016017480068006880F30888A9
:1004B00061B662B670471EF0040F0CBFEFF3088000
:1004C000EFF3098020E9F00F40F804ED40F804ED67
:1004D0001EF0040F0CBF80F3088880F3098800B574
:1004E00012F06AFF5DF804EB4EF0040E7047000056
:1004F00010840120F4810120FC81012004ED00E042
:1005000020ED00E008ED00E00FB400B58DB010A9BB
:10051000099000910B904FF0FF300A9000200C9052
:10052000064878440690064878446A4607900F9932
:1005300009A800F0D5FC0DB05DF814FBDB09000044
:10054000F30900002DE9FF5F1D464FF0FF3B914688
:100550004FF000085F46D5E90146A96901987F1C64
:100560008847296A824688470028F6D1BAF1FF3FBA
:100570000CD0002E24F4C06419DD600614D5BAF145
:100580002B0F09D0BAF12D0F0ED103E0584604B05D
:10059000BDE8F09F44F48064A96901987F1C8847F6
:1005A000761E8246002E02DDBAF1300F03D0B9F17B
:1005B000000F26D032E0A969761E01987F1C44F412
:1005C00000748847002E824605DDBAF1780F06D008
:1005D000BAF1580F03D0B9F1000F10D01EE0B9F1F5
:1005E000000F02D0B9F1100F18D1A969761E019839
:1005F0007F1C24F4007488478246102002E0082003
:1006000000E00A20814609E0A96908FB0908761E76
:1006100001987F1C44F4007488478246002E05DD53
:100620004946504600F0CBF90028EDDAE969019817
:100630008847A00502D46FF00100A8E7E00725D1A4
:10064000600613D5600502D5C8F1000000E0404601
:1006500029680A1D2A600968220501D5087015E07D
:10066000220701D5088011E008600FE02868011D0D
:1006700029600068210502D580F8008006E0210786
:1006800002D5A0F8008001E0C0F8008038467EE77F
:100690002DE9FF5F4FF000089946144646469169E0
:1006A000D2E901A7DDF838B001988847054659EA34
:1006B0000B0005D009E0A1690198761C8847054622
:1006C000216A284688470028F5D1681C03D05FEAD4
:1006D000CA7005D015E04FF0FF3004B0BDE8F09FC0
:1006E0002068011D2160D0F800800AE05FEACA702E
:1006F00001D108F8015BA169761C01987F1E88472B
:100700000546002F1ADD681C18D0B9F1000F0DD076
:10071000E81705EBD060421120F01F0059F82210B5
:100720002A1A012090400142E0D107E0BBF1000FFE
:10073000DCD12846216A88470028D7D0E169019892
:100740008847BBF1000F07D1002E05DD5FEACA70B4
:1007500002D1002188F80010A068B84203DDBBF187
:10076000000F03D017B16FF00100B6E73046B4E7D1
:1007700010B50446AFF300802046BDE81040FFF7F7
:1007800002BE30B505460B462A4613F8014B12F857
:10079000010B08B1A042F8D01CB1002802D06D1C9A
:1007A000F1E7284630BD10B5431C02E010F8011BEC
:1007B00071B18107FAD14FF0013202C88C1A8C4313
:1007C00014EAC211F9D0C01A0A0603D0C01E10BD27
:1007D000C01A10BD0A0401D0801E10BD0902FCD051
:1007E000401E10BD032A40F2308010F0030C00F0D0
:1007F000158011F8013BBCF1020F624498BF11F85B
:1008000001CB00F8013B38BF11F8013BA2F1040213
:1008100098BF00F801CB38BF00F8013B11F003038B
:1008200000F02580083AC0F0088051F8043B083AEF
:1008300051F804CBA0E80810F5E7121D5CBF51F891
:10084000043B40F8043BAFF30080D20724BF11F80B
:10085000013B11F801CB48BF11F8012B24BF00F870
:10086000013B00F801CB48BF00F8012B704710B5E1
:10087000203AC0F00B80B1E81850A0E81850B1E859
:100880001850A0E81850203ABFF4F5AF5FEA027C98
:1008900024BFB1E81850A0E8185044BF18C918C0C8
:1008A000BDE810405FEA827C24BF51F8043B40F869
:1008B000043B08BF7047D20728BF31F8023B48BF4E
:1008C00011F8012B28BF20F8023B48BF00F8012B8C
:1008D000704702F0FF0343EA032242EA024200F0BB
:1008E00002B84FF000020429C0F0128010F0030C8F
:1008F00000F01B80CCF1040CBCF1020F18BF00F813
:10090000012BA8BF20F8022BA1EB0C0100F00DB8C1
:100910005FEAC17C24BF00F8012B00F8012B48BF1F
:1009200000F8012B70474FF0000200B513469446C3
:100930009646203922BFA0E80C50A0E80C50B1F137
:100940002001BFF4F7AF090728BFA0E80C5048BF4B
:100950000CC05DF804EB890028BF40F8042B08BFE9
:10096000704748BF20F8022B11F0804F18BF00F8E5
:10097000012B7047704770477047000070B5064CF8
:100980007C44064D7D4404E02046016808448047CD
:10099000241DAC42F8D170BD885701008857010072
:1009A000004870479004002010B5FFF7F9FF006879
:1009B00010BD10B50446FFF7F3FF046010BD3A28E0
:1009C00000D2303820F02002412A01D3A2F13700B2
:1009D000884201D34FF0FF30704700002DE9FF4FF0
:1009E00006468BB00878FF2806D0491C2D2805D074
:1009F00000244FF0000908E000200CE00124F8E793
:100A000009EB8903491C00EB43090878FF28F7D15B
:100A100014B1C9F100008146107800252C46AA4681
:100A200029462D2801D02B2804D1521C2D2813D063
:100A3000002082468B461078FF280FD04FF0000C24
:100A40000A21521CA5FB017804FB018105FB0C1156
:100A5000C5194BEB0104EEE70120EAE70021084647
:100A60004FF00000BAF1000F02D000EB8000400808
:100A7000C0F38157012F01DD4FF0FF370E9955EA82
:100A8000040009EB01080BD04FF0020918F5FA7FBA
:100A900016DA4FEACA70002F706008DD012007E007
:100AA0004FEACA70C6E900B00FB0BDE8F08F002071
:100AB0003060FFF775FFC0F800901821084616E077
:100AC000B8F5FA7F18DD002F02DAF748784401E024
:100AD000F6487844D0E90010C6E9001040EACA7030
:100AE0007060FFF75DFFC0F80090142108460FB05A
:100AF000BDE8F04F14F0EDBE002108464FF00000B5
:100B0000B8F10001099002DAC7F1000200E03A46AC
:100B100001DAC8F1000106A800F00AFC06AB93E870
:100B2000070003AB83E8070044F23E005BEA0401E0
:100B30000090584604D144F21E012C465D460091B7
:100B4000210C0904014306D10099240444EA154408
:100B50002D041039009104F07F41014306D1009922
:100B6000240244EA15642D020839009104F0704112
:100B7000014306D10099240144EA15742D01091F8F
:100B8000009104F04041014306D10099A40044EAD9
:100B90009574AD00891E009104F00041084304D112
:100BA00000986D196441401E00904FF001033A46D1
:100BB0006846B8F1000FCDE9014503A902DD13F045
:100BC000FCFB01E013F0CFFBBAF1000F04460D4629
:100BD00001D084F00044002108464FF0000009993C
:100BE00040F2FF77484010F00C0F07D124F000408E
:100BF000284303D0C4F30A50B84212D1FFF7D0FE05
:100C0000C0F80090C4F30A50B8420AD1A84878440A
:100C1000D0E90010C6E9001004F0004108437060FC
:100C200042E7C6E900543FE72DE9FF4F1F464FF06A
:100C3000000A4FF0FF38454691B0D7E90146CDF89C
:100C40003CA000F09BF9C0680168405C1090B96955
:100C500012986D1C8847396A814688470028F6D16A
:100C6000B9F1FF3F0AD0002E24F4D06411DDB9F1B0
:100C70002B0F08D0B9F12D0F0BD102E0404615B073
:100C800013E744F48064B96912986D1C8847761E96
:100C90008146600504A901D52D2000E02B20002EFF
:100CA00001F1010B0DF130088DF810003FDDB9F1B5
:100CB000690F08D0B9F1490F05D0B9F16E0F02D014
:100CC000B9F14E0F1CD13B4601A8009580E85002B7
:100CD000DDE912126FF0020014F062FEC11CCED1E9
:100CE0000EE0B96912986D1C884781461398761EEC
:100CF00044F4007405600F98401C002E0F9016DD20
:100D0000B9F1300FEDD0B9F1780F02D0B9F1580F29
:100D10000DD10F9801280AD13B46CDE90054DDE9F9
:100D20001212001F029614F039FEC11CA7D11099AF
:100D300089453ED144F0800406E01399681CAAF16D
:100D4000010A44F400740860B9696D1C1298761E9B
:100D5000884730288146F0D02BE01099894505D18D
:100D6000200603D4761E44F0800418E0484614F0B0
:100D7000D7FC08B3761E0DF123029345A9F130008C
:100D800044F4007406D20BF8010B200607D5AAF133
:100D9000010003E0200602D40AF101008246A0050A
:100DA00002D51399681C0860B96912986D1C8847B0
:100DB0008146002ED1DC53E0002E51DDB9F1650FE4
:100DC00002D0B9F1450F4BD1A00549D5B9696D1CC9
:100DD0001298761E24F440748847002E81460CDD5C
:100DE0002B2804D0B9F12D0F07D144F48074B969D0
:100DF00012986D1C8847761E8146E00501D52D218D
:100E000000E02B2108F8011BCDF8008021E0761EC0
:100E10000DF13901884544F400740CD2A9F1300079
:100E200010F0FF0088F8000002D10099884509D928
:100E300008F1010806E0E00501D51E4801E042F294
:100E40000F708246B96912986D1C884781461398C5
:100E50000560002E04DD484614F062FC0028D6D15F
:100E6000F96912988847FF2053468BF8000088F8EC
:100E7000000000200A900B9004AA0CA90AA8FFF712
:100E8000ADFDA00502D46FF00100F8E614F0240FC8
:100E900012D0E0071CD13868DDE90A12031D3B605F
:100EA0000068C0E9001213E008550100FA5401007F
:100EB000BE530100F1D8FFFF0AA9684614F0D4FB25
:100EC000E00705D13868009A011D396000680260AA
:100ED0002846D4E60268114413780160184670472A
:100EE000D160054979445161044979441162002176
:100EF0001161114600F062B8EDFFFFFFBD00000078
:100F0000426842B1016811F8013B23B1521EC0E9A9
:100F10000012184670470121C160881E7047426860
:100F20005AB1C368016843B983688B4205D0491E32
:100F3000521CC0E90012002070474FF0FF3070478C
:100F400010B5002000F066FAFFF712FABDE8104075
:100F5000012000F001B8000001491820ABBEFEE7F7
:100F600026000200004870479004002010B500F0F1
:100F700005F8001D10BD00BF05490100004870477D
:100F8000B0040020B2F120030AD5C2F1200301FA17
:100F900002F120FA03F341EA030100FA02F070477C
:100FA00000FA03F14FF00000704710B50446FFF758
:100FB000DDFF0068005D00F0010010BD2DE9F34F7A
:100FC0004FF0000A0C4656468DB001200C9001F1FE
:100FD0000C000B9062690B9801219047051E2DD0E3
:100FE000252D2CD0216A8847C0B162690B98012158
:100FF0009047216A88470028F7D16269411E0B9803
:10100000904700E0761CA1690D988847216A8847BF
:101010000028F7D1E1690D988847DBE7A1690D98B1
:101020008847A842074601D1761CD3E7E1690D98AD
:1010300088477F1C02D1BAF1000F6FD06BE1626963
:101040000B9800273D46394690472A2804D162690B
:101050000B98012190470125DFF8D08262690B9837
:1010600001219047A0F130010A290AD24745E5DC69
:1010700007EB870100EB4107303FDFD445F0100557
:10108000ECE7E90601D46FF000476C280AD04C2841
:1010900014D0682815D06A280DD074281CD07A285E
:1010A0001AD01DE062690B98012190476C2802D08C
:1010B00045F0040514E045F002050DE045F020057B
:1010C0000AE062690B9801219047682802D045F038
:1010D000080505E045F4006562690B980121904719
:1010E000C4E9015765283DD019DC58287AD00CDCBA
:1010F000452837D004DC252826D041289ED131E070
:1011000046282FD0472899D12CE05B2877D061283A
:1011100028D063287CD0642823D15AE0F6E06F28D9
:1011200048D008DC66281DD067281BD0692821D04C
:101130006E2816D127E0702845D0732868D075280E
:1011400047D078280DD14DE0A1690D988847252812
:1011500005463FF469AFE1690D9888476D1C3FF47F
:101160006AAFD8E00D9923466A466FF0010014F08B
:1011700013FCC5E045F0400023464FF000026060DC
:10118000A80736D43EE0E8077FF447AF2068011D8A
:1011900021600068290501D506701BE7290701D5E4
:1011A000068017E7A90703D5F117C0E9006111E729
:1011B00006600FE745F0400023464FF008026060EC
:1011C000A80716D41EE040F60E0125EA0100606073
:1011D00016E045F0400023464FF00A026060A80781
:1011E00007D40FE045F040006060A80708D523460B
:1011F00010220D996FF00100AFF3008080E007E04E
:10120000102223460D996FF00100FFF79BF977E05C
:101210004FF0000963284F46C8464B46CB4602D0E4
:101220005B2806D038E0E80601D40120A060012741
:1012300032E06269D4F80CB00B98012190475E2827
:1012400007D14FF0010949466269D4F80CB00B98F8
:101250009047216939B900210A4603AB43F82120A0
:10126000491C0829FADBD8B3216949B308F1010800
:1012700062690B98012190475D28F4D1B9F1000F04
:1012800009D0002003A951F82020D24341F82020A2
:10129000401C0828F7DB03AB2069002820794FEABF
:1012A00040701ED05B462246CDF80080CDE9019704
:1012B0000D9900286FF0010020DAAFF300801FE0E5
:1012C000C11703AA00EBD1614B1121F01F0102EB02
:1012D0008302411A13680120884003431360C7E763
:1012E00019E00D99224600286FF00100009702DAFC
:1012F000AFF3008004E0FFF7CBF901E0AFF300802B
:1013000000280ADA401C06D10C9820B14FF0FF30BB
:101310000FB0BDE8F08F5046FAE7E90701D10AF1B6
:10132000010A064400200C9054E60000CCCCCC0C02
:101330002DE9F047814616468AB0354878440DC8F5
:101340008DE80D0032487844801C03AC0DC884E859
:101350000D0041F69B300844372190FBF1F290FBE1
:10136000F1F5A5F1800501FB12041B3C02D5644296
:10137000012000E00020DFF898A080460027FA4412
:10138000AAF1BE0A0EE0E0070AD03246684607EB33
:10139000470101230AEB810112F0FAFF8DE80700F3
:1013A00064107F1C002CEED1194F7F44AE3F19E032
:1013B000E80715D007EB04100DF1180A90E80E00AD
:1013C0008AE80E00C068F04201D1981908903246B0
:1013D000012306A903A812F0DBFF03AB83E8070093
:1013E0006D10641C002DE3D14FF0010332466946B5
:1013F000B8F1000F03A802D012F0A0FF01E012F034
:10140000C7FFC9E90001C9F808200AB0BDE8F087A4
:101410008C49010010B500F05BFABDE8104000F007
:1014200051BA70477546FFF79DFDAE460500694607
:10143000534620F00700854618B020B5FEF7B8FFE8
:10144000BDE820404FF000064FF000074FF00008C5
:101450004FF0000BAC46ACE8C009ACE8C009ACE802
:10146000C009ACE8C00921F007018D4670470000B3
:101470002DE9FF4F1F464FF03C0987B04FF0004267
:10148000DDE9141001F10108DDF858A002EA40502E
:101490000390002005908346054604460490B969F0
:1014A000461E08988847AAF1010A0290BAF1000F77
:1014B0003BDD02982E2815D01021FFF780FA002876
:1014C0002EDB4FF0010B0599014317D0B9F1000F46
:1014D0000BDB4A46C117FFF755FD05430C43A9F145
:1014E000040905E0012004900BE008B145F0010576
:1014F00001200590049820B9361D02E0049800B13F
:10150000361FB969089808F101088847BBF1000F38
:10151000AAF1010A0290C9D00999C1F80080C5E773
:101520000298702808D0502806D0F9690898884792
:10153000BBF1000F14D04FE0002002900120BBF15E
:10154000000F049009D0B969089808F1010888478C
:10155000AAF10109B9F1000F07DCF9690898884779
:101560006FF001000BB0BDE8F08F2B2804D02D28C0
:101570000CD14FF0FF300490B969089808F10108C8
:101580008847A9F10109B9F1000FE6DD411CE4D05B
:101590000A21FFF714FA0028DFDB029908F101089D
:1015A00001EB810100EB41000290B969089888477E
:1015B0000A21FFF704FA099AA9F10109B9F1000F0C
:1015C000C2F8008001DD0028E7DAF9690898884749
:1015D0000499029800FB016655EA040004D004F067
:1015E0004041090002D006E0039898E0A40044EAD4
:1015F0009574AD00B61E04F00041080002D16D19CB
:101600006441761E159810F0240F03D04FF00B099B
:101610005C4803E04FF028096FF07D008246564594
:1016200007DAAAEB06018944B9F1410F01DD4FF059
:10163000410901200021A9F10102FFF7A3FC0246A4
:1016400028400B462140084301D0012100E0002141
:10165000501E029143F1FF3128402140084301D040
:10166000012000E000200299834651EA0B014FD08F
:10167000002108464FF00000039900F4400039B102
:1016800000EB80004FF4400100EBD07001EA6000F5
:101690008015012802DD4FF0FF3000E013D0401C20
:1016A00036D0029860B3BBF1000F0CD14A4601203E
:1016B0000021FFF767FC28402140084301D00120AA
:1016C00000E00020E0B101204A460021FFF75AFC6B
:1016D000034640190A4661412D1A8C4111D3B9F1D4
:1016E000400F09DD159810F0240F02D0AAF134063E
:1016F00003E0AAF1170600E0761C00254FF0004435
:1017000006E05B1E42F1FF3220EA030521EA0204F3
:10171000CAF10100B04206DA1B4903980843019060
:10172000002000900EE0039AC4F3D321E80A0A4394
:10173000164940EA44500A433146CDE90002684662
:1017400013F09BFF159810F0240F0BD01598C007CD
:1017500015D13868DDE90012031D3B600068C0E95F
:1017600000120CE002A8694613F07EFF1598C0072E
:1017700005D13868029A011D396000680260404650
:10178000F0E6000002FCFFFF0000F07F0000F03FE9
:101790002DE9FF4F92461D4685B04FF00041DDE92F
:1017A000124BDDE914727F1E01EA4B50414940F0B3
:1017B000FF4940EA0108002122F020004928049155
:1017C00002D04E2828D04CE03BA0012607C88DE867
:1017D0000700A9690698641C88477F1E014606D445
:1017E0001DF8060018B121F0200181420BD0E969F3
:1017F00006988847032E34D0082E32D06FF00100AF
:1018000009B0BDE8F08F761C032E01D0082EE0D180
:10181000601CCAF80000DCE7A9690698641C8847C8
:101820007F1E2AD420F02000412826D1A9690698DD
:10183000641C88477F1E20D420F020004E281CD135
:10184000A9690698641C88477F1E48F4002849F45B
:101850008009CAF8004001D4282806D0E969069812
:1018600088475FEACB7012D022E0A9690698641C11
:1018700088477F1E01D4002803DAE9690698884763
:10188000BCE72928F1D1641CCAF80040E9E71BF045
:10189000240F07D028680499031D2B600068C0E955
:1018A000001805E02868021D2A600068C0F8009052
:1018B0002046A5E70000F07F494E46494E4954595D
:1018C00000000000002801D0FFF746BB7047000071
:1018D00010B5002102A000F051F8012010BD000059
:1018E000534947414252543A2041626E6F726D61D2
:1018F0006C207465726D696E6174696F6E000000B2
:1019000030B44FF0013C50F8042BCCFA52F451F8AB
:10191000043BD51A20D1FCB950F8042BCCFA52F470
:1019200051F8043BD51A17D1B4B950F8042BCCFAAE
:1019300052F451F8043BD51A0ED16CB950F8042B6F
:10194000CCFA52F451F8043BD51A05D1002CDAD068
:1019500030BC4FF00000704729BAB1FA81F111F0A4
:101960001801D1F120008440F2D1CA40CB4012F0DE
:10197000FF0213F0FF0330BCD01A704770B5054664
:101980000C460A2000E06D1C00F011F835B12878F3
:101990000028F8D102E0641C00F009F814B12078A6
:1019A0000028F8D1BDE870400A20AFF3008008B5E8
:1019B00069468DF800000320ABBE08BD00000000A2
:1019C00010B584B0FEF706FD11F0DEFC11F0ECFE60
:1019D00011F052FF11F008FF4EF6E8344EF2E830F5
:1019E000C2F2000445F6687143F2C922C2F2000057
:1019F00000904FF4006001900A200290C0F60101AF
:101A0000C0F60102002314200390204611F0A8FF25
:101A1000204612F059F811F037FF11F07DFF11F058
:101A20000FFF002004B010BDFEE700000000000022
:101A30007047000000000000704700000000000038
:101A40007047000000000000704700000000000028
:101A50007047000000000000704700000000000018
:101A60007047000000000000704700000000000008
:101A7000EFF3108072B600002DE9F04381B042F21E
:101A8000100889460546C5F2002800F089FB474644
:101A9000B9F1020F08BF07F580773968490709D403
:101AA000B9F1010F1BD10021D8F80000C1F2EE718D
:101AB00008401CE006466C1C03E000BF3868400785
:101AC000EED5002CFAD000F06BFB01464FF003007E
:101AD00015B1891BA942F1D901B0BDE8F0830021FD
:101AE000D8F80001C1F2EE71084000F1004020F08A
:101AF000004181B10F224EF65853C1F6EF72C2F287
:101B0000000302409F69824247EA00029A610ED1B7
:101B1000C8F804000DE0B9F1010F0ED1D8F80000AB
:101B2000C00312D54FF48030C8F804000DE0C8F8A7
:101B30000411012001B0BDE8F083D8F80001C00312
:101B400003D54FF48030C8F80401002001B0BDE88F
:101B5000F0830000000000002DE9F04F81B04EF648
:101B60005858C2F2000898F81420012A02D14FF008
:101B7000020B27E00546012088F814004FF0000B07
:101B8000C8F818B089462879C00709D04CF25030FF
:101B90000121FFF771FF8346002818BF4FF0010BAA
:101BA0002879800708D54CF250300221FFF764FFF6
:101BB000002818BF4FF0010BBBF1000F07D0002029
:101BC00088F814005FFA8BF001B0BDE8F08F286848
:101BD000012822D1686842F20C0600F00301C5F228
:101BE0000026032929697BD1326822F03002326055
:101BF000D6F8002122F03002C6F8002132680A43EC
:101C00003260D6F800211143C6F80011F16841F0A6
:101C10001001F160C00769D175E04FF0FF30C9F8DD
:101C20000000D5E9027038448742C8D242F20C0A5B
:101C30003E02C5F2002A40F2047400BF6A682969B6
:101C400012F0010028D1920739D450B14CF2503033
:101C50000121FFF711FF8346DAF80000A043CAF81C
:101C60000000287980070AD54CF250300221FFF796
:101C700003FF8346DAF80001A043CAF800015FEAD7
:101C80000B6054D1D5E9020101370844874206F5BB
:101C90008076D3D393E700BFDAF8003041EA060438
:101CA00023F4E663CAF80030DAF80030234340F248
:101CB000047443F08403CAF800309207C5D5DAF8FB
:101CC0000021314322F4E662CAF80021DAF800214B
:101CD000114341F08401CAF800110028B6D1C0E7D1
:101CE000C20727D1820732D4C0070CD04CF2503043
:101CF00001210127FFF7C0FE002818BFBB4630684E
:101D000020F008003060287980077FF558AF4CF24A
:101D100050300221FFF7B0FE002818BF4FF0010B32
:101D2000D6F8000120F00800C6F8000147E7C9F81E
:101D3000007044E7326822F03002326032680A43B1
:101D40003260326842F0880232608207CCD5D6F821
:101D5000002122F03002C6F80021D6F800211143FC
:101D6000C6F80011D6F8001141F08801C6F800113C
:101D7000C007BBD1C7E7000042F20C01C5F2002149
:101D8000086840F0010008600868C0074FF00100D3
:101D900008BF7047D1F8002142F00102C1F80021CC
:101DA000D1F80011884370472DE9F04F81B04EF60D
:101DB0005858C2F2000898F81400012803D10220F4
:101DC00001B0BDE8F08F0E4615466FF313060F46BF
:101DD000B6F1006F4FF0010488F8144003D0B6F15B
:101DE000016F44D102244CF2503021464FF00009DB
:101DF000C8F81890FFF740FEA0BB42F20C0BB6F1FA
:101E0000006FC5F2002B4FF008020BF5807A5046A8
:101E100004BF42F20C00C5F20020016841F002014B
:101E20000160BFF36F8FBFF34F8F381F291F00BFB3
:101E3000013A51F8043F40F8043F1306F8D1BFF3CC
:101E40006F8FBFF34F8F4CF250302146FFF714FED7
:101E5000B6F1006F08BFDA46DAF8001021F002018F
:101E6000CAF8001088F8149001B0BDE8F08F012086
:101E700001B0BDE8F08F000042F20400C5F200207E
:101E80008168C9070CD040F22311C4F26751016088
:101E900048F6AB11CCF6EF5101608168C90715D146
:101EA000D0F80811C9070FD040F22311C4F26751CE
:101EB000C0F8001148F6AB11CCF6EF51C0F8001194
:101EC000D0F80801C00701D10020704701207047F9
:101ED0002DE9F04F81B042F200420A23C5F602021A
:101EE000904208BF09230029009377D000F12642D1
:101EF000009B02F1FF7200274FEAB2220126092A55
:101F000038BF1346002200932AE000BF6FF003049D
:101F1000032304EA5804056803FA02F9044445EA75
:101F20000905056007F01C050F2303FA05FC256A67
:101F300025EA0C052562C56825EA0905C5604568DE
:101F400025EA0E054560856825EA0903836031FAB4
:101F500006F306F1010607F1040702F102023DD083
:101F6000A6F10108012303FA08FE1EEA010AEED0D9
:101F700040F208434FEA9809C5F6000307F00C0B3E
:101F800053F829500F2303FA0BFC009B05EA0C05BC
:101F900003FA0BF39D42B9D10424C5F60004E36FA4
:101FA00023EA0A03E367D4F8803023EA0A03C4F87B
:101FB0008030236823EA0A0323604FF0B04423688B
:101FC00023EA0A03236040F20844C5F6000454F8EB
:101FD000293023EA0C0344F8293097E701B0BDE823
:101FE000F08F0000000000002DE9F04F82B042F2B7
:101FF00000420A27C5F602020B68904208BF092773
:10200000002B009700F0C08000F1264240F2040A45
:1020100002F1FF72C5F6000A4FEAB227009A092FB3
:102020004FF0000438BF3A4600260127009209E02D
:102030000B68043633FA07F207F1010704F10204D2
:1020400000F0A280A7F10108012202FA08FB13EABE
:102050000B09EDD0D1F804E00EF00303A3F1010C5D
:10206000BCF1010F12D80322D0F808C0A240CD68FD
:102070002CEA0202A5402A438260CEF30015426892
:1020800022EA0B0205FA08F52A434260032B1FD00F
:102090000325C268A540022B22EA05028D6805FAD5
:1020A00004F542EA0502C26012D16FF0030206F0A5
:1020B0001C0502EA58020F23024403FA05FED2F877
:1020C00020C00B692CEA0E0CAB4043EA0C031362F0
:1020D00003230268A3404D689A4305F00303A3401D
:1020E00015F4403F42EA03020260A1D044F2F443F7
:1020F00040F2084EC5F60203C5F6000E0F251A6819
:1021000042F002021A601A6802F00202019228F0FC
:102110000302019B06F00C0352F80EC09D402CEA0E
:10212000050C009D05FA03F343EA0C0342F80E3058
:102130004FF0B04EDEF800C04B684CEA0905DA02F9
:1021400058BF2CEA09059A02CEF80050DAF800C010
:102150004CEA090558BF2CEA09059A03CAF8005051
:10216000DAF880C04CEA090558BF2CEA0905DB0300
:10217000CAF88050DAF87C2042EA090558BF22EA02
:102180000905CAF87C5053E702B0BDE8F08F0000A3
:10219000002A08BF090481617047000000000000A8
:1021A00048F24840C2F20100006870470000000099
:1021B00040F2884048F24841C2F20000C2F20101F8
:1021C00000780A68104408607047000000000000B2
:1021D00080B5032000F024F900F096FA44F218418B
:1021E00045F61C53C5F60201C0F601030A680968EA
:1021F00001F00F01C2F30322595C9A5C01F01F0148
:1022000002F01F02D04040F20442C2F2000220FA63
:1022100001F1116040F20041C2F2000108600F209C
:1022200000F00AF800281CBF012080BD00F0A8F8CB
:10223000002080BD00000000B0B58AB00F2842D851
:102240000446372000222146002500F0B9F8372047
:1022500000F0A6F840F28C40C2F20000046044F2A4
:10226000E840C5F60200016841F020010160006805
:1022700001A900F020000290029802A800F0C0F925
:10228000079C002C18BF012400F00EFA4DF6836164
:10229000A040C4F21B3141F20042A0FB01014EF20A
:1022A0007810C2F200004FF0FF33C4F20002026067
:1022B00003EB9141C0E9011540F2E731C0E9031594
:1022C00000F012FD10B101200AB0B0BD4EF278103E
:1022D000C2F2000000F03CFD0AB0B0BD00000000FA
:1022E000B0B502784EF69C5CCEF2000C43784CF808
:1022F000043CF2B14368CCF80030037BC17A90F81B
:102300000AE0457B447A42EA0372837B42EA016138
:10231000C27B41EACE41007A41EA854141EA43412C
:1023200041EA024141EA042141EA4000CCF80400BC
:10233000B0BD0020CCF80000CCF80400B0BD000017
:102340004EF62450CEF20000BFF35F8F016821F4F7
:10235000803101600021016770470000000000002B
:102360004EF6245140F00100CEF2000108670868E3
:1023700040F480300860BFF34F8FBFF36F8F70471A
:1023800081B044F2F440C5F60200016841F0020158
:102390000160006800F002000090009801B07047F2
:1023A000002848BF704700F01F01012202FA01F126
:1023B0004EF200124009CEF2000242F8201070479F
:1023C00070B54EF60C5C4FF0FF36CEF2000C00F10B
:1023D0006045DCF80030C3F3022E8EF00703042BB7
:1023E00028BF0423BEF1030406FA03F321EA030124
:1023F00000F00F0338BF0024043BB0F1FF3F6344FB
:1024000006FA04F003F10C0301FA04F1C8BF05F564
:10241000644322EA000008430001187070BD000008
:102420004EF60C514FF6FF03CEF200010A681A4037
:1024300060F30A2242F0806040F0FD70086070474F
:102440002DE9F04142F20008C5F20028D8F800005A
:1024500000F00F0006280CD8D8F80000072161F31F
:102460000300C8F80000D8F8000000F00F000728AB
:1024700031D144F20047C5F60207FFF791FE04464A
:10248000386840F0010038603868400707D4FFF72B
:1024900087FE001B0228F7D90320BDE8F081786889
:1024A00049F2000140F0804078600020386140F23D
:1024B0000040C0F2D031C2F2000040F28C42C2F2C1
:1024C0000002016040F20440C2F2000001601068A6
:1024D000FFF7B2FE10B10120BDE8F081FFF760FE0A
:1024E000044641F2883600BF3D69FFF759FE15F0FA
:1024F000380F054605D0281BB042F5D90320BDE8AA
:10250000F0814EF645513868CFF6F67108403860D4
:102510003C68FFF745FEA103044605D5601B64280F
:10252000F6D90320BDE8F081386820F0807038606B
:102530003D68FFF735FEA901054605D5281B022891
:102540004FF00300F4D956E0386820F0806038601E
:102550003C68FFF725FE2101044605D5601B0228D3
:102560004FF00300F4D946E0386820F0805038601E
:102570003868800007D5FFF713FE001B02284FF0D4
:102580000300F5D937E040F200210020B861C0F225
:102590000221F8613862B9620021C0F2FF11F962CC
:1025A00040F28021C0F2011139637863B963F863A6
:1025B00039647864396821F48021396038664FF0D5
:1025C000FF30B866D7F8D00040F48030C7F8D000AC
:1025D000D8F8000000070DD5D8F80000072161F3F6
:1025E0000300C8F80000D8F8000000F00F0007282A
:1025F0007FF471AF0020BDE8F08100000000000012
:102600003F22026044F21842C5F6020252F8083C2A
:1026100003F007034360136803F470638360136877
:1026200003F00F03C360136803F070030361536882
:1026300003F070034361536803F4E06383619268BD
:1026400002F07002C26142F20000C5F20020006890
:1026500000F00F000860704780B500F055F844F2B4
:10266000184145F61C53C5F60201C0F601030A687D
:10267000096801F00F01C2F30322595C9A5C02F071
:102680001F0220FA02F201F01F0040F2044122FA78
:1026900000F0C2F20001086040F20041C2F2000105
:1026A0000A6080BD0000000080B500F02DF844F203
:1026B000184C45F61C51C5F6020CC0F60101DCF8B9
:1026C0000020DCF8003003F00F03C2F30322CB5CE0
:1026D0008A5C02F01F02D04003F01F0240F2044364
:1026E00020FA02F2C2F200031A6040F20043C2F282
:1026F00000031860DCF80400C0F30210085C00F06E
:102700001F0022FA00F080BD44F20041C5F602012C
:102710000869C0F3C20003280FD002282AD060BB8A
:102720000868800649F20000C0F2D03058BF7047F8
:102730000968C1F3C101C84070478A6A886AC0F35A
:10274000051CC86ABCF1000F4B6B1BD0C3F3CC0354
:1027500000F00100584302F00302022A00EE100AC2
:10276000B8EE400A10D092B90868800612D49FEDE6
:10277000251A1CE04FF0FA70704740F60010C0F2C6
:102780003D007047002070479FED1D1A0FE09FED40
:102790001B1A0CE0086849F20002C0F2D032C0F304
:1027A000C10022FA00F001EE100AB8EE411A086BDF
:1027B0009FED153A6FF35F2002EE100A086BC0F32D
:1027C0004620B8EE422A013000EE032A00EE10CA7D
:1027D000B7EE003AB8EE400A81EE000A32EE031A74
:1027E00020EE010A01EE100AB8EE411A80EE010A4D
:1027F000BCEEC00A10EE100A704700BF0024744AF5
:102800000000FA4B0024744C000000390000000066
:1028100070B5002800F0AF8043F60003044600685E
:10282000C4F2000343F2000E43F6004C9842C4F297
:10283000010EC4F2000C4FF00001A16204D060450B
:1028400018BF704540F09380E16B0125E268984223
:1028500002F1080205EB51114FEAD20202FB01F12D
:1028600018BF704572D1102900F2858094F881005C
:1028700028B9002084F88000204600F099F8022052
:1028800084F881002068D4F818C00268BCF1806F19
:1028900022F001020260826802F4F8120FD163682C
:1028A0002BB1B3F5800F0AD1A56B25B13BB9A36B52
:1028B000B3F1805F03D1036843F480530360E3699D
:1028C000A56A1A43E36B2A431343D4E90316D4E9F8
:1028D000012E19438160616BA56B636A41EA0C01AB
:1028E00019436369294341EA0601266A41EA030163
:1028F000E36C41EA0601A66C41EA020141EA0301E8
:10290000A36D41EA0E0141EA060141EA0301C160FB
:102910004AB98168012363F3CC2181608168022375
:1029200063F34A218160016D520221F001010165CA
:1029300005D5C168626D21F000411143C1600020DE
:10294000C4F88400012184F8811070BD604518BF6F
:10295000082910D8984218BF70453FF484AF6045ED
:102960007FF484AF102984BF012070BD7EE7E16849
:102970000F297FF669AF012070BD00000000000044
:1029800080B543F200010068C4F20101884218BF1B
:1029900080BD44F2F040C5F60200016821F4805188
:1029A00001600020E021C5F60200FFF791FA80BD2A
:1029B00080B586B043F200020068C4F20102002133
:1029C00090420591CDE903110291019101D006B029
:1029D00080BD44F2E0400123C5F6020050F8902C7F
:1029E00063F30E3240F8902C026942F48052026187
:1029F000026902F480520092009A026842F00102D9
:102A00000260006800F0010000900098E020019052
:102A10000220CDE902010490052005900020C5F6B2
:102A2000020001A9FFF7E0FA06B080BD0000000037
:102A30002DE9F047044690F88000012802D10220D9
:102A4000BDE8F0871D4616460F46D4F800900120D9
:102A500084F88000FFF7A4FB94F8811080460129D8
:102A60000ED06068B0F5800F04D1A068002808BFC0
:102A7000042905D0002084F880000220BDE8F087FA
:102A80001FB1002E18BF002D05D1002084F8800052
:102A90000120BDE8F08794F88100042802D00520C9
:102AA00084F881000021C4F8841066664FF6FF7335
:102AB000A4F86A50A4F86850E765A4F8625020684A
:102AC000A4F860502167616761684268B1F5800FC2
:102AD00022EA03022A444260026842F001010160D6
:102AE00003D1016841F400710160E068DDF820A0C5
:102AF000102835D348F208090AF101072E4600BF15
:102B000055EA060000F0A6802068416989070CD5C7
:102B10005DB1E16D51F8042B0262E165B4F8621019
:102B20000139A4F86210B4F86250416911EA090F42
:102B300018BF002E0BD0006B616E41F8040B61666C
:102B4000B4F86A000138A4F86A00B4F86A60FFF7C4
:102B500027FB002FD4D0A0EB08005045D0D367E06E
:102B60000AF101072E46072830D900BF55EA0600B2
:102B700070D02068416989070DD565B1E16D31F8E4
:102B8000022BA9F82020E165B4F862100139A4F8FD
:102B90006210B4F862504069C00718BF002E0CD014
:102BA000B9F83000616E21F8020B6166B4F86A0072
:102BB0000138A4F86A00B4F86A60FFF7F1FA002F50
:102BC000D4D0A0EB08005045D0D331E055EA060040
:102BD00040D02068416989070ED56DB1E16D097853
:102BE00080F82010E06D0130E065B4F86200013833
:102BF000A4F86200B4F8625020684169C90718BFA0
:102C0000002E0DD090F83000616E0870606E0130BB
:102C10006066B4F86A000138A4F86A00B4F86A6023
:102C2000FFF7BEFA002FD1D0A0EB08005045CDD35E
:102C3000204602F049FB002084F88000D4F884008C
:102C400040F48070C4F88400012084F881000320DF
:102C5000BDE8F0870AF101052068406910F0080618
:102C60000ED1FFF79DFA002DF6D0A0EB08005045DD
:102C7000F2D32EB9D4F8840040F02000C4F88400C8
:102C8000204602F021FB002084F88000012084F817
:102C90008100D4F88400002818BF0120BDE8F08727
:102CA000411E0020B0EB116F01D0012070474EF2A1
:102CB0001002F023CEF2000251604EF62351CEF204
:102CC00000010B7007219060116070470000000048
:102CD0007047000000000000704700000000000086
:102CE000704700000000000060B310B5044690F883
:102CF0003D0028B9002084F83C00204600F024F86C
:102D0000022084F83D002068211D02F05DFD0120B5
:102D100084F8480084F83E0084F83F0084F84000BE
:102D200084F8410084F8420084F8430084F84400A9
:102D300084F8450084F8460084F8470084F83D0094
:102D4000002010BD01207047704700000000000007
:102D500090F83D1001291BD1022180F83D10016837
:102D600041F2FF70C4F200008142C86840F00100E7
:102D7000C8600FDC40F2FF70C4F20000814217DC33
:102D8000B1F1804F2BD040F20040C4F2000024E0AB
:102D90000120704740F2FF30C4F20100814212DC92
:102DA00041F60000C4F20000814218D0002012E079
:102DB00040F60000C4F20000814210D040F600400E
:102DC000C4F2000009E044F20000C4F201008142B4
:102DD00005D040F20040C4F2010081420BD107222D
:102DE0008868C0F2010202400020062A18BFB2F52E
:102DF000803F00D17047086840F001000860002063
:102E00007047000000000000704700000000000054
:102E100010B5044600680169890744BFC1685FEACC
:102E2000817140D420680169490744BFC1685FEAE5
:102E3000417144D420680169090744BFC1685FEA51
:102E4000017149D420680169C90644BFC1685FEABD
:102E5000C1614DD420680169C9071CBFC1685FEA20
:102E6000C17152D120680169090644BFC1685FEA97
:102E7000016151D420680169C90544BFC1685FEA96
:102E8000016150D420680169490644BFC1685FEA06
:102E900041614FD420680169890644BFC1685FEA77
:102EA00081614ED410BD6FF00201016101212177D3
:102EB000806980074CD02046FFF7A6FF4EE06FF0F8
:102EC0000401016102212177806910F4407F48D01C
:102ED0002046FFF799FF4AE06FF0080101610421E5
:102EE0002177C069800745D02046FFF78DFF47E076
:102EF0006FF01001016108212177C06910F4407F53
:102F000041D02046FFF780FF43E06FF001010161EF
:102F1000204600F049F8A5E76FF0800101612046E6
:102F2000FFF7DAFEA6E76FF4807101612046FFF734
:102F3000CFFEA7E76FF040010161204600F040F8A6
:102F4000A8E76FF0200101612046FFF7C9FE10BD20
:102F5000204600F021F8204600F022F800202077DB
:102F600060E7204600F018F8204600F019F800202D
:102F700020775FE7204600F00FF8204600F010F8B9
:102F8000002020775EE7204600F006F8204600F09B
:102F900007F8002020775DE7704700000000000080
:102FA000704700000000000080B541F20041006859
:102FB000C4F20001884218BF80BDFFF7F9F880BD58
:102FC000704700000000000070B54CF26010302126
:102FD000C2F20000FDF7A7FC4CF2C0103021C2F293
:102FE0000000FDF7A0FC4CF228403021C2F20000A6
:102FF000FDF799FC4DF620700025C2F20000032178
:103000000322C0E90055C0E90255C0E904554DF25C
:10301000B820C2F20000C0E90055C0E90255C0E97D
:1030200004554CF25840C2F20000C0E90055C0E916
:103030000255C0E904554CF26820C2F20000C0E914
:103040000055C0E90255C0E904554CF21810C2F20F
:103050000000C0E90055C0E90255C0E9045542F23C
:103060007840C2F2000011F0DFFA42F21040002670
:10307000C2F20000C3F6F076C821C0E90056C0E9EC
:103080000255C0E90455C0E9065542F22850C2F283
:103090000000FDF748FC42F2F050C821C2F20000E7
:1030A000FDF741FC40F2387042F2C844C2F2000021
:1030B000C2F200044821C0E90055C0E90255C0E948
:1030C00004552046FDF72FFC4CF230103021C2F29F
:1030D0000000C4E90056C4E90856C4E91056FDF7DB
:1030E00022FC4CF2F0103021C2F20000FDF71BFC74
:1030F00042F2304045F2A642C2F200004FF0804159
:10310000C4F258120124C0E9001242F23840C2F25F
:103110000000C0E900124DF6B0704BF26961C2F2D6
:10312000000048F68672CFF69651C4F22302C0E939
:10313000001248F2B0400421C2F20100C0E900557B
:10314000C0E90255C0E9045548F29840C2F20100B6
:10315000C0E90055C0E90255C0E9045548F2F840FD
:10316000C2F20100C0E90055C0E90255C0E90455AA
:1031700048F2E040C2F20100C0E90055C0E9025542
:10318000C0E9045548F2C840C2F20100C0E9005548
:10319000C0E90255C0E904554EF62850C2F20000BD
:1031A000056042F22050C2F20000C0E9005542F230
:1031B0001850C2F20000C0E900554EF6D840C2F2E5
:1031C000000001604EF63450C2F20000402104605D
:1031D0004CF2E000C2F2000005604EF6FC40C2F284
:1031E000000001604CF20060C2F200004FF4406148
:1031F000FDF799FB4EF670402821C2F200000560F1
:103200004EF68040C2F2000005604CF2C000C2F2EF
:10321000000005604EF60050C2F2000001604EF65C
:103220004850C2F20000482104604CF2F400C2F29F
:10323000000005604CF20C10C2F2000005604EF672
:103240009440C2F2000005604EF68C40C2F20000CD
:1032500005604EF69040C2F2000005604DF63870F1
:10326000C2F20000C0E90055C0E90255C0E90455AA
:103270004CF27040C2F20000C0E90055C0E90255AE
:10328000C0E904554EF6E040C2F2000005604EF67B
:10329000DC40C2F2000005604CF21010C2F20000E7
:1032A00005604EF65450C2F2000005604DF65070B5
:1032B000C2F20000FDF737FB4CF2C4004FF4FA6194
:1032C000C2F200004FF0333205604CF2D800C2F277
:1032D0000000056048F24050C2F20100C0E900550C
:1032E000C0E90255C0E904554CF2B050C2F20000EA
:1032F000C0E90055C0E90255C0E904554EF620501A
:10330000C2F2000005604EF6B840C2F2000005604F
:103310004DF24820C2F20000C0E900554EF62C5094
:10332000C2F20000056042F2B170C2F20000C56551
:103330000566856544F61010C2F200004564056418
:1033400044F6C000C2F20000C56485644EF63C50ED
:10335000C2F20000C0E9001484604EF6A840C2F238
:1033600000000921C0E90055C0E902554EF624507D
:10337000C2F2000004604CF2EC00C2F200000560F2
:103380004CF2F000C2F2000005604EF63050C2F27E
:10339000000001604CF20410C2F2000043F233312D
:1033A000C3F6F37105604CF20810C2F2000005602C
:1033B0004CF20010C2F2000004604DF61870C2F228
:1033C0000000C0E900554CF2F800C2F200000560B0
:1033D0004EF64C50C2F2000005604EF66840C2F254
:1033E000000005604DF29820C2F20000C0E9002103
:1033F0004EF61C504FF46171C2F2000001604CF2B5
:10340000BC00C2F2000005604EF67C40C2F2000033
:1034100005604EF60C50C2F2000005604DF6B87023
:10342000C2F20000C0E90055C0E90255C0E90455E8
:103430004EF61850C2F2000005604EF66040C2F22F
:10344000000005604EF66440C2F2000005604DF6D3
:103450000070C2F20000C0E90055C0E90255C0E9A1
:1034600004554DF27020C2F20000C0E900554EF63E
:103470007440C2F2000005604EF67840C2F20000CF
:1034800005604DF20020C2F20000C0E90055C0E91D
:103490000255C0E904554CF2D000C2F2000005709C
:1034A0004EF6A040C2F2000005604EF25820C2F273
:1034B0000000057040F20C40C2F20000046040F2CF
:1034C0001040C2F20000046070BD00000000000067
:1034D00082B049F600004EF21004C1F6F07001907F
:1034E000CEF20004012080F310880025256065607D
:1034F000A560FEF7A5FF4FF0FF3000BF04EB85018C
:103500000135082DC1F87001C1F87002F6D1002014
:1035100080F3108801994968019A126882F308883B
:1035200080F31488884700BFFEE700000000000019
:10353000B0B511F5803F17D140F20041C4F202014D
:10354000884264D00021C4F20201884240F0B88071
:1035500044F28040C5F60200016841F001010160BB
:10356000016821F001015DE045F6607240F2000C57
:10357000C0F60102C4F2020C6045535C1A5822F0F6
:1035800001021A5008BF00294FD00CF58063984201
:1035900008BF00294CD0604508BF01294BD0984294
:1035A00008BF01294AD0604508BF022949D0984286
:1035B00008BF022948D0604508BF032947D0984278
:1035C00008BF032946D0604508BF042945D098426A
:1035D00008BF042944D0604508BF052943D098425C
:1035E00008BF052942D0604508BF062941D098424E
:1035F00008BF062940D080EA0C0E81F007020CF5C6
:10360000976552EA0E0208BF0CF1B80536E044F2A5
:103610008040C5F60200016841F0020101600168C6
:1036200021F0020101600020B0BD0CF1100525E081
:103630000CF5826522E00CF128051FE00CF585658C
:103640001CE00CF1400519E00CF5886516E00CF162
:10365000580513E00CF58B6510E00CF170050DE0DA
:103660000CF58E650AE00CF1880507E00CF5916514
:1036700004E00CF1A00501E00CF594650CEB81036E
:10368000002203F502642A606A606045AA6008BFF0
:1036900003F50064EA602A614FF021026A61226842
:1036A00022F0FF02226069B10139062908D8DFE85B
:1036B00001F0040D101315181B004FF4746102E0A3
:1036C0000120B0BD3F2181600020B0BD4FF47C11CE
:1036D000F9E74FF07461F6E73F2107E04FF47461BA
:1036E00004E04FF47C1101E04FF07461C1600020F0
:1036F000B0BD0000000000002DE9F0410B6893FA16
:10370000A3F2B2FA82F233FA02F558D04FF0010C6C
:1037100019E005FB05F74E69D0F824E07F437E43AE
:10372000C7EB07152EEA0507374347624F68E643A4
:1037300005687B4305EA06073B43036001320B68DB
:1037400033FA02F73BD00CFA02F513EA050EF5D076
:103750004D686C1E012C13D80EFB0EF4D0F80880B7
:103760008F6804EB44067C4328EA0606CF6834439E
:103770008460446807FB03F624EA03033343436091
:103780000EFB0EF30E69C768022D03FB06F603EB72
:10379000430427EA040747EA0605C560C6D15FEA85
:1037A0001E25B6D103FB03F74E69D0F820E07E4317
:1037B000C7EB07152EEA050737430762B6E7002077
:1037C000BDE8F0810000000080B544F2004EC5F66F
:1037D000020EDEF8282002F00302022A0AD0012A93
:1037E0000ED022B9DEF80020520700F1AA804FF077
:1037F000000C0EE0DEF800204FF0FA73920306E0B2
:10380000DEF8002040F60013D205C0F23D0303EAC3
:10381000E27C00228260C0E90022DEF82830DEF877
:103820003020DEF82C10C907C3F3051379D19FEDC2
:103830004A0A002B00F084806FF35F22DEF82C1020
:10384000C90302F1010220D501EE10CA02EE103ABE
:1038500003EE102ADEF83010C1F34621B8EE411A0B
:10386000B8EE422A0131B8EE433A81EE021A30EE48
:10387000032A21EE021A02EE101AB8EE422A81EE55
:10388000021ABCEEC11A80ED001ADEF82C10890372
:1038900020D501EE10CA02EE103A03EE102ADEF82F
:1038A0003010C1F30641B8EE411AB8EE422A013198
:1038B000B8EE433A81EE021A30EE032A21EE021AE4
:1038C00002EE101AB8EE422A81EE021ABCEEC11ABC
:1038D00080ED011ADEF82C10490358BF80BD01EEBF
:1038E00010CA02EE103A03EE102ADEF83010C1F3CF
:1038F0000661B8EE411AB8EE422A0131B8EE433AF9
:1039000081EE021A30EE030A21EE000A01EE101ACF
:10391000B8EE411A80EE010ABCEEC00A80ED020A40
:1039200080BDDEF834109FED0D1AC1F3CC0100EE1E
:10393000101AB8EE400A20EE010A002B7FF47CAF8B
:1039400080BDDEF8002049F20003C0F2D033C2F39C
:10395000C10223FA02FC5CE700000000000000390D
:1039600080B544F2004EC5F6020EDEF8282002F0C3
:103970000302022A0AD0012A0ED022B9DEF8002062
:10398000520700F1AA804FF0000C0EE0DEF8002094
:103990004FF0FA73920306E0DEF8002040F60013C1
:1039A000D205C0F23D0303EAE27C00228260C0E956
:1039B0000022DEF82830DEF83820DEF82C10C906A8
:1039C000C3F3053379D49FED4A0A002B00F08480BD
:1039D0006FF35F22DEF82C10090302F1010220D5FB
:1039E00001EE10CA02EE103A03EE102ADEF838108B
:1039F000C1F34621B8EE411AB8EE422A0131B8EEC1
:103A0000433A81EE021A30EE032A21EE021A02EE48
:103A1000101AB8EE422A81EE021ABCEEC11A80EDED
:103A2000001ADEF82C10C90220D501EE10CA02EEF1
:103A3000103A03EE102ADEF83810C1F30641B8EE52
:103A4000411AB8EE422A0131B8EE433A81EE021A29
:103A500030EE032A21EE021A02EE101AB8EE422AC4
:103A600081EE021ABCEEC11A80ED011ADEF82C10AC
:103A7000890258BF80BD01EE10CA02EE103A03EE73
:103A8000102ADEF83810C1F30661B8EE411AB8EE1C
:103A9000422A0131B8EE433A81EE021A30EE030AAF
:103AA00021EE000A01EE101AB8EE411A80EE010A6A
:103AB000BCEEC00A80ED020A80BDDEF83C109FED2E
:103AC0000D1AC1F3CC0100EE101AB8EE400A20EE38
:103AD000010A002B7FF47CAF80BDDEF8002049F2A4
:103AE0000003C0F2D033C2F3C10223FA02FC5CE748
:103AF000000000000000003910B544F20044C5F693
:103B00000204A26A02F00302022A09D0012A0CD0A0
:103B10001AB92268520700F19E804FF0000E0CE0A7
:103B200022684FF0FA73920305E0226840F6001312
:103B3000D205C0F23D0303EAE27E00228260C0E9C2
:103B40000022A36A226CE16AC905C3F3055302D4BB
:103B50009FED460A0AE0616C9FED451AC1F3CC0166
:103B600000EE101AB8EE400A20EE010A002B18BF32
:103B7000BEF1000F00D110BD6FF35F22E16A490270
:103B800002F1010C1FD501EE10EA02EE103A03EE2D
:103B900010CA216CC1F34621B8EE411AB8EE422A90
:103BA0000131B8EE433A81EE021A30EE032A21EEDB
:103BB000021A02EE101AB8EE422A81EE021ABCEE88
:103BC000C11A80ED001AE16A09021FD501EE10EA60
:103BD00002EE103A03EE10CA216CC1F30641B8EEB2
:103BE000411AB8EE422A0131B8EE433A81EE021A88
:103BF00030EE032A21EE021A02EE101AB8EE422A23
:103C000081EE021ABCEEC11A80ED011AE16AC90107
:103C100058BF10BD01EE10EA02EE103A03EE10CAD2
:103C2000216CC1F30661B8EE411AB8EE422A0131A7
:103C3000B8EE433A81EE021A30EE030A21EE000A92
:103C400001EE101AB8EE411A80EE010ABCEEC00A6D
:103C500080ED020A10BD226849F20003C0F2D033A1
:103C6000C2F3C10223FA02FE67E700BF00000000B2
:103C7000000000390000000010B584B040F244217B
:103C80000246C0F30423C0F2580161F31F2244F23C
:103C90000044010EC5F60204D26C99401140D9408F
:103CA00040EA01410720C0F2037081424FF000005A
:103CB00017DC40F20732C0F20172914228DC082280
:103CC000C0F20072914271D040F20832C0F200722C
:103CD000914200F07E800822C0F20172914255D0DC
:103CE00052E040F20732C0F20472914228DC08220E
:103CF000C0F2037291423BD040F20832C0F203722C
:103D0000914235D00822C0F20472914244D03BE087
:103D100040F20832C0F20172914237D00822C0F25C
:103D20000272914205D040F20832C0F20272914212
:103D30002AD1206880002CD501A8FFF7DDFE5EE0C7
:103D400040F20832C0F20472914225D00822C0F23B
:103D50000572914205D040F20832C0F205729142DC
:103D600012D1206F4FF4004101EA803004B010BD41
:103D7000206840070DD5206849F20001C0F2D0311B
:103D8000C0F3C10021FA00F004B010BD20680001AA
:103D900032D4002004B010BD206840F60011C005E8
:103DA000C0F23D0101EAE07004B010BD2069C0F32B
:103DB000C200032826D8DFE800F002272C2F206855
:103DC00049F20001C0F2D031C0F3C10021FA00F085
:103DD00026E02069C0F3C20003283DD8DFE800F0E8
:103DE000022F3437206849F20001C0F2D031C0F30D
:103DF000C10021FA00F030E001A8FFF7B1FD029800
:103E000004B010BD00200BE040F60010C0F23D00F1
:103E100006E04FF0FA7003E001A8FFF7D5FC019827
:103E2000A16945F62C52C0F60102A369C1F3032132
:103E3000E46903F00F03C4F30214515C1BE040F685
:103E40000010C0F23D0008E04FF0FA7005E001A854
:103E5000FFF7BAFC019800E00020A16945F62C525A
:103E6000C0F60102A369C1F30321E46903F00F0363
:103E7000C4F30224515CD35C125D01F01F01C84001
:103E800003F01F01C84002F01F01C84004B010BD7C
:103E900040F20041C2F200010860704700000000DB
:103EA00041F6FF320146C4F2000290424FF0010099
:103EB00025DC40F6FF32C4F20002914245DD41F2BA
:103EC000FF32C4F2000291427CDC40F60042C4F2B0
:103ED0000002914200F0A78041F20002C4F2000209
:103EE000914240F0058144F29040C5F6020001681D
:103EF00041F010010160016821F01001E8E040F29A
:103F0000FF32C4F2010291423DDD44F2FF32C4F2BD
:103F1000010291426FDC40F20042C4F20102914280
:103F200000F08D8044F20002C4F20102914240F0A0
:103F3000DF8044F29040C5F60200816841F4803190
:103F40008160816821F4803184E0B1F1804F00F01C
:103F5000848040F20042C4F20002914200F0898065
:103F600040F60002C4F20002914240F0C18044F2E7
:103F70009040C5F60200016841F00401016001684B
:103F800021F00401A4E041F60042C4F20002914293
:103F90007BD042F20002C4F20002914200F0818024
:103FA0000022C4F20102914240F0A28044F290400B
:103FB000C5F60200816841F001018160816821F04D
:103FC000010147E041F20042C4F20002914274D084
:103FD00041F60002C4F20002914240F0898044F2AE
:103FE0009040C5F60200016841F04001016001689F
:103FF00021F040016CE044F20042C4F2010291421F
:1040000069D044F60002C4F20102914270D144F238
:104010009040C5F60200816841F48021816081688A
:1040200021F4802116E044F29040C5F602000168B8
:1040300041F008010160016821F0080148E044F204
:104040009040C5F60200816841F0020181608168FC
:1040500021F0020181600020704744F29040C5F6D3
:104060000200016841F001010160016821F00101D5
:104070002EE044F29040C5F60200016841F00201D2
:104080000160016821F0020122E044F29040C5F68F
:104090000200016841F080010160016821F08001A7
:1040A00016E044F29040C5F60200016841F48071C8
:1040B0000160016821F480710AE044F29040C5F685
:1040C0000200016841F020010160016821F0200137
:1040D00001600020704744F29040C5F602008168FC
:1040E00041F400318160816821F400318160002059
:1040F000704700000000000040F6FF330246C4F2A3
:104100000003984200680FDCB2F1804F1DD040F2EE
:104110000043C4F200039A4217D040F60003C4F2F1
:1041200000039A4211D014E040F60043C4F20003A9
:104130009A420AD040F20043C4F201039A4204D0EA
:104140000023C4F201039A4203D120F070004B68AF
:1041500018434FF6FF7343F6FF7CC4F20003C4F22A
:10416000010C9A4210DD62451ADD44F20003C4F2EC
:1041700001039A422CD044F60003C4F201039A4290
:1041800026D044F2004312E040F2FF73C4F2000371
:104190009A4211DCB2F1804F1AD040F2004313E092
:1041A0000023C4F201039A4212D040F20043C4F249
:1041B00001039A420CD00FE040F60003C4F2000362
:1041C0009A4205D040F60043C4F200039A4203D15C
:1041D00020F44070CB681843106062458868D06254
:1041E000088890620EDD44F20000C4F201008242B1
:1041F00013D044F60000C4F2010082420DD044F214
:10420000004006E00020C4F20100824205D040F2E6
:104210000040C4F20100824201D108691063516973
:10422000002041F0010151617047000000000000D2
:1042300047F2FF720146C4F2000290424FF00100C3
:104240001DDC44F6FF32C4F20002914235DC44F238
:104250000042C4F2000291425FD044F60002C4F270
:104260000002914272D144F29040C5F6020001680A
:1042700041F480210160016821F4802172E040F660
:10428000FF72C4F2010291422FDC47F60002C4F231
:10429000000291424DD047F60042C4F20002914222
:1042A00054D144F29040C5F60200016841F000414B
:1042B0000160016821F0004154E044F60042C4F27C
:1042C0000002914243D045F20002C4F20002914242
:1042D0003CD144F29040C5F60200016841F48011DF
:1042E0000160016821F480113CE041F20042C4F217
:1042F0000102914239D041F20002C4F2010291421E
:1043000024D144F29040C5F60200816841F01001CA
:104310008160816821F0100132E044F29040C5F6DE
:104320000200016841F400310160016821F40031AC
:1043300018E044F29040C5F60200016841F0804167
:104340000160016821F0804101600020704744F263
:104350009040C5F60200016841F400210160016847
:1043600021F4002101600020704744F29040C5F61E
:104370000200816841F020018160816821F0200104
:104380008160002070470000B0B504460068C00797
:1043900035D10D4646F6F31105F108032068CEF637
:1043A000FF7108400ECB084369691843EB69084365
:1043B00018432060616847F2FF7321F440510820E0
:1043C00011436160A969A26822F44072C4F200033B
:1043D000C0F2007011439C42A1604FF0000110DC5C
:1043E00044F6FF32C4F20002944219DC44F2004267
:1043F000C4F20002944249D044F6000218E00120C1
:10440000B0BD40F6FF72C4F20102944230DC47F6C0
:104410000002C4F20002944238D047F6004207E09E
:1044200044F60042C4F2000294422FD045F200024A
:10443000C4F20002944229D069B3686868B32A685C
:104440000B2A32D8D2B21DA353F82220B1FBF2F1CD
:10445000EA69B2F5004F22D1490001EB5001B1FBEE
:10446000F0F04FF6F0710140C0F3420008441BE049
:1044700041F2000200F54070C4F20102944205D0FE
:1044800041F20042C4F201029442D5D1FFF7F4FB9D
:1044900001460029D1D1012008E0012006E001EB0E
:1044A0005001B1FBF0F080B2E06000202988E26AA0
:1044B00022F00F021143E162B0BD00BF0100000015
:1044C00002000000040000000600000008000000D8
:1044D0000A0000000C000000100000002000000096
:1044E000400000008000000000010000000000000B
:1044F0002DE9F04784B0FDF723FF0120ADF800005F
:104500004FF01050019012208DF808004FF4807089
:10451000ADF809000020EA46C0F2011003905046B1
:104520004FF003098DF80B90FDF7DAFE40F2011011
:10453000ADF800004FF0C04001904FF08070039044
:1045400050464FF00F088DF8088000278DF80B902B
:10455000ADF80970FDF7C4FE40F20120ADF800008F
:104560004FF040500190504610258DF808504FF400
:1045700080368DF80B90ADF809700396FDF7B0FE0C
:1045800040F20130ADF8000000245046C3F20204AE
:1045900001948DF808508DF80B90ADF809700396D2
:1045A000FDF79EFE40F20140ADF8000004F500303A
:1045B00001900E208DF8080050468DF80B90ADF854
:1045C00009700396FDF78CFE40F20150ADF8000033
:1045D0004FF06050019050468DF808808DF80B9098
:1045E000ADF809700396FDF77BFE0420FDF7B8FED9
:1045F00004B0BDE8F087000082B044F2D8404EF627
:104600000C5CC5F60200CEF2000C4EF20013002244
:104610000168CEF2000341F001010160016801F080
:10462000010100910099016841F0020101600068F8
:1046300000F0020001900198DCF800104EF20B41EE
:104640004FF40060CEF200010A701860DCF8000040
:104650004A704FF480501860DCF800008A704FF404
:1046600000501860DCF80000CA704FF480401860F9
:10467000DCF8000081F82D204FF080705860DCF8E5
:10468000000081F82F204FF080605860DCF80000B7
:1046900081F830204FF00060586002B07047000091
:1046A000F0B587B044F2E0400026C5F602000024D1
:1046B000CDE90466CDE90266CDE900660168C5F67C
:1046C000020441F08001016001686D4601F0800143
:1046D00006910699016841F0010101600168012716
:1046E00001F0010106910699016841F01001016095
:1046F000016801F0100106910699016841F002017C
:10470000016000684FF0807100F00200069006988A
:104710004FF48010A06141F21800C5F6020001605C
:104720004FF40000C4F818041020009020462946D9
:10473000CDE90176CDE90367FEF7DEFF4FF4807027
:104740002946CDE9000704F580500497CDE90266BB
:10475000FEF7D2FF80202946CDE9000704F58060EE
:104760000497CDE90266FEF7C7FF07B0F0BD000071
:10477000F0B585B04EF6A85066A1C2F20000002246
:1047800000230EF079FF4EF2B80063A1C2F20000E0
:10479000002200230EF070FF48F224405FA1C2F215
:1047A0000100002200230EF067FF4EF2D4205CA12E
:1047B000C2F20000002200230EF05EFF4CF2A04087
:1047C00058A1C2F20000002200230EF055FF4EF265
:1047D0006C3448F20020C2F2000443F66142C2F297
:1047E00001000090802001900A2002904FA1C0F2A9
:1047F000000200232046052503950FF0B1F820465E
:104800000FF062F94CF2C04447F2F010C2F200041B
:1048100042F62932C2F2010000900920029046A11E
:10482000C0F20002002320464FF400670197039571
:104830000FF096F820460FF047F940F2985446F2F0
:10484000E850C2F2000440F6F152C2F201003EA16B
:10485000CDE9000706200290C0F2000200232046A6
:104860001E2603960FF07CF820460FF02DF94EF22D
:10487000F42447F6F410C2F2000443F6A122C2F277
:10488000010034A1CDE9000704200290C0F200022B
:1048900000231420039020460FF062F820460FF00A
:1048A00013F94CF2385446F6F050C2F2000443F2C9
:1048B0005912C2F2010000904FF48060019008206C
:1048C000029028A1C0F2000200233220039020466B
:1048D0000FF046F820460FF0F7F840F200544EF67D
:1048E000E850C2F2000440F2C122C2F2000000907F
:1048F0004FF4F0401EA1CDE90105C0F200020023F3
:10490000204603960FF02CF820460FF0DDF805B096
:10491000F0BD00BF707073006770730073796E0034
:10492000696D750064656275670000004C45445F01
:104930007461736B00000000646562756772656383
:104940005F7461736B0000004750535F7461736B59
:1049500000000000696D75646174615F7461736B60
:104960000000000064656275675F7461736B00002E
:1049700043616C635F7461736B00000000000000B2
:1049800010B54EF2F00443F20000C2F20004C4F28B
:104990000100072120604FF4800060600020A060CB
:1049A000C4E9031060614FF08061A1614FF0405194
:1049B000C4E90710C4E90900E0624FF08040606379
:1049C00004F138002421FBF7AEFF2046FDF720FF5D
:1049D000002808BF10BDFDF74BF810BD0000000017
:1049E00010B586B044F2E8410020C5F602010490FB
:1049F000CDE90200CDE900000A684FF0804442F0A2
:104A000001020A6009684EF2001201F001010591ED
:104A100005994EF60C51CEF20001CEF20002096863
:104A200082F81C034FF08051116040F6FF01ADF891
:104A3000001001907C21CDE9021069464FF08040C2
:104A4000FFF75AFB20684BF6F87220F080002060D8
:104A50000820CFF6FE72C4F2000001681140016028
:104A600050F8041C21F0700140F8041C016821F08A
:104A700080010160416841F00101416006B010BD54
:104A800070B590B040F210450021C4F20205A5F1C6
:104A90001000FEF74DFD00BF2868C007FCD144F2AE
:104AA000E0400026C5F6020045F20004CDE90D669F
:104AB000CDE90B66CDE90966CDE90766CDE9056666
:104AC000CDE90366CDE9016650F88C1CC4F2000400
:104AD00021F0070140F88C1C816841F4801181604D
:104AE000816801F480110F910F99016841F0020172
:104AF0000160006801A900F002000F900F984FF4C8
:104B0000405001900220CDE902060E20069040F2AE
:104B100000400496C5F602000596FEF7EDFD40F64E
:104B200004004122C4F20200016862F3070101603F
:104B30004FF61841CFF6FF716A5822F0C0026A5052
:104B40006A5822F440326A506A5822F490726A50CD
:104B50006A5822F400726A506A5842F480626A50BD
:104B60006A5822F4C0526A506A5822F4C0426A500D
:104B70004FF62C41CFF6FF716A5822F004026A50BA
:104B8000C169422262F30701C1612868012161F312
:104B900087102860286807A920F44030286028681A
:104BA00020F490702860286820F40070286028683D
:104BB00040F480602860286820F4C050286028688D
:104BC00020F4C0402860686920F0040068614FF458
:104BD000E1300796CDE908060C200E96CDE90C06CB
:104BE0002046CDE90A66FFF7CFFB206820F0005091
:104BF000206045F20800C4F2000000BF50E8001F2A
:104C000021F0604140E80012002AF7D150E8001F6F
:104C100021F0606140E80012002AF7D1606820F4BA
:104C200090406060A06820F02A00A060206840F0FA
:104C300001002060E0698002FCD5E0694002F9D5FE
:104C400010B070BD000000002DE9F04790B047F6AD
:104C500000041027C4F20004002104F5C430C4F29B
:104C60000207FEF765FC00BF3868C007FCD144F2BC
:104C7000E0400025C5F6020040F20008CDE90D55E0
:104C8000CDE90B55CDE90955CDE90755CDE90555D8
:104C9000CDE90355CDE9015550F88C1CC5F6020845
:104CA00021F0070140F88C1C816801AE41F0804181
:104CB000816081684FF0020901F080410F910F99E6
:104CC000016841F01001016001684FF0010A01F034
:104CD00010010F910F99016841F001010160006816
:104CE000314600F001000F900F98802001900720BE
:104CF000069008F58050CDE902950495CDF814A0F2
:104D0000FEF7FAFC4FF400403146CDE901090B20D3
:104D100006904046CDF814A0CDE90355FEF7ECFC13
:104D2000D7F8F0074F2161F30700C7F8F00738689C
:104D30004EF2524120F0C00038603868CEF20001D7
:104D400020F440303860386820F49070386038685B
:104D500020F400703860386840F48060386038684B
:104D600020F4C0503860386820F4C040386078695A
:104D700020F0040078614EF60C50CEF2000000687E
:104D80004EF20810CEF200000D704FF48021016049
:104D900004F12400B86040F2000047F60805C3F2B1
:104DA000000040210430F8607868C4F2000561F327
:104DB0000F00786055E8000F40F0400045E8000122
:104DC0000029F7D138684FF4612140F001003860C4
:104DD0000020079008914FF48051CDE909104FF45D
:104DE00080610B910C210E90CDE90C1007A9204693
:104DF000FFF7CAFA206820F00050206055E8000F45
:104E000020F0604045E800010029F7D155E8000F87
:104E100020F0606045E800010029F7D1606820219A
:104E200020F490406060A06820F02A00A0606069D3
:104E300061F317006061606840F400006060206802
:104E400040F00100206000BFE0698002FCD5E0690D
:104E50004002F9D54020206210B0BDE8F087000084
:104E6000F0B58FB044F200444026C4F200040221A1
:104E700004F5DE35C4F202062846FEF759FB00BFF2
:104E80003068C007FCD103212846FEF751FB00BF64
:104E9000B069C007FCD144F2E0400025C5F602002D
:104EA0000127CDE90C55CDE90A55CDE90855CDE9E5
:104EB0000655CDE90455CDE90255CDE9005550F828
:104EC0008C1C21F0070140F88C1C816841F40031F2
:104ED0008160816801F400310E910E99016841F002
:104EE000010101600068694600F001000E900E9813
:104EF0000C2000900220CDE901050720059000203C
:104F00000395C5F602000497FEF7F6FBD6F8C8072E
:104F10002B2161F30700C6F8C80730682C2220F067
:104F2000C0003060306820F440303060306820F4D9
:104F300090703060306820F400703060306840F469
:104F400080603060306820F4C0503060306820F4F9
:104F5000C0403060706920F00400706140F60C00C1
:104F6000C4F20200016862F307010160B0694EF209
:104F7000264167F38710B061B069CEF2000120F4DA
:104F80004030B061B06920F49070B061B06920F435
:104F90000070B061B06940F48060B061B06920F425
:104FA000C050B061B06920F4C040B061F06A20F038
:104FB0000400F0624EF60C50CEF2000000684EF293
:104FC0000410CEF200000D704021016004F12400B5
:104FD000B06040F2181044F20845C3F20000F060DF
:104FE00070684FF4806161F30F00C4F200057060D7
:104FF00055E8000F40F0400045E800010029F7D1D6
:1050000030684FF4E13140F001003060002006903C
:10501000CDE90710CDE909000C210D90CDE90B1069
:1050200006A92046FFF7B0F955E8000F20F06040D0
:1050300045E800010029F7D155E8000F20F0606035
:1050400045E800010029F7D12068402120F00050F8
:105050002060606820F490406060A06820F02A0022
:10506000A060606961F317006061606840F400004F
:105070006060206840F00100206000BFE0698002AD
:10508000FCD5E0694002F9D5402020620FB0F0BDA8
:10509000F0B58FB044F6000440F24046C4F200047C
:1050A000022104F5DE35C4F202062846FEF740FA76
:1050B0003068C007FCD103212846FEF739FA00BF4B
:1050C000B069C007FCD144F2E0400025C5F60200FB
:1050D0000127CDE90C55CDE90A55CDE90855CDE9B3
:1050E0000655CDE90455CDE90255CDE9005550F8F6
:1050F0008C1C21F0070140F88C1C816841F4802150
:105100008160816801F480210E910E99016841F05F
:10511000020101600068694600F002000E900E98DE
:105120004FF4406000900220CDE901050720059072
:1051300040F200400395C5F602000497FEF7DCFA42
:10514000D6F8E8032D2161F30700C6F8E8033068BC
:105150002E2120F0C0003060306820F440303060F4
:10516000306820F490703060306820F40070306057
:10517000306840F480603060306820F4C0503060A7
:10518000306820F4C0403060706920F00400706125
:10519000D6F8EC0361F30700C6F8EC03B0694EF2F1
:1051A000274167F38710B061B069CEF2000120F4A7
:1051B0004030B061B06920F49070B061B06920F403
:1051C0000070B061B06940F48060B061B06920F4F3
:1051D000C050B061B06920F4C040B061F06A20F006
:1051E0000400F0624EF60C50CEF2000000684EF261
:1051F0000410CEF200000D708021016004F1240043
:10520000B06040F2185044F60805C3F20000F060A8
:1052100070684FF4806161F30F00C4F200057060A4
:1052200055E8000F40F0400045E800010029F7D1A3
:1052300030684FF4E13140F001003060002006900A
:10524000CDE90710CDE909000C210D90CDE90B1037
:1052500006A92046FFF798F855E8000F20F06040B7
:1052600045E800010029F7D155E8000F20F0606003
:1052700045E800010029F7D12068402120F00050C6
:105280002060606820F490406060A06820F02A00F0
:10529000A060606961F317006061606840F400001D
:1052A0006060206840F00100206000BFE06980027B
:1052B000FCD5E0694002F9D5402020620FB0F0BD76
:1052C000FEE7000000000000016840F26F32D1F8F4
:1052D00014C08B6943F008038B618B6943F01003A2
:1052E0008B610B6823F001030B600B6923EA020258
:1052F0000A618A6822F440428A6090F88120042A78
:1053000018BF1CF0200209D0D0F8842042F080029F
:10531000C0F884208A6942F020028A6190F88120D6
:10532000032A18BF1CF0400215D15FEA8C521FD42B
:105330005FEACC5209D5D0F8842042F00802C0F8C8
:1053400084208A6942F480728A610021A0F8621088
:10535000A0F86A107047D0F8842042F00402C0F828
:1053600084208A6942F040028A615FEA8C52DFD56C
:10537000D0F8842042F00102C0F884208A6942F407
:1053800000728A615FEACC52DFD5D4E700000000EA
:105390004EF6A4404EF68441C2F20000C2F2000173
:1053A0004EF6F4424EF6FC4300680968C2F2000271
:1053B000C2F2000390FBF1F1B7EE001B0129D8BF48
:1053C000012112681A604EF6505242F24043C2F276
:1053D0000002C2F2000390FBF1F01268186000EEC8
:1053E000100A90FBF2F240F2F040C2F20000B8EE78
:1053F000C00B016040F2F44081EE000BC2F20000ED
:10540000026040F2F840C2F2000080ED000B7047ED
:1054100080B50EF005F80EF0FFFB0EF011F880BD20
:1054200080B542F200000422C5F20020016862F358
:1054300003010160016801F00F010429FAD144F66B
:105440000C010222C5F60201086862F3020008603E
:1054500044F21840CA68C5F6020042F44042CA60ED
:1054600050F8181C41F4803140F8181C50F8181CF2
:105470008903FBD50169022262F3010101614169DF
:1054800041F480314161416962F3830141614169C5
:10549000082221F002014161016962F309110161F1
:1054A0008169E02262F3080181618169012262F36E
:1054B0004F218161816962F316418161816962F3E3
:1054C0001E61816150F8181C41F0807140F8181C71
:1054D00050F8181C8901FBD50168082262F303010A
:1054E000016050F8081C032262F3020140F8081C16
:1054F00050F8081C01F038011829F9D10168082278
:1055000021F470610160016862F303010160416888
:10551000042262F306114160416862F30A2141608E
:10552000016862F306110160816862F3061181600F
:1055300044F20000C1F67730FEF7AAFC0F20FCF71A
:105540007BFE002808BF80BDEFF3108072B600001C
:1055500044F20040C5F602000169C1F3C202032A09
:1055600011D840F60011C0F23D01DFE802F0026CF4
:105570001619016849F20002C0F2D032C1F3C1012C
:1055800022FA01F15FE0016849F20002C0F2D03274
:10559000C1F3C10122FA01F155E04FF0FA7152E076
:1055A000826A816AC1F3051CC16ABCF1000F436BBA
:1055B0001DD0C3F3CC0301F00101594302F00302F3
:1055C000022A00EE101AB8EE400A12D0012A13D0B7
:1055D0000168002A49F20002C1F3C101C0F2D032D1
:1055E00022FA01F101EE101AB8EE411A06E000218C
:1055F00029E09FED241A01E09FED211A016B9FED38
:10560000223A6FF35F2102EE101A016BC1F34621BB
:10561000B8EE422A013100EE032A00EE10CAB7EEBE
:10562000003AB8EE400A81EE000A32EE031A20EE8C
:10563000010A01EE101AB8EE411A80EE010ABCEE22
:10564000C00A10EE101A826945F61C53C0F6010319
:105650008069C2F3032200F00F009A5C185CD1400D
:1056600040F20442C2F2000200F01F0021FA00F0F2
:10567000106040F20040C2F200000160704700BFBD
:105680000024744A0000FA4B0000003900000000BA
:1056900080B54EF6885C42F2000ECEF2000CC5F2E8
:1056A000002EDCF8001041F47001CCF80010DEF898
:1056B000001001F00F01062906D8DEF800100722BD
:1056C00062F30301CEF8001044F200414EF67F531E
:1056D000C5F60201CEF6F6230A6842F001020A601E
:1056E00000220A61086818400860DEF80000000720
:1056F00006D5DEF80000072363F30300CEF80000B0
:1057000040F200208A61CA61C0F202200A62886207
:105710000020C0F2FF10C86240F28020C0F20110E9
:1057200008634A638863CA6308644A64086820F4AB
:105730008020086041F200000A66C5F6004000685B
:10574000B2EB507F05D148F208100121C5F20010DC
:10575000016044F2000043F2D201C5F20020016072
:105760004FF000604CF8800C80BD0000000000008D
:10577000B0B51024C4F200040DF052FE2068C0073A
:1057800014D042F2C045C2F20005287801302870DA
:105790000EF04FFF2878C00705D04CF2FC00012125
:1057A000C2F2000001706FF0010020600DF048FEB1
:1057B000B0BD00000000000080B54EF27810C2F2CB
:1057C0000000FDF725FB80BD10B540F6FF32C4F2A6
:1057D0000002904202680FDCB0F1804F1DD040F211
:1057E0000043C4F20003984217D040F60003C4F20D
:1057F0000003984211D014E040F60043C4F20003C5
:1058000098420AD040F20043C4F20103984204D007
:105810000023C4F20103984203D122F070024B68C6
:105820001A434FF6FF7343F6FF7CC4F20003C4F241
:10583000010C984210DD60451ADD44F20003C4F209
:10584000010398422CD044F60003C4F201039842AD
:1058500026D044F2004312E040F2FF73C4F200038A
:10586000984211DCB0F1804F1AD040F2004313E0AF
:105870000023C4F20103984212D040F20043C4F264
:10588000010398420CD00FE040F60003C4F200037D
:10589000984205D040F60043C4F20003984203D179
:1058A00022F44072CB681A4322F080024C696045B2
:1058B000D1F800E08B6842EA04020260C362C0F8DB
:1058C00028E00EDD44F20002C4F20102904213D03F
:1058D00044F60002C4F2010290420DD044F20042AC
:1058E00006E00022C4F20102904205D040F20042DC
:1058F000C4F20102904201D10969016301214161B1
:1059000010BD00000000000080B50DF089FD00F022
:10591000C7FC0DF095FD80BD80B50DF081FD00F058
:10592000D3FB0DF08DFD80BD80B50DF079FD00F04D
:105930003FFC0DF085FD80BD2DE9F04381B02DEDDC
:10594000108BC4B04CF2682841F26005C2F2000826
:10595000C2F200459FED048BA8F108002A1F012127
:1059600006E000BF00BF00BF399D52A246DF913F55
:1059700092ED010A00F10803B7EEC00A04320139C2
:1059800020EE080B80ED020B1846F1D040F2387182
:105990002B1DC2F200010320A1F1080293ED010AC0
:1059A00002F10807B7EEC00A0433013820EE080BF5
:1059B00082ED020B3A46F1D195ED460A0EACB7EEF8
:1059C000C00A204691ED041B20EE080B8DED100B54
:1059D00030EE010B91ED001B8DED0E1BB1EE400B77
:1059E00081ED000B81ED041B0EF028FE42F2C84051
:1059F0000322C2F2000021460EF025FE4DF6507043
:105A000005F1BC02C2F20000A0F10801092000BFAC
:105A100092ED010A01F10803B7EEC00A0432013821
:105A200081ED020B1946F3D14CF2B80095ED050A51
:105A3000C2F20000BDEEC00A4DF2802195ED061ABB
:105A400095ED072A80ED000A4EF66C40C2F2000187
:105A500095ED083AC2F20000BDEEC10A4EF60854B8
:105A6000B7EEC21A002781ED001BB7EEC31A07601C
:105A7000C2F200044DF2782095ED092AC2F200002E
:105A800021EE081B4EF6485984ED000AB7EEC20A13
:105A900080ED001B4DF2882095ED0E3A20EE080BAC
:105AA000C2F20000BDEEC33A95ED0C1A80ED000B7A
:105AB0004DF2A02095ED0B0A95ED0D2AC2F20000E3
:105AC000B7EEC00A4EF64C51B7EEC11AC2F2000949
:105AD000B7EEC22AC2F2000180ED000B80ED021B7E
:105AE00080ED042B13EE100A95ED0F0A95ED101AB8
:105AF00095ED112AB7EEC00A002602284FF00302E6
:105B000088BF002020EE080BC3F6F076C9F800002D
:105B100095ED1B9A08604DF29020C2F2000095EDC1
:105B20001CAAB7EEC9CA95ED1E9A80ED000B4EF681
:105B30002C50BDEEC10AC2F2000040F2805195ED3A
:105B4000123ABDEEC28A80ED000A4EF6E440C2F27F
:105B5000000095ED1DBAB7EECAEA95ED1FAAB7EEA3
:105B6000C99AC2F20001B7EEC30A95ED131A95ED7A
:105B7000143AB7EECBFA95ED20BA80ED008A8DEDA0
:105B80000C9BB7EECA9A40F25070B7EEC12A95ED61
:105B9000154AB7EEC31A95ED163A95ED176AC2F29B
:105BA00000008DED0A9B81ED00CB95ED21CAB7EE8B
:105BB000CB9A81ED02EB95ED22EAB7EEC45AB7EE2F
:105BC000C34A95ED187AB7EEC63A95ED196A8DED90
:105BD000089BB7EECC9AD5ED1A6AB7EECE8A95ED52
:105BE00024EAB7EEC7DA2196B7EEC67A20978DED94
:105BF000069B8DED048B95ED238AB7EECE9AD5EDFD
:105C0000258AB7EEE66A8DED245B95ED265A299636
:105C100080ED000B95ED2A0AB7EEC5EA80ED022B68
:105C200080ED041B4EF2102095ED295A81ED04FB06
:105C3000B7EEC8FA95ED2C2A8DED029B8DED267BF3
:105C400095ED277AB7EEE88A8DED2A4B95ED284A37
:105C5000B7EEC09A95ED2B0AC2F2000020A9B7EE6C
:105C6000C7CA8DED22DB8DED008B8DED2C6B8DED9C
:105C70002E3BB7EEC4DA2897B7EEC58AB7EEC0AAB6
:105C8000B7EEC2BACDE930760EF0DDFC40F2F0603E
:105C900032A9C2F2000003229DED060B80EC04CB7A
:105CA00080ED048B40F20870C2F200008DED340BE1
:105CB00080EC069B40F22070C2F200009DED040BC8
:105CC0008DED360B9DED020B8DED3C0B9DED000B2C
:105CD0008DED400B9DED0C0B80ED000B9DED0A0B47
:105CE00080ED020B9DED080B80ED040B4EF2C81009
:105CF000C2F20000CDE932768DED38FBCDE93A767F
:105D00008DED3EEBCDE942760EF09DFC95ED420A1D
:105D1000BDEEC00A10EE100A95ED3F0ABDEEC00AB6
:105D2000A0F1410111F1400F4EF6F44138BF40207F
:105D3000C2F2000195ED401ABDEEC11A086010EEE6
:105D4000101A4EF6A440C2F20000A1F241624EF6D3
:105D5000844112F5C86F11EE102AC2F2000180EDE5
:105D6000000A81ED001A02D24FF4C8630360006894
:105D70000A2AACBF904208604CF2E05147F6E1229B
:105D8000C2F2000141F27B43C3F69472C4F2AE73D7
:105D9000C1E90032216848F21F52C5F2EB124CF201
:105DA000982450FB02F295ED3C0A48434EF604510C
:105DB000C2F200015311C2F20004B7EEC00A08603B
:105DC0004EF61051C2F2000103EBD270013848F6D2
:105DD0009D7208604EF6F840C2F200000A21CBF234
:105DE000FF2201604CF2B400C2F20000002188EDF5
:105DF000040B01604DF25020C2F2000045F2A551A3
:105E0000C3F6D461C0E90021C8212046FAF78BFD12
:105E10004CF26030C821C2F20000FAF784FDA4F110
:105E2000080005F58E739FED981B9FED990B9FED74
:105E30009A2B0321024600BF93ED013A02F10807B5
:105E4000B7EEC33A043323EE014BB4EE430BF1EE4D
:105E500010FA32FE043B013982ED023B3A46EBD1A7
:105E60009FED8F1B04F1100105F59473032200BF11
:105E700093ED012A01F10807B7EEC22A043322EE9E
:105E8000013BB4EE420BF1EE10FA31FE032B013A66
:105E900081ED022B3946EBD103210022C0E90E220D
:105EA000C0E9142282660139C26600F10800F5D10A
:105EB0009FED7D1B9FED7E2B4CF2603305F5A270AC
:105EC000D9F800100022C2F20003002713E000BF3F
:105ED00090ED003AB7EEC33A83ED003BB4EE403BA1
:105EE000F1EE10FAB8BFC3E9002601370833032FDB
:105EF00000F1040016D00229EAD00129F5D110EDF5
:105F0000033AB7EEC33AB4EE430BF1EE10FA31FEAA
:105F1000033B022F23EE024B38BFB0EE443B83ED30
:105F2000003BE2E795ED450A4EF68841BDEEC00A1A
:105F3000C2F200014DF69872C2F2000210EE100A91
:105F40009FED5D2B022888BF002095ED2F0A086089
:105F50004EF65050C2F200000221BDEEC00A0160B0
:105F60004AF63020C4F2A810C5F8B8004EF6D44066
:105F7000C2F2000080ED000A95ED590AD5E9390119
:105F80005160BDEEC00A40F254411060C2F20001FF
:105F9000D5F8EC009060A86A086010EE100A4CF288
:105FA000D402C2F20002411E0228B1FA81F14FEA86
:105FB000511111604EF6EC4143F23332B8BF4FF449
:105FC000E170C2F2000195ED430ABDEEC00AC3F6CE
:105FD000F37208604EF62450C2F20000D5F8F410B7
:105FE00095ED551A95ED563A80ED000A4DF6A470E0
:105FF000C2F2000095ED540AB7EEC00A95ED474A8B
:106000000160D5F8F8104160D5F8041181604EF6B2
:106010001C50C2F2000040F68C21B7EEC11A01609C
:106020004DF29820C2F200004FF03331B7EEC33A80
:10603000C0E900124EF6D840012120EE020BC2F258
:10604000000021EE021B23EE022B01604CF2E8500F
:10605000C2F2000080EC060B4EF6A040BDEEC40A72
:10606000C2F2000080ED000A4EF6984095ED570A06
:10607000C2F20000BDEEC00A80ED000A44B0BDECE3
:10608000108B01B0BDE8F0839D8FFFB2A555D43EC3
:10609000F168E388B5F8E43E4BD9328F8444A03EE2
:1060A0005DD3043DB507843F000000000000494077
:1060B000BA0602AC1C0B853E8DEDB5A0F7C6B03E0E
:1060C000FEE7000000000000F0B581B044F21C447F
:1060D000C4F200042068000566D540254FF4006036
:1060E000C4F2020560604EF65C7621222868CEF28A
:1060F000000620F00100286040F21810C3F20000F2
:10610000BFF34F8F014662F35F1100BF203930604B
:10611000202900F12000F9DCBFF34F8FBFF36F8F10
:10612000686840F2000180B2C2F2004140F21807F4
:10613000C0F58062B0F5806FC2F200470A600CD0F3
:1061400040F2180040F21811C2F20040C3F2000100
:10615000012A98BF0122FAF745FB40F20400012111
:10616000C2F2004001602121BFF34F8F384661F336
:106170005F1000BF2038F760202807F12007F9DC06
:10618000BFF34F8FBFF36F8F4FF4741045F8380C87
:1061900068684FF4806161F30F006860286840F020
:1061A000010028602068A06801B0F0BD0000000078
:1061B000F0B581B044F61C04C4F200042068000568
:1061C0006CD540F240454FF40060C4F202056060B7
:1061D0004EF65C7621222868CEF2000620F00100FF
:1061E000286040F21850C3F20000BFF34F8F014601
:1061F00062F35F1120393060202900F12000F9DCC2
:10620000BFF34F8FBFF36F8F686840F2080180B211
:10621000C2F2004140F25847C0F58062B0F5806F8D
:10622000C2F200470A600CD040F2584040F21851C8
:10623000C2F20040C3F20001012A98BF0122FAF71E
:10624000D1FA40F20C000121C2F20040016021218C
:10625000BFF34F8F384661F35F1000BF2038F760FF
:10626000202807F12007F9DCBFF34F8FBFF36F8FB2
:106270004CF2A040C2F200000DF00EFA4FF4741080
:1062800045F8380C68684FF4806161F30F0068606E
:10629000286840F0010028602068A06801B0F0BDC7
:1062A0002DE9F04147F61C08C4F20008D8F80000B8
:1062B000000558BFBDE8F08110254FF40060C4F21E
:1062C0000205C8F8040040F200074EF65C76286824
:1062D000C3F2000720F001002860BFF34F8F07F0E2
:1062E0001F00CEF200067030394600BF2038316002
:1062F000202801F12001F9DCBFF34F8FBFF36F8F2E
:10630000686840F2184481B2C0F140004029C2F2EE
:10631000004478800AD082B240F21840391DC2F29F
:106320000040012A98BF0122FAF75CFA0120388068
:10633000BFF34F8F0321204661F35F102038F460D4
:10634000202804F12004F9DCBFF34F8FBFF36F8FD7
:106350003D2045F8080C6868402161F30F00686033
:10636000286840F001002860D8F80000D8F808003C
:10637000BDE8F08100000000F0B5DBB041F2600440
:10638000C2F2004420460EF063F910B340F200055B
:106390000027C0F6120501AE28460CF049FD4FF467
:1063A000B472284621460CF097FD4FF4B47228468B
:1063B00031460CF07DFD002054F8201056F82020C6
:1063C000914203D101305A28F6D102E00137142F4F
:1063D000E2D15BB0F0BD00002DE9F04F8FB042F28A
:1063E000083040F2000AC2F200000027C3F6F07A3B
:1063F00040F2BA61C0E9007AC0E9027AC0E9047AE1
:1064000040F2606040F61C32C2F20000CAF602415F
:10641000C3F6856242F20024E0E8021280E88604B6
:106420004EF690504FF61A21C2F2000042F2680276
:10643000CFF2D721C3F6E372016040F2A9114260A6
:1064400046F6CF12C0F6D741C3F6FE72C0E902127B
:106450004CF20001C2F20004C4F27701C0E90471F9
:106460004EF6C8504821C2F20000C4E90077C0E9E6
:10647000007AC0E90277C0E90477C0E9067740F204
:106480001860C2F20000C4E90277C0E9007AC0E9EE
:106490000277C0E90477C0E90677C0E9087AC0E965
:1064A0000A77C0E90C77C0E90E77C0E9107A42F2AA
:1064B0001820C2F20000C4E90477FAF734FA42F275
:1064C000203042F26025C2F20000C2F2000598219D
:1064D0001326C0E9107AC0E9087AC0E90A7AC0E94F
:1064E0000C7AC0E90E7AC0E9007AC0E9027AC0E904
:1064F000047AC0E9067A05F10C002E604FF001091C
:10650000C5E90196FAF70FFA42F25818A422C2F22E
:10651000000829464046FAF7AAF942F26830C8F85E
:106520000090C2F20000C8F804600660866040F87F
:10653000049F00BF40F8087F013EC0F804A0F9D1D5
:106540004DF6D07645F2A640C2F20006C4F25810CD
:106550004FF0804142F20007316047F2DD61706028
:1065600047F25B70CDF65B61C3F66B70B1604BF2C6
:106570006961F06048F68670CFF69651C4F2230048
:10658000316148F65B51706141F6A750CDF2CB7195
:10659000C3F61370C6E906104EF667504FF21A2183
:1065A000CCF2550030624BF2EE20C3F6B471C4F663
:1065B0003D20B06248F2C220716246F69231CAF2C2
:1065C000FD2030634DF6F010C3F67B71F16240F2AE
:1065D0002441C3F67E60B0634FF66D00C3F6B5711B
:1065E000716349F6E121C1F2153030644DF25D303E
:1065F000C3F67B71F16343F6C471C3F60450B06413
:10660000C4F2AC074EF68D5077674CF2F767C4F2D0
:106610005811716440F2B57248F69771CAF2B5002C
:10662000C3F6B067C3F68472C6E91E0706F1900090
:10663000F26449F29E6941F24B0BCBF2FF2145F225
:10664000A552C5F2CF79C3F6337BC3F6D46249F6BF
:10665000345580E8060A4EF25D504DF64673B16639
:10666000CAF6861042F2DE21C6F8A8004EF6A61041
:10667000CAF25225C3F69173C3F61761C6E91653E1
:10668000C6E92253C4F66070C6F8AC104AF20E2177
:10669000C6F8B00043F61C6006F1B80547F63A2E7E
:1066A000C3F6A061C1F25C10C6F8B4104EF2D3017B
:1066B000CEF2460EC3F685614FF0000885E8034030
:1066C00041F24B2047F24B21CEF6F250C6F8C800FB
:1066D00041F21110C3F67B61C3F69170C6F8CC107D
:1066E0004FF01131C6F864B0C6E93410C6E936106F
:1066F00047F2DB404EF6785BC6F22870C6F88000A1
:106700004EF24C50C2F2000BC3F65160C6F8840042
:106710004CF2C85049F2C101C2F20000C3F6E9715F
:10672000CBF804104BF22B01C0E90088C0E90288C5
:10673000C0E904884CF28840C4F20101C2F20000B2
:1067400048F2C52C9FEDDC0BC0E90088C0E9028847
:10675000C0E904884BF29E40F266C9F21840CBF8BB
:1067600000004FF2507047F20772C1F669304BF2E9
:10677000B003CBE9020144F20000C3F6E46CC4F2BA
:106780005D00C6F850E0CBE9048048F25040C6F8FE
:1067900054C0C2F20100C6F86090C6F87080CBF613
:1067A000EE62C0E90088C0E90288C0E9048844F6C6
:1067B000F850C3F67563C2F20000C6F8A020C6F810
:1067C000A430C6F8C4C0C6E9382308F049F896ECEE
:1067D000040B96ED062B8DED0A0BB7EE003B44F64D
:1067E0006C16C2F20006DDE90A01C6E954018DED1E
:1067F000081B33EE411BDDE90801C6F86411C6F839
:1068000060018DED062B20EE012B22EE421BDDE90F
:106810000601C6F87801A0EE001BC6F87C118DEDCC
:106820000C2BB1EEC10BDDE90C01B4EE400BC6F848
:106830005C11F1EE10FAC6F8580180F13581D6E905
:106840005401CDE9000106F5A879002322469DED0B
:10685000001B80EE010B8DED020B20EE000BDDE93D
:106860000201C6E95A018DED040BDDE90401C6E918
:106870005C012068C6F850026068C6F85402A0683F
:10688000C6F85802E068C6F85C022069C6F86002E3
:106890006069C6F8640248462146C6F8808206F060
:1068A00043F90120C6F88C0340F20110A6F89003CA
:1068B000A068C6F814046568C6F81054C6E9FE500E
:1068C00006F58060E1682269C6F818146369C6F8A5
:1068D0001C242768C6F820348EC0A068C6F8B4030C
:1068E0006568C6F8F473C6E9E65006F56870E168B5
:1068F000C6F8B8132269C6F8BC236369C6F8C0336A
:1069000027688EC00023484659462246C6F894732D
:10691000C6F8B053C6F81C83C6F8D082C6F8848285
:10692000C6F86883C6F8848306F0FEF80A20C6F825
:106930002484C6E90100DBF810003062DBF81400A3
:1069400070622068B0626068F062A0683063E068DE
:1069500070632069B0636069F063DBF80000306148
:10696000DBF804007061DBF80800B061DBF80C00B4
:10697000F0612068C6F8E8006068C6F8EC00A0681E
:10698000C6F8F000E068C6F8F4002069C6F8F80020
:106990006069C6F8FC002068C6F8D0006068C6F8D8
:1069A000D400A068C6F8D800E068C6F8DC0020690A
:1069B000C6F8E0006069C6F8E4002068C6F8B800D0
:1069C0006068C6F8BC00A068C6F8C000E068C6F8F9
:1069D000C4002069C6F8C8006069C6F8CC00206809
:1069E000C6F8A0006068C6F8A400A068C6F8A800B1
:1069F000E068C6F8AC002069C6F8B0006069C6F867
:106A0000B4002068C6F888006068C6F88C00A068EA
:106A1000C6F89000E068C6F894002069C6F89800AF
:106A20006069C6F89C002068306760687067A0687D
:106A3000B067E068F0672069C6F880006069C6F852
:106A400084002068B0656068F065A0683066E06822
:106A500070662069B0666069F066206830646068BE
:106A60007064A068B064E068F064206930656069B3
:106A700070654CF29000C6F82884C2F20000C6F897
:106A80000080C6F80C80C6E94C8AC6E94E88C6E983
:106A90005088C6E95288C0E90088C0E90288C0E988
:106AA00004880FB0BDE8F08FB0EE410B0EF0D8F9BE
:106AB000C5E600BF00BF00BF7B14AE47E17A643F6C
:106AC00010B52DED068B8AB0B7EE000B0446806B37
:106AD000E16BCDE904019DED041B81FE400BBFEE8F
:106AE000001B80FE010B0DF043FED4E90C01D4E93C
:106AF0001023CDE906019FED2EABB0EE408B9DED4E
:106B0000062BCDE90823B4EE4A2BF1EE10FA9DEDE9
:106B1000081B13DC9FED280BB4EE402BF1EE10FAAE
:106B20000CDBB4EE401BF1EE10FA07DBB4EE4A1BAF
:106B3000F1EE10FA02DC9FED229B05E0B1EE420B74
:106B40000DF0FAFFB0EE409BD4E90201D4E908232E
:106B5000CDE902019DED020BCDE90023B4EE4A0B15
:106B6000F1EE10FA9DED001B13DC9FED132BB4EE3C
:106B7000420BF1EE10FA0CDBB4EE421BF1EE10FA10
:106B800007DBB4EE4A1BF1EE10FA02DC9FED0C2B92
:106B900005E0B1EE400B0DF0CFFFB0EE402BB0EEB4
:106BA000480BB0EE491B0AB0BDEC068B10BD00BF10
:106BB000A281F0FFFFFFAF3CA281F0FFFFFFAFBC5F
:106BC000000000000000000010B52DED088BB6B0ED
:106BD000044600686168D4E90823CDE930019DEDE1
:106BE000301BCDE93423606C9DED340B3390206C69
:106BF00032909DED322B30EE023BB4EE431BF1EEB2
:106C000010FA57DA31EE023BB4EE430BF1EE10FA14
:106C100080F2988031EE003BB4EE432BB7EE003BA0
:106C2000F1EE10FA80F2D68031EE031B31EE000B4C
:106C300030EE021BB1EEC10BB4EE400BF1EE10FAD8
:106C400080F13681E06B0B90A06B0A90E06A04F152
:106C50000803B6EE004B9DED0A1B20EE04BB099025
:106C6000B1EE004BA06A08900FCB2BEE044B9DEDCC
:106C7000082BCDE9062331EE421B626B9DED063BEE
:106C800081EE04AB0592226B0492E2699DED045BF8
:106C9000039233EE453BA269029283EE048B9DED95
:106CA000020BCDE900019DED002B30EE420B80EE92
:106CB000049BD3E0B7EE003B31EE031B31EE400BFB
:106CC00030EE421BB1EEC10BB4EE400BF1EE10FA08
:106CD00080F1E480E06B2F90A06B2E90E06A04F1CD
:106CE0000803B6EE005B9DED2E1B20EE05AB2D904C
:106CF000B1EE000BA06A2C900FCB2AEE000B9DED9D
:106D00002C2BCDE92A0131EE421BE0699DED2A3B97
:106D100081EE00BB2990A06928909DED284BCDE91C
:106D2000262333EE043B606B9DED265B83EE008BE8
:106D30002590206B24909DED242B35EE022B82EEC6
:106D4000009B8BE0B7EE003B33EE411B31EE000BB6
:106D500030EE421BB1EEC10BB4EE400BF1EE10FA77
:106D600080F1A180B6EE004B04F108030FCBCDE912
:106D7000222320EE048B626BB1EE000B9DED221BF3
:106D800028EE000B2192226B20929DED202BCDE965
:106D90001E0131EE421BE0699DED1E3B81EE00BB02
:106DA0001D90A0691C90E06A9DED1C5B1B9033EE6A
:106DB000053BA06A1A90E06B83EE00AB9DED1A4B89
:106DC0001990A06B18909DED182B34EE022B82EEDB
:106DD000009B43E033EE411B31EE400B30EE021BD3
:106DE000B1EEC10BB4EE400BF1EE10FA65D6E069DE
:106DF0001790A0691690B6EE004B04F108030FCB74
:106E00009DED161BCDE9140120EE049BB1EE000BA5
:106E10009DED142BCDE9122331EE421B606B29EE60
:106E2000000B9DED123B81EE00BB1190206B10908A
:106E3000E06A9DED105B0F9033EE053BA06A0E906B
:106E4000E06B83EE00AB9DED0E4B0D90A06B0C90B4
:106E50009DED0C2B34EE022B82EE008B2AEE0A0BFA
:106E6000ABEE0B0BA8EE080BA9EE090BB1EEC03B85
:106E7000B4EE433BF1EE10FA0BD68BEE030B8AEE29
:106E8000031B88EE032B89EE033B36B0BDEC088B69
:106E900010BD0DF0E5FFB0EE403BEEE7B0EE410B6C
:106EA0000DF0DEFF16E7B0EE410B0DF0D9FF59E70C
:106EB000B0EE410B0DF0D4FFC4E6B0EE410B0DF087
:106EC000CFFF94E70000000080B52DED108B8AB055
:106ED00090E80610C368CDE902129DED028BCDE962
:106EE00008C328EE08AB41699DED089B0791016935
:106EF0000691C1699DED06FB059129EE0FDB8069C6
:106F00002FEE0FEB04909DED040B2FEE001B28EEEF
:106F1000002B8DED002B08EE091BB7EE002B29EEA0
:106F200000BB31EE011B20EE00CB81FE420BBFEE19
:106F3000001B80FE010B0DF01BFC09EE49AB08EEB7
:106F40004FBBB8EE008B3AEE4E1B9FED2BFB2BEEAA
:106F5000082B31EE0C1BB0EE40BBB4EE4F2BF1EE24
:106F600010FA13DB9FED260BB4EE402BF1EE10FA76
:106F70000CDCB4EE4F1BF1EE10FA07DBB4EE401B55
:106F8000F1EE10FA02DC9FED209B05E0B0EE420B23
:106F90000DF0D2FDB0EE409B9DED000B3AEE0E1BC6
:106FA0003DEE400B31EE4C1B20EE080BB4EE4F0BC8
:106FB000F1EE10FA13DB9FED122BB4EE420BF1EE63
:106FC00010FA0CDCB4EE4F1BF1EE10FA07DBB4EE56
:106FD000421BF1EE10FA02DC9FED0B2B03E00DF0EB
:106FE000ABFDB0EE402BB0EE4B0BB0EE491B0AB040
:106FF000BDEC108B80BD00BFA281F0FFFFFFAFBCD6
:10700000A281F0FFFFFFAF3C000000000000000085
:10701000F0B58DB0012AC0F2A1804FF0000C17E04E
:107020008DED060B0CF1010C9445DDE90645CEE92A
:1070300000458DED0A1BDDE90A45CEE902458DEDDF
:10704000082BDDE90845CEF81450CEF8104034D0B6
:107050000CEB4C06002400EBC60E754604E000BFA6
:1070600001340835032CDBD01E5D423E132EF7D8C9
:10707000DFE806F0100F0A0F150F0F0F0F0F180F94
:107080000F0F0F0F1D0F0F2095ED002BB1EE422BB0
:10709000E6E7E5E795ED001BB1EE411BE0E795ED76
:1070A000001BDDE795ED000BB1EE400BD8E795ED49
:1070B000000BD5E795ED002BD2E7012A4EDB4FF010
:1070C000000C15E08DED000B0CF1010C9445DDE991
:1070D0000007C5E900078DED041BDDE90407C5E9DC
:1070E00002078DED022BDDE902076F61286135D0C3
:1070F0000CEB4C00002401EBC005284604E000BF67
:1071000001340830032CDDD01F5DA7F14206132E99
:10711000F6D8DFE806F0100F0A0F150F0F0F0F0F4C
:10712000180F0F0F0F0F1D0F0F2090ED002BB1EE5A
:10713000422BE5E7E4E790ED001BB1EE411BDFE7F2
:1071400090ED001BDCE790ED000BB1EE400BD7E7B4
:1071500090ED000BD4E790ED002BD1E70DB0F0BD22
:107160002DE9F0412DED108BECB088460968D8E987
:107170000154D8F80C60CDE93A4656699DED3A0BBA
:107180003F9616693E96D8F814609DED3E8B399671
:10719000D8F810603896D2E90064D2E902729DED09
:1071A000381BCDE93C729DED3C9BCDE932649DEDF1
:1071B00032EBCDE930151D460ECBEF689DED302B3F
:1071C000CDE94237829B5F699DED423B47971F693E
:1071D00046976F699DED464B8DED184B41972F6992
:1071E0004097D3E90076D3E902439FED9B4B9DED99
:1071F000405BCDE94443B4EE442B0446F1EE10FA73
:107200009DED446BCDE936769DED36BBCDE934126C
:107210009DED34AB1BDA9FED92CBB4EE4C2BF1EE2F
:1072200010FA14DDB4EE440BF1EE10FA0FDAB4EEFE
:107230004C0BF1EE10FA0ADDB4EE441BF1EE10FA3D
:1072400005DAB4EE4C1BF1EE10FA00F3F68022EEF4
:1072500048CB20EE4EDBA1EE0ECB21EE49EBA2EEA9
:1072600009DBA0EE08EBB4EE44EBF1EE10FA1BDA0A
:107270009FED7B8BB4EE48EBF1EE10FA14DDB4EE2B
:1072800044CBF1EE10FA0FDAB4EE48CBF1EE10FA7F
:107290000ADDB4EE44DBF1EE10FA05DAB4EE48DBB9
:1072A000F1EE10FA00F3C9802DEE409B2EEE417BEB
:1072B0002CEE428BACEE019BADEE027BAEEE008B72
:1072C000B4EE449BF1EE10FA8DED1C7B8DED1A8B24
:1072D00023DA9FED638BB4EE489BF1EE10FA1CDDD0
:1072E0009DED1C7BB4EE447BF1EE10FA15DA9DEDBA
:1072F0001C7BB4EE487BF1EE10FA0EDD9DED1AFB1F
:10730000B4EE44FBF1EE10FA07DA9DED1AFBB4EE91
:1073100048FBF1EE10FA00F39080B4EE44ABF1EECE
:1073200010FA1ADA9FED4E8BB4EE48ABF1EE10FA7C
:1073300013DDB4EE443BF1EE10FA0EDAB4EE483B46
:10734000F1EE10FA09DDB4EE445BF1EE10FA04DA66
:10735000B4EE485BF1EE10FA6FDCB0EE49FB9DED48
:10736000189B23EE4B7B2AEE498BA5EE0B8BB0EEE0
:1073700047BBAAEE06BB25EE466BA3EE096B8DED6F
:10738000186BB4EE446BF1EE10FA1CDA9FED347B0F
:107390009DED186BB4EE476BF1EE10FA13DDB4EE11
:1073A000448BF1EE10FA0EDAB4EE478BF1EE10FAE0
:1073B00009DDB4EE44BBF1EE10FA04DAB4EE47BBDB
:1073C000F1EE10FA39DC8DED168B9DED187B27EE72
:1073D000458B9DED166B26EE4A6BABEE0A8B8DED61
:1073E000148BA7EE036B2BEE437B9DED168BA8EE63
:1073F000057BB4EE447BF1EE10FA35DA9FEDE03B0D
:10740000B4EE437BF1EE10FA2EDD9DED145BB4EE8D
:10741000445BF1EE10FA27DA9DED145BB4EE435BAA
:10742000F1EE10FA20DDB4EE446BF1EE10FA1BDA47
:10743000B4EE436BF1EE10FA16DD40F2186148220B
:10744000C2F200012046F9F712FA6CB0BDEC108BC5
:10745000BDE8F08100BF00BFA281F0FFFFFFAF3C9D
:10746000A281F0FFFFFFAFBC20EE000BA2EE020BEB
:10747000A1EE010BB1EEC01BB4EE411BF1EE10FA10
:1074800080F101818DED0C1B98E80F00CDE92A01F8
:107490009DED2A0B8DED100BCDE92E232CEE0C0B60
:1074A000D8F81400AEEE0E0B9DED2E1B8DED0E1BCD
:1074B000ADEE0D0B2D90D8F810002C90B1EEC05B06
:1074C0009DED2C4BB4EE455BF1EE10FA80F1EA80B5
:1074D0009DED1C0B9DED1A1B20EE000B8DED12BBDC
:1074E000AFEE0F0BA1EE010BB1EEC01BB0EE41AB46
:1074F000B4EE411BF1EE10FA80F1E7808DED0AFB4E
:1075000095E80F00CDE924019DED241BCDE928234A
:1075100068699DED280B279020EE000B28692690C6
:10752000A1EE010B9DED262BA2EE020BB1EEC0BB2E
:10753000B4EE4BBBF1EE10FA80F1DE8095E80F005F
:10754000CDE91E0128EE081B9DED1E9BCDE92223EF
:1075500068699DED220B8DED080B21909DED182B98
:107560009DED128BA2EE021B2869A8EE081B20904D
:10757000B1EEC10B9DED20FBB4EE400BF1EE10FA25
:1075800080F1D1809DED101B9DED0C3B89EE0B9B96
:1075900081EE031B8DED101B9DED0E1B81EE031B79
:1075A0008DED181B8EEE051B8DED0C1B8CEE051B57
:1075B0008DED0E1B9DED0A1B84EE033B8DEE054BFE
:1075C00081EE0ADB9DED1C1B88EE00EB81EE0A1BB1
:1075D0008DED1C1B9DED1A1B81EE0A5B9DED081BBA
:1075E00082EE00AB81EE0BCB9DED161B8FEE0BBB3D
:1075F00081EE00FB9DED140B20EE000BA7EE070BB8
:10760000A6EE060BB1EEC01BB4EE411BF1EE10FA74
:1076100080F19C809DED142B87EE010B54A882EE27
:10762000012B48A986EE011B5AAA80EC063B204696
:107630008DED5A9B8DED5CCB8DED5EBB8DED60AB22
:107640008DED62FB8DED64EB8DED660B8DED682BA2
:107650008DED6A1B9DED100B8DED480B9DED0C0B18
:107660008DED4A0B8DED4CDB9DED180B8DED4E0B2A
:107670009DED0E0B8DED500B9DED1C0B8DED520B0A
:107680000BF062FAE1E68DED026BB0EE478B0DF088
:10769000E7FBB0EE487BB0EE401B9DED168B9DEDF9
:1076A000026BEFE68DED026B8DED067B8DED044BED
:1076B0000DF0D6FBB0EE405B9DED044B9DED067BDF
:1076C0009DED168B9DED026B02E7B0EE46BB8DED96
:1076D000067B8DED044B8DED005B0DF0C1FBB0EE34
:1076E0004B6BB0EE40AB9DED005B9DED044B9DED13
:1076F000067B9DED168B01E7B0EE46BB8DED067B5C
:107700008DED044B8DED005B0DF0AAFBB0EE4B6BE5
:10771000B0EE40BB9DED005B9DED044B9DED067B07
:107720009DED168B0AE7B0EE410B8DED067B8DEDDE
:10773000044B8DEC045B0DF093FB9DED044B9DED34
:10774000067B9DED182B9DEC045B1BE7B0EE468B92
:107750008DED067B8DED1A3B8DED164B8DED125B9D
:107760000DF07EFBB0EE486BB0EE401B9DED125B62
:107770009DED164B9DED1A3B9DED067B4AE700BF44
:10778000A281F0FFFFFFAFBC80B52DED108BB0EEF6
:1077900040FBB0EE460BB0EE46CBB0EE459BB0EEF4
:1077A000448BB0EE43BBB0EE42DBB0EE41EB0DF0EC
:1077B000A7FAB0EE40ABB0EE4C0B0DF085FB2EEE11
:1077C0000E1BB0EE40CBAFEE0F1BADEE0D1BB1EEBE
:1077D000C12BB4EE422BF1EE10FA80F1AC8028EE12
:1077E000081B8FEE02FB8EEE02EBABEE0B1BA9EE3D
:1077F000091B8DEE022BB1EEC10BB4EE400BF1EE86
:1078000010FA80F19F8088EE00DB8EEE0AEB8BEEA3
:1078100000BB8FEE0A8BADEE4CEB89EE009B82EE47
:107820000AABABEE4C8B2EEE0E1BA9EE4CABA8EECA
:10783000081BAAEE0A1BB1EEC10BB4EE400BF1EE31
:1078400010FA80F1888088EE001B8AEE002B8EEE05
:10785000008B21EE49AB22EE4D3BA2EE0BAB28EEA6
:107860004B2BA8EE093B2AEE0A0BA1EE0D2BA3EE43
:10787000030BA2EE020BB1EEC01BB4EE411BF1EE06
:1078800010FA6DD6B7EE000B8AEE01CBBFEE001BEF
:107890008DFE400B80FE010B0CF06AFF9FED34DB88
:1078A000B0EE40ABB4EE4DBBF1EE10FA13DC9FED41
:1078B000320BB4EE40BBF1EE10FA0CDBB4EE409BA1
:1078C000F1EE10FA07DBB4EE4D9BF1EE10FA02DC9C
:1078D0009FED2B9B07E0B1EE4B0BB0EE491B0DF07B
:1078E0002BF9B0EE409BB4EE4DCBF1EE10FA13DC69
:1078F0009FED210BB4EE40CBF1EE10FA0CDBB4EEB1
:10790000408BF1EE10FA07DBB4EE4D8BF1EE10FA7E
:1079100002DC9FED1B2B07E0B1EE4C0BB0EE481BD9
:107920000DF00AF9B0EE402BB0EE4A0BB0EE491B59
:10793000BDEC108B80BDB0EE410B0DF091FAB0EEB6
:10794000402B4CE7B0EE410BB0EE42DB0DF088FA75
:10795000B0EE4D2B57E7B0EE410B0DF081FA72E718
:107960000DF07EFAB0EE401B8CE700BF00BF00BFF9
:10797000A281F0FFFFFFAF3CA281F0FFFFFFAFBC91
:1079800000000000000000002DE9F04FC7B0D0E972
:107990000012CDE944129FEDEE2B9DED441B21EE2C
:1079A000022BB4EE402BF1EE10FA08DCB0EE402BC7
:1079B000B5EE400BF1EE10FAC8BF9FEDE72BB1EE2C
:1079C000420B816880EE010BBDEEC03BB6EEC00BF2
:1079D00013EE102A9FEDE23B90EE412B21EE030BBC
:1079E0008C1A48BF32344FF0FF31B4EE402B012CDB
:1079F000B8BF3121F1EE10FA214402DD01EB410163
:107A00000AE09FEDD90B21EE000BB4EE402BF1EE16
:107A100010FA49DA04EB440100EBC10101F10C0753
:107A2000D1E906658CCF0C6AC0F8304EC0F82C5EE8
:107A3000C0F8286EC0F8247EC0F8203EC0F81C2E86
:107A4000D1F8BC24D1F8C034D1F8C474D1F8C864DA
:107A5000D1F8CC54D1F8D044C0F8484EC0F8445EB8
:107A6000C0F8406EC0F83C7EC0F8383EC0F8342EF6
:107A7000D1F86C29D1F87039D1F87479D1F87869D6
:107A8000D1F87C59D1F88019C0F85C5EC0F8601E4E
:107A9000C0F8586EC0F8547EC0F8503EC0F84C2E66
:107AA000012047B0BDE8F08F01EB410A00F10C095D
:107AB00082EE010B09EBCA0E59F83A300293F046F8
:107AC000DEF80430039358F8087FF446B7EE001B45
:107AD0009DED025B31EE401B0897D8F804700997C2
:107AE0005CF8105F04EB440709EBC7049DED083B0D
:107AF0000695DCF80450079559F837509DED064B74
:107B00000495D4E90156D4E9033205959DED046B43
:107B10000D9321EE066B0C96636900F61C663546E4
:107B2000B34600EE056B9DED0C2BCDE90A2321EE4B
:107B3000022B9DED0A7B8DED0E6B00EE032BDDE934
:107B40000E23326073608DED122B21EE072BDDE9E1
:107B5000122300EE042B45F8082F6B608DED102BDF
:107B6000DDE910234BF8102F00F2BC42CBF80430B3
:107B700002EBCA0352F83A10149159681591D3E9EF
:107B800002149DED144BCDE91C14D3E904139DEDB3
:107B90001C2BCDE91A1302EBC70152F837209DEDDB
:107BA0001A3B16924A681792D1E902239DED165BA3
:107BB000CDE91E23D1E9042121EE055B9DED1E6B6D
:107BC000CDE9182100EE045B21EE064B9DED187BFC
:107BD0008DED205B00EE024B21EE072BDDE920123C
:107BE00000EE032BF261B1618DED244BDDE924122F
:107BF000726231628DED222BDDE92212F26200F613
:107C00006C12B16202EBCA0152F83A302C934B6805
:107C10002D93D1E902349DED2C2BCDE92E34D1E901
:107C200004319DED2E3BCDE9283102EBC70152F81E
:107C300037209DED284B2A924A682B92D1E90223E6
:107C40009DED2A5BCDE93023D1E9042121EE055BCE
:107C50009DED306BCDE9262100EE025B21EE062B77
:107C60009DED267B8DED325B00EE032B21EE071B95
:107C7000DDE9321200EE041B726331638DED362BA9
:107C8000DDE93612F263B1638DED3A1BDDE93A129C
:107C9000C6E91012D6E90012CDE94212DEF804104E
:107CA0009DED420B359159F83A103491D5E9001207
:107CB0009DED341BCDE94012D8E9001230EE410BA6
:107CC0009DED403BCDE93812DBE90012B0EEC00B70
:107CD0009DED384BCDE93E12DCE9001233EE443B1A
:107CE0009DED3E5BCDE93C12B0EEC33B9DED3C6BA0
:107CF000B4EE430B35EE461BF1EE10FAB0EEC11BAD
:107D000080FE014B83FE011B34FE010B9FED181B0F
:107D1000B4EE410BF1EE10FA15DC00EBCA009FED5A
:107D2000161BD0F87419D0F87809CDE900109DED34
:107D3000000B32EE400BB0EEC00BB4EE410BF1EE97
:107D400010FA7FF7ADAE002047B0BDE8F08F00BF5E
:107D500000000000000049C000000000000000001A
:107D6000AE47E17A14AEEF3F7B14AE47E17A843F31
:107D70008144E74A1857C63F349D52A246DF913FDF
:107D80002DE9F04F81B02DED108BADF5687D42F2FD
:107D90000027012BC2F20007C0F808319FEDAC1B91
:107DA000D7F800C0C0F840C17D68C0F84451BC6835
:107DB000C0F84841FE68C0F84C61D7F810E0C0F840
:107DC00050E17F69C0F86C71C0E9557CC0E9575437
:107DD000C0E9596E66D1B0EE412B90F80D71B0EE4E
:107DE000413BB0EE414B002FB0EE415BB0EE416B3A
:107DF00062D090F80C71D7B1D1E900CED1E902542C
:107E0000D1E90476C0E96076C0E95E54C0E95CCE91
:107E1000D2E900CED2E90254D2E90476C0E9645432
:107E2000C0E96676C0E962CE002780F80C71D0E91F
:107E30005C76D0E95E54CDE9E6769FED877B9DEDDB
:107E4000E64BCDE9DC5424EE074BD0F884719DED70
:107E5000DC1BDF9721EE075BD0F88071DE97D0F84E
:107E60008C719DEDDE2BE59722EE076BD0F88871C3
:107E7000E497D0F894719DEDE43BE19723EE071B66
:107E8000D0F89071E097D0F89C719DEDE08BE3976E
:107E900028EE072BD0F89871E2979DEDE23B23EE98
:107EA000073B09E0B0EE412BB0EE413BB0EE414B59
:107EB000B0EE415BB0EE416B022B8DED0E0BC0F2CC
:107EC000CF809F1E45F6C056C0F60106C3F1010CD7
:107ED00006EB4713A1F1100AA3F10808A2F110055F
:107EE0004FF0000E5AF8186FAEF1010E98ED027BBC
:107EF0005AE90274CDE9B67408F10808F4459DED1D
:107F0000B68BB49607EE084BDAF80440B594DAF86D
:107F10000C409DEDB49BB39407EE095BDAF8084082
:107F2000B29455F8209F2F46AB4657F8106D9DED43
:107F3000B2ABBC9607EE0A6B7E68BD965BF8084D47
:107F40009DEDBCBBBA9407EE0B1BDBF80440BB9461
:107F50009DEDBACBCDF8E09207EE0C2B6C68B9948E
:107F6000D0E95043D0E952969DEDB8DBCDE9C64348
:107F700007EE0D3B9DEDC60B38EE000B8DEDCC0BE7
:107F8000DDE9CC34C0E95034CDE9C4969DEDC40B95
:107F900039EE000B8DEDCA0BDDE9CA34C0E952346D
:107FA000D0F85431C393D0F85031C2939DEDC20B39
:107FB0003AEE000B8DEDC80BDDE9C834C0E954344E
:107FC000D7E90034CDE9D234D0F85C319DEDD20B45
:107FD000C193D0F85831C0939DEDC0EB30EE0E0B3D
:107FE0008DEDD60BDDE9D634C0E95634DBE900343B
:107FF000CDE9D034D0F864319DEDD00BBF93D0F8EB
:108000006031BE939DEDBEEB30EE0E0B8DEDD40BCB
:10801000DDE9D434C0E95834D5E90034CDE9CE34B3
:10802000D0E95A345D469DEDCE0BD994D8939DEDA1
:10803000D87B30EE070B8DEDDA0BDDE9DA34C0F8D2
:108040006C41C0F868317FF44DAFCEF1000308E019
:108050000000000000000000555555555555B53F2E
:10806000002303EB430C01EBCC0351F83CE0D3E9D4
:108070000185D3E903475E69C0E95CE802EBCC0EF9
:10808000C0E96076C0E95E5452F83C80DEE90196B2
:10809000DEE90374DEF81450C0E9628903F10408D4
:1080A000C0E96467C0E9664598E8E001779551F852
:1080B0003C507695D0E950549DED760BCDE9745443
:1080C0009DED747B30EE07CB8DED78CBDDE9784507
:1080D000C0E95045CDE97067D0E952450EF104077B
:1080E0009DED700BCDE97C459DED7C8B30EE087BE2
:1080F0008DED7E7BDDE97E45C0E952455C69CDE9C9
:108100007284D0E954459DED720BCDE982459DED19
:10811000828B30EE089B8DED849BDDE98445C0E9C0
:10812000544552F83C407A94DEF804407B94D0E900
:1081300056459DED7A0BCDE988459DED888B30EE57
:10814000080B8DED0C0B8DED8A0BDDE98A45C0E93E
:108150005645DEE90245CDE98045D0E958459DED1B
:10816000800BCDE98E459DED8E8B30EE080B8DEDAD
:108170000A0B8DED900BDDE99045C0E95845DEE92D
:108180000445CDE98645D0E95A459DED860BCDE9FC
:1081900094459DED948B30EE08DB8DED96DBDDE9AB
:1081A0009645C0E95A45D3E90445CDE99845D3E958
:1081B00002459DED980BCDE992455C689DED928B53
:1081C0008D9426EE48AB51F83C408C94A5EE00AB64
:1081D00024EE400B9DED8CEB3CEE0AAB8DED02AB3B
:1081E0008DED9CABA6EE0E0B25EE4EEB37EE000BA5
:1081F000DDE99C45C0F81451C0F810418DED040B29
:108200008DED9E0BA4EE08EB39EE0E0BDDE99E45DD
:10821000C0F81C51C0F818418DED060B8DED9A0B7E
:10822000DDE99A45C0E94845F0CFA097DEF8147023
:10823000A1979DEDA00BCDE9A25652F83C209DEDF3
:10824000A2EBCDE9A42426EE4E8BDE68D3E901270C
:108250001D69A5EE008B24EE400B9DEDA4ABA69509
:10826000A6EE0A0B5B6925EE4ABBA7938DED080BC2
:10827000B6EE006BA4EE0EBB9DEDA6AB2CEE06CBCE
:10828000A89727EE067BA99629EE066B51F83C10BD
:108290009DED0A5B2CEE4D9B9DEDA8FB26EE45EB7C
:1082A00023EE4F4B9DED0C0BA7EE0DEBAA91A2EE2A
:1082B0000A4BAB92A6EE009B27EE406B30EE0E7B96
:1082C00038EE040B21EE4A8B9DEDAAABACEE056BAC
:1082D000A3EE0A8B37EE003B8DEDAE3B22EE4A0B50
:1082E0009DED084B35EE092B34EE084BA1EE0F0B3C
:1082F000DDE9AE1232EE042BC0F82C2136EE0D1B58
:10830000C0F828118DEDAC2B3BEE000B31EE001BBD
:10831000DDE9AC12C0F83421C0F830118DEDB01B8E
:108320000368002BDDE9B012C0F83C21C0F8381119
:1083300063D0071D8ECFCDE968129DED680BCDE9A6
:10834000583781699DED584B5B9122EE044B416992
:108350005A91A0EE034B9DED020B9DED5A5BA5EEED
:10836000014B30EE440B8DED6A0BDDE96A12C0E97A
:108370004412016A5D91C1695C91816A9DED5C0B5B
:108380005F91416A5E91016B9DED5E4B619122EEC2
:10839000044BC16A6091A0EE034B9DED040B9DED73
:1083A000605BA5EE014B30EE440B8DED6C0BDDE90F
:1083B0006C12C0E94612816B6391416B6291016C52
:1083C0009DED620B6591C16B6491816C9DED644B79
:1083D000679122EE044B416C6691A0EE034B9DED3C
:1083E000060B9DED665BA5EE014B30EE440B8DED6B
:1083F0006E0BDDE96E12C0E94812C16C9DED0E9B5B
:10840000002900F0898022EE024B00F1500723EE94
:10841000035B8ECFCDE9501284EE094B21EE016B48
:1084200085EE095B9DED500BCDE93A3786EE096B81
:10843000416E9DED3A7B3D9124EE077B016E3C91B0
:10844000D0F81411A0EE057B9DED3C8B4F91A8EE6A
:10845000067BD0F810114E919DED4E0B30EE470B80
:108460008DED520BDDE95212C0E94412C16E3F910D
:10847000816E3E91416F9DED3E0B4191016F4091A8
:10848000C16F9DED407B439124EE077B816F42914C
:10849000D0F81C11A0EE057B9DED428B4D91A8EE0E
:1084A000067BD0F818114C919DED4C0B30EE470B2C
:1084B0008DED540BDDE95412C0E94612D0F884105A
:1084C0004591D0F880104491D0F88C109DED440B6C
:1084D0004791D0F888104691D0F894109DED467BD6
:1084E000499124EE074BD0F890104891D0F8241110
:1084F000A0EE054B9DED487B4B91A7EE064BD0F8C7
:1085000020114A919DED4A0B30EE440B8DED560B38
:10851000DDE95612C0E94812D0F89810002900F0A1
:10852000918022EE014B00F19C0723EE025B8ECF7F
:10853000CDE9321284EE094B23EE016B85EE095B27
:108540009DED320BCDE91C3786EE096BD0F8B010EB
:108550009DED1C7B1F9124EE077BD0F8AC101E9183
:10856000D0F81411A0EE057B9DED1E8B3191A8EE85
:10857000067BD0F8101130919DED300B30EE470B9B
:108580008DED340BDDE93412C0E94412D0F8B81097
:108590002191D0F8B4102091D0F8C0109DED200B9F
:1085A0002391D0F8BC102291D0F8C8109DED227B09
:1085B000259124EE077BD0F8C4102491D0F81C112B
:1085C000A0EE057B9DED248B2F91A8EE067BD0F8C5
:1085D00018112E919DED2E0B30EE470B8DED360BC5
:1085E000DDE93612C0E94612D0F8D0102791D0F854
:1085F000CC102691D0F8D8109DED260B2991D0F8FB
:10860000D4102891D0F8E0109DED287B2B9124EE1A
:10861000074BD0F8DC102A91D0F82411A0EE054BBE
:108620009DED2A7B2D91A7EE064BD0F820112C91C1
:108630009DED2C0B30EE440B8DED380BDDE938123F
:10864000C0E94812D0F8E410E1B300F1E8078ECF9A
:10865000CDE914129DED140B23EE000B23EE000B5D
:1086600080EE090B33EE400B8DED1A0BDDE91A128B
:10867000C0E94A12CDE910379DED100B22EE000B38
:1086800022EE000B80EE090B32EE400B8DED160B47
:10869000DDE91612C0E94C12D0F8FC101391D0F8A5
:1086A000F81012919DED120B21EE000B21EE000B44
:1086B00080EE090B31EE400B8DED180BDDE9181241
:1086C000C0E94E12D0F800313BB100F5887C00F5CE
:1086D000947101226046FEF79BFC0DF5687DBDECB0
:1086E000108B01B0BDE8F08F70B5ADF6583DD0E904
:1086F000001604461D4606FB01F0CDE901160128CF
:108700001646039010DB01A901EBC00001F1140231
:108710000C30904288BF0246501A421F01F10C00F3
:1087200022F00701F8F7FFF801A940F6543220467D
:10873000F8F79DF8A0680DF66831012801912ADB51
:1087400045EC116B9FED160BB4EE401BF1EE10FAE9
:1087500021DC266804EBC00008250C300199F200EA
:1087600004F10C0305EBC6069D18073121EE011B31
:1087700005F1080421F00705844205F1080183EDA5
:10878000001B07D295ED001B3344B4EE401BF1EE05
:1087900010FAE9DD01910DF6583D70BD00BF00BF34
:1087A000DE8BACCC8E795546B0B52DED068B9CB0EA
:1087B0000D4609682C1D1CCCCDE916129DED161B2B
:1087C000CDE91A34696904469DED1A0B199120EE22
:1087D000000B29691891A1EE010B9FED591B9DED2E
:1087E000182BA2EE020BB4EE410BF1EE10FA16DAE2
:1087F000BCEE001BB7EE008B9FED552B20EE003B2F
:10880000A0EE018BB6EE001BA0EE021B9FED4E0BFF
:108810009FED512BA3EE008BA3EE021B19E0B1EEEE
:10882000C01BB4EE411BF1EE10FA80F18380B6EE6E
:1088300000AB21EE0A9BB0EE490B0CF061FAB0EEF2
:10884000408BB0EE490B0CF0B3FA80EE090B20EE32
:108850000A1B95E80F00CDE900019DED002BCDE945
:10886000062321EE023B68699DED065B059021EE33
:10887000055B28690490D4E900019DED046BCDE906
:10888000020121EE066B204650F8081F9DED020BF9
:108890000C9123EE009B41680D91214651F8102F59
:1088A0009DED0C2B0A9223EE427B4A68A8EE029BB8
:1088B0000B922246A8EE007B52F8183F9DED0A4B22
:1088C0000893A5EE447B536809939DED081BA6EE23
:1088D000417B8DED147BA5EE019B25EE007BA6EE82
:1088E000449BDDE91435A8EE047B2360A6EE027BF1
:1088F00065608DED0E9B20EE060BA3EE417BDDE95E
:108900000E35A8EE010B0360A3EE040B45608DED60
:10891000127BA5EE420BDDE9120308604B608DED82
:10892000100BDDE91001C2E9000120461CB0BDECCE
:10893000068BB0BD0CF094FAB0EE401B77E700BF99
:10894000AE1F14DBA1F6333F555555555555653FC0
:1089500055555555555595BF111111111111313FEF
:10896000B0B52DED108BADF56C7D0446D0F8440B01
:10897000002804F5A36578D06869D9902869D89053
:1089800095E80F009DEDD81BCDE9D623B1EE413B14
:108990009DEDD62BCDE9D20100209DEDD20BC5F87F
:1089A000A402C5F8A0028DEDEA3BDDE9EA12C5E9B3
:1089B000AA128DEDE02BDDE9E012C5E9AC128DEDD8
:1089C000E21BB1EE401BDDE9E212C5E9AE12C5F8CB
:1089D000C402C5F8C0028DEDDE1BB1EE421BDDE91D
:1089E000DE12C5F8CC22C5F8C8128DEDE81BDDE912
:1089F000E812C5E9B4128DEDD40BD4E931C3DDE939
:108A0000D412C5E9B612C5E9B800D4E92D12CDE9F2
:108A1000DA129DEDDA0BCDE9DCC39DEDDC1BC5E977
:108A2000DE008DEDE40BDDE9E412C5E9E012C5E9F5
:108A3000E2008DEDE61BDDE9E612C5E9E412002156
:108A4000C4F8B008C4F8B408C3F6F071C4F8B808A4
:108A5000C4F8BC08C4F8C008C4F8C408C4F8C808FE
:108A6000C4F8CC08C5E9EE01E2E304F18C030FCBB6
:108A7000CDE9BE2305F178039DEDBE8BCDE9C001A4
:108A8000D4F808019DEDC01BC390D4F80401C29036
:108A9000D4F810019DEDC20B8DED200BB7EE000B4D
:108AA000C590D4F80C01C4900FCB80EE010B9DED66
:108AB000C47BCDE9D001B1EE47DB9DEDD03BCDE9E4
:108AC000CE23D4F8B8009DEDCE2BC790D4F8B400D7
:108AD000C690D4F8C0009DEDC64BC990B0EE449B43
:108AE000D4F8BC0024EE045BC890D4F8C80022EE91
:108AF00005FB9DEDC8CBCB902CEE0C4BD4F8C400FD
:108B0000CA908DED121B23EE44ABD5F88C009DED81
:108B1000CA1B8DED1A1B23EE481BCD90D5F888009B
:108B2000CC908DED1C0B20EE000BD4F8480B21EE01
:108B300004BB9DEDCC6B20EE030B8DED0E6BB1EE07
:108B4000466B20EE0CEBB1EE430B8DED140BB1EE4A
:108B5000420B8DED0A6B8DED165B8DED184B8DED97
:108B60001E3B8DED222B8DED100B8DED0C7B48B156
:108B700042F2182104F5DC60C2F200014822F7F746
:108B800076FE49E004F596730FCBCDE9AC019DED7F
:108B9000AC0BCDE9AE23D4F840019DEDAE1BB190F6
:108BA000B1EE413BD4F83C01B09000209DEDB02BDC
:108BB000C5E972008DEDB62BB1EE422BDDE9B612A0
:108BC000C5F8D421C5F8D0118DEDBA3BDDE9BA1254
:108BD000C5F8DC21C5F8D8118DEDBC2BDDE9BC1240
:108BE000C5E97812C5E97A008DEDB20BB1EE400B04
:108BF000DDE9B212C5E97C128DEDB41BDDE9B412DA
:108C0000C5F8FC21C5F8F8118DEDB80BDDE9B812F7
:108C1000C5E98012C5E98200B1EE490B4FF0000CA6
:108C2000C5E984CC8DED300B28EE0C0B05F50670F4
:108C3000B0EE496BDDE93012C5F824C280E80610B9
:108C40008DED2ECB05F51C70DDE92E12C5E98A12DB
:108C5000C4F848C7C4F84CC7C4F850C7C4F854C7D0
:108C60008DED2C0BDDE92C12C5E99012C4F860C71C
:108C7000C4F864C7C4F868C7C4F86CC7C4F870C740
:108C8000C4F874C7C4F878C7C4F87CC78DED2AFB54
:108C9000DDE92A12C5E99A128DED28DBDDE92812FB
:108CA00080E80610C5F87CC205F522708DED26AB74
:108CB0009DED200B30EE0E0BDDE92612C5F8842267
:108CC000C5F880128DED320BDDE9321280E8061016
:108CD000C5F894C28DED24BBDDE92412C5E9A612C6
:108CE000696935912969349195E80E00E8689DED30
:108CF000340BCDE93630B1EE403B05F504739DED04
:108D0000361BCDE9381205F52E729DED382BC5E9DD
:108D1000A8CC8DED423BDDE94201C5E9AA018DED0C
:108D2000401BDDE94001C5E9AC018DED3E0BB1EE24
:108D3000420BDDE93E01C5F8C4C282E803108DEDA7
:108D4000440BB1EE410B05F53672DDE94401C5F87F
:108D5000CC12C5F8C8028DED3C0BDDE93C01C5E93C
:108D6000B4018DED3A2BDDE93A01C5F8E4C282E8A1
:108D700003100FCBCDE96201D5F82C029DED623BCB
:108D80006190D5F828026090D5F844029DED60FB13
:108D90005F90D5F840025E909DED5E5BCDE95C236F
:108DA000D5F8340204F1FC029DED5C0B8DED040B53
:108DB0005B90D5F830025A90D5F84C029DED5A2BB5
:108DC0005990D5F848025890D5F824029DED587B6B
:108DD0005790D5F820025690D5F83C029DED560BE1
:108DE0008DED020B5590D5F838025490D5F8540209
:108DF0009DED544B5390D5F85002529007CAD4F8C9
:108E000008319DED52CBCDE95001D4F830019DEDF4
:108E1000500B8DED000B4F90D4F82C014E909DED32
:108E20004EDBCDE94C23D4F8380105F516739DEDE2
:108E30004CEB4B90D4F834014A908DED088BD4F86C
:108E400010019DED4A8B49903EEE088BD4F80C0141
:108E50004890D4F840019DED48BB4790D4F83C01C0
:108E600046909DED0A9B9DED220B2FEE09AB8DEDFB
:108E7000066B9DED461BA0EE05AB8DED68AB22EEBB
:108E800009AB3BEE011BB0EE426BA0EE07ABDDE998
:108E90006801C5F8EC123AEE01ABC5F8E8028DEDB9
:108EA00070AB24EE09ABA0EE0CABDDE97001C5F8A8
:108EB000F4123AEE48ABC5F8F0028DED6AAB9DEDC9
:108EC0000EEB9DED14BB2EEE03ABDDE96A01C5F898
:108ED000FC12ABEE05ABC5F8F8023AEE410B8DED96
:108EE000740B9DED042B2EEE020BDDE97401C5F829
:108EF0000413ABEE070BC5F800039DED027B8DED6F
:108F0000660B2EEE075B9DED000BABEE0C5B30EEBF
:108F10000D0BDDE96601C5F80C1335EE005BC5F8F5
:108F200008038DED6C5B9DED1EAB9DED10DB2AEE15
:108F30000F1BDDE96C01C5F81413ADEE031BC5F87A
:108F4000100331EE081B8DED721B2AEE061BADEEF1
:108F5000021BDDE97201C5F81C1331EE400BC5F8A8
:108F600018038DED6E0B2AEE040BADEE070BDDE959
:108F70006E01C5F82413C5F820038DED640BDDE9FF
:108F80006401C5E9CA010FCBCDE976019DED764BB1
:108F9000CDE97823D5F86C0204F174039DED780BCC
:108FA0007B90D5F868027A90D5F874029DED7A1B13
:108FB0007D90D5F870027C90D5F87C029DED7C5BAD
:108FC0007F90D5F878027E90D5F884029DED7E2BB7
:108FD0008190D5F880028090D5F88C029DED803B81
:108FE0008390D5F888028290D5F894029DED826B2B
:108FF0008590D5F8900284909DED0C7BD5F89C026D
:1090000035EE475B9DED207B37EE06CB9DED846B07
:1090100025EE098B87902AEE055BD5F8980286909D
:109020009DED22FBADEE045BAFEE0C8B9DED867BE0
:109030008DED948B22EE098B2AEE022BAFEE068B80
:10904000DDE99401ADEE002BC5F83413C5F830030B
:109050008DED8C8B23EE098BB0EE4F9BAFEE078B23
:10906000DDE98C01C5F83C13C5F838038DED8E8B16
:109070002EEE048B9FED724BABEE0C8BDDE98E0177
:10908000C5F84413C5F840038DED908B2EEE008B90
:109090002AEE030BABEE068BDDE990012EEE016BA1
:1090A000C5F84C13ADEE010BC5F848038DED888B68
:1090B000ABEE076BDDE98801C5F85413C5F8500322
:1090C0008DED8A6BDDE98A01C5F85C13C5F858039C
:1090D0008DED925BDDE99201C5F86413C5F860037C
:1090E0008DED962BDDE99601C5F86C13C5F8680384
:1090F0008DED980BDDE99801C5E9DC010FCBCDE9D9
:109100009A014DF6D070C2F200009DED9A1B90EDD1
:10911000042BCDE99C239DED126B05F55C7226EEC8
:10912000011B9DED9C3B23EE043B9FED474B21EE45
:10913000033BA1EE043B9FED461BA2EE035B8DEDCE
:10914000A45B30EE010BA498A599C5F86003C5F89F
:1091500064138DED9E0B9DED060BDDE99E01C5F8B8
:109160007CC382E803108DEDA20B05F560729DEDC6
:109170001A1BDDE9A20182E80310C5F88CC38DED4E
:10918000A01B9DED160B2FEE400BDDE9A001C5E9FC
:10919000E4010020C4F8B0C8C4F8B4C8C3F6F07045
:1091A000C4F8B8C8C4F8BCC8C4F8C0C8C4F8C4C8B7
:1091B000C4F8C8C8C4F8CCC8C5E9EEC0C4F8D8C85B
:1091C000C4F8DCC8C4F8E0C8C4F8E4C88DEDAA0B44
:1091D0009DED080B20EE0A0BDDE9AA01C5F8D413BA
:1091E00020EE010BC5F8D0038DEDA80B9DED1C0BF7
:1091F0009DED181B20EE0B0BDDE9A801C5E9F6017A
:1092000020EE010BC5F8E4C3C5F8E0C38DEDA60B55
:10921000DDE9A601C5E9FA01C4F808C9C4F80CC91A
:10922000C4F810C9C4F814C9C4F818C9C4F81CC9D2
:109230000DF56C7DBDEC108BB0BD00BF00BF00BF55
:109240009F3D30EBF96618BF3EF4B42EFB9685BF08
:10925000D785107122E3C93E2DE9F04F81B02DED85
:10926000068B9AB08DED020B04464FF0000926469E
:10927000884693469A46DDE90207B0EE408B46F8F1
:10928000100F00207760C3F6F07043F67157C4E901
:109290000090C4E902900020CDF20A77C4F2790070
:1092A000E06242F2AB40C4F82890CCF2EF000096A6
:1092B000C4E90C7042F2AB40C4F2EF00C4E90E7096
:1092C000D1E900CED1E90257D1E90401C4E9CA01CC
:1092D000C4E9C857C4E9C6CED8E90601C4E9CC013F
:1092E00004F5B26CDBF8146007CADBE903758CE89F
:1092F0008700C4F8A05504F5C46CC4F8A46540F216
:1093000018650FCBC2F20005DAE904768CE80F008D
:1093100004F52D60019004F5946048222946C4F8B4
:109320003076C4F83466F7F7A2FA04F58B60482269
:109330002946F7F79CFA42F2002604F5CB6CC2F2FC
:1093400000067568C4F85456C4F86C5642F21825E5
:10935000B068C2F20005C4F87006F168C4F874166B
:109360003269C4F8782673693768C4F87C368CE8AB
:109370008F00D6E90001C4F83806B068C4F83C167E
:10938000F168C4F840063069C4F844167169C4F83D
:10939000480604F6D800C4F84C1648222946C4F8FA
:1093A0005076F7F764FA04F5096048222946F7F782
:1093B0005EFA04F6480048222946F7F758FA04F501
:1093C000006048222946F7F752FA04F5F760482270
:1093D0002946F7F74CFA04F5EE6048222946F7F7DC
:1093E00046FA04F5E56048222946F7F740FA04F505
:1093F000DC6048222946F7F73AFA48F6DE3004F5F1
:10940000D56204F54673CCF6AC4047F68E11C4F82D
:109410008006C4F24561C4F88416C4F888060125A4
:10942000C4F88C16C4F89006C4F89416C4F89806CC
:10943000C4F89C16C4F8A006C4F8A41682E8030277
:10944000C4F8B496C4F8B896C4F8BC96C4F8C096EC
:10945000C4F8C496C4F8C896C4F8CC96C4F8D0969C
:10946000C4F8D496C4F8D896C4F8DC96CDE9189917
:10947000CDE91699CDE914990FCBCDE90A0114A9CC
:109480009DED0A1BCDE90823D4F82C030EAA012375
:109490009DED080B0790D4F828030690D4F8340308
:1094A0009DED062B0590D4F8300304904DF6D07056
:1094B000C2F2000090ED043B9DED044B22EE435BB5
:1094C000306824EE436BC4F8300520EE039B7068CF
:1094D00021EE033BC4F8340521EE057BB06821EE94
:1094E00009ABC4F8380521EE031BF068A0EE467BFB
:1094F000C4F83C05A2EE46AB3069A4EE461BC4F8A6
:109500004005A5EE021B7069A3EE00ABC4F844054C
:10951000A0EE491B3068B7EE000BC4F82009A9EE95
:10952000047B7068A2EE437BC4F82409A4EE45AB2B
:10953000B068C4F82809F068C4F82C093069C4F888
:1095400030097069C4F8340920468DED0E7B8DED2D
:1095500010AB8DED121BC4F8409BC4F8449BC4F8BB
:10956000489BC4F84C9B00F0B7FC84F8845204F587
:10957000467C8DED0C8B009ADDE90C01C2E90001FF
:109580000020C4F80090C3F6F070E060C4E901095F
:1095900098E88F00D8F81450C4F82C538CE88F004A
:1095A000D8E90601C4E9CC0104F5B26CDBF814502B
:1095B0009BE88F008CE88F00C4F8A45504F5C46CB8
:1095C0009AE88F00DAF81450C4F834568CE88F000B
:1095D0004FF00040C4F8DC0AC4F8EC0A7022C4F86A
:1095E000FC0A0199C4F80C0BC4F81C0BC4F82C0B32
:1095F0006420C4F8300BC4F8340B3220C4F8380BA4
:1096000004F52660C4F8D09AC4F8D49AC4F8D89A5D
:10961000C4F8E09AC4F8E49AC4F8E89AC4F8F09A56
:10962000C4F8F49AC4F8F89AC4F8009BC4F8049BF0
:10963000C4F8089BC4F8109BC4F8149BC4F8189B8A
:10964000C4F8209BC4F8249BC4F8289BC4F83C9B16
:10965000F7F70DF904F5BC6CD4F89805C4F8F805D3
:10966000D4F89C15D4F8A025C4F8FC15D4F8A4357A
:10967000C4F80026D4F89075C4F804368CE88F003E
:10968000B068C4F8C805F068C4F8CC053069C4F8FF
:10969000D0057069C4F8D405D4F89005C4F8A805BD
:1096A000D4F89405C4F8AC05D4F89805C4F8B0050E
:1096B000D4F89C05C4F8B405D4F8A005C4F8B805DE
:1096C000D4F8A405C4F8BC053068C4F8C0057068B7
:1096D000C4F8C4052046C4F8D875D4F89455C4F825
:1096E000DC55C4F8F455C4F84090C4E90699C4E9BF
:1096F0000899FFF735F9002200232046314600F093
:109700006FF8D4F81803C4F8F809D4F81C03C4F8A7
:10971000FC09D4F82003C4F8000AD4F82403C4F8E0
:10972000040AD4F82803C4F8080AD4F82C03C4F8AF
:109730000C0AD4F83003C4F8100AD4F83403C4F87F
:10974000140AD4F83406C4F85C0AD4F89805C4F8AE
:10975000380AD4F89C05C4F83C0AD4F8A005C4F82B
:10976000400AD4F8A405C4F8440AD4F82006C4F882
:10977000480AD4F82406C4F84C0AD4F82806C4F8D9
:10978000500AD4F82C06C4F8540AD4F83006C4F8A9
:10979000580AD4F87805C4F8180AD4F87C05C4F837
:1097A0001C0AD4F88005C4F8200AD4F88405C4F84B
:1097B000240AD4F88805C4F8280AD4F88C05C4F81B
:1097C0002C0AD4F89005C4F8300AD4F89405C4F8EB
:1097D000340A1AB0BDEC068B01B0BDE8F08F000072
:1097E0002DE9F0412DED108BADF53E7DD1E900CE98
:1097F000CDE9BCCE9FED060B00F6481C00F5A96E26
:109800009DEDBC2BB4EE402BF1EE10FA2FDA07E001
:10981000A281F0FFFFFFAF3CA281F0FFFFFFAFBCD2
:109820001FED031BB4EE412BF1EE10FA1FDDD1E961
:109830000245CDE9BA459DEDBA2BB4EE402BF1EED1
:1098400010FA14DAB4EE412BF1EE10FA0FDDD1E983
:109850000445CDE9B8459DEDB82BB4EE402BF1EEB3
:1098600010FA04DAB4EE412BF1EE10FA0EDC91E8B6
:10987000F0014969C0F82049C0F82459C0F82869A6
:10988000C0F82C79C0F83089C0F83419D0E92D140B
:10989000D0E93156CDE95E149DED5E0B8DED780B70
:1098A000DDE97814CEE9D414CDE960569DED600B66
:1098B0008DED7A0BDDE97A14CEE9D81440F200017F
:1098C0004FF00004C3F6F071CEE9E241DEF8141067
:1098D0007791DEF8101076919EE872009DED76ABE0
:1098E000CDE974560EF552759DED749BCDE95C146F
:1098F000D0F83C139DED5CBB7391D0F83813729196
:10990000D0F844139DED723B6391D0F840136291FF
:10991000D0F84C139DED621B8DED121B2AEE010B4E
:109920006591D0F848136491D0F854139DED644BC1
:109930006791A9EE440BD0F850136691D0F85C13F0
:109940009DED66DB6991D0F858136891D0F86413E7
:109950009DED685B6B91D0F860136A91D0F86C1341
:109960009DED6A6B6D91D0F868136C91D0F874130B
:109970009DED6C7B6F91D0F870136E91D0F87C13D5
:109980009DED6E8B7191D0F8780370909DED70CB4A
:109990008DED820B2AEE430BA4EE0B0BDDE9820169
:1099A000CCF82410CCF820008DED8C0B2BEE410B65
:1099B000A3EE090BDDE98C01CCF82C10CCF82800C3
:1099C0008DED800B2AEE050BA9EE460BDDE980013B
:1099D000CCF834108DED106BCCF830008DED840B8D
:1099E0002AEE4D0BA6EE0B0BDDE98401B0EE486BC1
:1099F000CCF83C10CCF838008DED8A0B2BEE450BE3
:109A0000ADEE090BDDE98A01CCF84410CCF840003A
:109A10008DED7E0B2AEE080BA9EE4C0BDDE97E01E5
:109A2000CCF84C108DED0ECBCCF848008DED860BAC
:109A30002AEE470BB0EE47ABACEE0B0BDDE986012F
:109A4000CCF85410CCF850008DED880B2BEE480B61
:109A5000A7EE090BDDE98801CCF85C10CCF85800C2
:109A60008DED7C0BDDE97C01CCE9180133CDCDE92E
:109A70008E019DED8E2BCDE99045DEF85C030EF551
:109A800076759DED900B93902DEE00EBDEF858036C
:109A90009290DEF86403A2EE03EB9DED929B95900D
:109AA000A9EE07EBDEF860039490DEF86C039DED01
:109AB000948B8DED0C8B25EE008B9790DEF8680370
:109AC0009690DEF874039DED96BB9990DEF87003D6
:109AD0009890DEF87C039DED981B8DED0A1B9B9002
:109AE000DEF878039A90DEF884039DED9A1B8DEDE5
:109AF000081B9D90DEF880039C90DEF88C039DEDA2
:109B00009C1B8DED061BB0EE431B9F90DEF8880377
:109B10009E908DED003B8DED027B9DED9EFB8DEDCE
:109B2000A4EB9DED123BA2EE038BA9EE068BDDE9C3
:109B3000A401CCF86C108DED046BCCF868008DEDB1
:109B4000A28B9DED107B27EE00CBDDE9A201CCF8C6
:109B50007410A2EE04CBCCF870009DED0E2BA9EE94
:109B600002CB8DEDA0CB2DEE0B9B9DED0C0BA0EE53
:109B7000019B9DED0A1BDDE9A001A1EE0A9BCCF83B
:109B80007C1025EE0BABCCF878008DEDAA9B27EE70
:109B90000BBBA0EE03ABA1EE06ABDDE9AA01A0EE84
:109BA00004BBCCF88410A1EE02BBCCF880008DED94
:109BB000A8ABB0EE420BDDE9A801CCF88C10CCF8D4
:109BC00088008DEDA6BB9DED062B9DED081B2DEEAF
:109BD00002DB9DED006BDDE9A601A1EE06DBCCF812
:109BE00094109DED026B27EE023BCCF89000AFEE97
:109BF00006DB8DEDB0DB25EE026B9DED125BA1EE79
:109C0000043BA1EE056B9DED045BDDE9B001AFEE19
:109C1000056BCCF89C10AFEE003BCCF898008DEDB6
:109C2000AE6BDDE9AE01CCF8A410CCF8A0008DED50
:109C3000AC3BDDE9AC01CCE92A0133CDCDE9B20181
:109C40009DEDB24BCDE9B445DEF8EC039DEDB45B80
:109C5000B79028EE057BDEF8E80325EE0A1BB690E8
:109C600025EE060BAEEE047BA9EE041B9DEDB65B64
:109C7000ADEE040BACEE057BABEE051BA3EE050BC6
:109C80006AB3D2E90001CDE950019DED503B37EEBA
:109C9000032B8DED562BDDE95601C2E9000110467C
:109CA00050F8081F5491416855919DED542B31EEA9
:109CB000021B8DED5A1BDDE95A14C0E9001452F85D
:109CC000100F5290506853909DED521B30EE010BD7
:109CD0008DED580BDDE95801C2E900012EE00EF1CF
:109CE000D80417CCCDE948019DED483BCDE9462489
:109CF00037EE032BDEF8EC009DED464B459031EE40
:109D0000041BDEF8E80044909DED443B8DED4E2BA6
:109D100030EE030BDDE94E01CCF80C10CCF8080056
:109D20008DED4C1BDDE94C01CCF81410CCF8100083
:109D30008DED4A0BDDE94A01CCE906010CF1200466
:109D40000EF5767617CCCDE93C0163CE9DED3C0B4C
:109D5000CDE942019DED421BCDE93A249DED3A2B20
:109D6000CDE94056DCF834009DED403B399022EEC1
:109D7000035BDCF830003890DEF8EC03A0EE015B0A
:109D80009DED386B3F90DEF8E8033E90DCF83C0038
:109D90009DED3E4B3790A6EE045BDCF83800369024
:109DA000DCF844009DED367B3590DCF840003490C3
:109DB000DCF84C009DED348B339023EE082BDCF85F
:109DC00048003290DCF85400A7EE012B9DED329B49
:109DD0003190A9EE042BDCF850003090DCF85C00E8
:109DE0009DED30AB2F90DCF858002E90DCF864002D
:109DF0009DED2E0B2D9023EE000BDCF860002C90D7
:109E0000AAEE010B9DED2C3BA3EE040B6BB3D3E943
:109E10000001CDE920019DED201B35EE011B8DEDEC
:109E2000261BDDE92601C3E90001184650F8081F8A
:109E30002491416825919DED241B32EE011B8DED8F
:109E40002A1BDDE92A12C0E9001253F8100F2290F4
:109E5000586823909DED221B30EE010B8DED280BF1
:109E6000DDE92801C3E900012EE00EF148030FCB24
:109E7000CDE918019DED181BCDE9162335EE011B28
:109E8000DEF85C009DED163B1590DEF8580014904E
:109E90009DED144B8DED1E1B32EE031B30EE040BBB
:109EA000DDE91E01CEF8F413CEF8F0038DED1C1B96
:109EB000DDE91C01CEF8FC13CEF8F8038DED1A0B8A
:109EC000DDE91A01CCE900010DF53E7DBDEC108BFA
:109ED000BDE8F081000000002DE9F04F81B02DEDCC
:109EE000108BADF6284D01EE103A0DF5F466B6EE86
:109EF000002B0446D0F8440B029086EDC40BB8EE5C
:109F0000C11BA3460DF53A6A04F5C46804F58069DF
:109F100021EE000BDDF8B00ADDF8B47AC4E90007E1
:109F200086EDC80BDDF8C00ADDF8C47A4BF8080FDF
:109F30002046CBF8047050F8107FCDF8B87A476807
:109F4000CDF8BC7A04F5B26796EDC61B30EE011B66
:109F500086EDCA1B20EE020B05978DED060B9FEDDB
:109F6000D20BDDF8C85ADDF8CC7AC0E9005704F509
:109F7000BC70FDF705FFD4F85C04CDF84C0BD4F8A9
:109F80005804CDF8480B04F522730FCB96EDEA2B5D
:109F9000CDF8441BCDF8400BD4F8640496EDE81BD3
:109FA000CDF83C0BD4F86004CDF8380B96EDE65BA9
:109FB000CDF8343B04F52873CDF8302BD4F86C047D
:109FC00096EDE43BCDF82C0B25EE035BD4F868044A
:109FD000CDF8280BD4F89C02A2EE015B96EDE26B63
:109FE000CDF8240BD4F89802CDF8200BD4F87404E3
:109FF00096EDE04BCDF81C0BA6EE045BD4F8700494
:10A00000CDF8180BD4F87C0496EDDE7BCDF8140B5C
:10A01000D4F87804CDF8100BD4F8840496EDDC8BDA
:10A02000CDF80C0B23EE082BD4F88004CDF8080BE8
:10A03000D4F88C04A7EE012B96EDDA9BCDF8040B37
:10A04000A9EE042BD4F88804CDF8000BD4F89404BE
:10A0500096EDD8BBCDF8FC0AD4F89004CDF8F80AF8
:10A06000D4F89C0496EDD6CBCDF8F40A23EE0C3B45
:10A07000D4F89804CDF8F00ADBE90001ABEE013B1F
:10A0800096EDD4DBCDF8EC1AADEE043BCDF8E80A42
:10A09000D4F83C0696EDD20BCDF8E40AD4F8380695
:10A0A000CDF8E00AD4F8440696EDD0EBCDF8DC0A02
:10A0B00000EE4E5BD4F84006CDF8D80AD4F84C0632
:10A0C00096EDCEFBCDF8D40A00EE4F2BD4F848061F
:10A0D000CDF8D00A96EDCC6B86EDF05B00EE463BFA
:10A0E000DDF8600BDDF8641BC4F88C12C4F888023C
:10A0F00086EDEE2BDDF8580BDDF85C1BC4F89412EE
:10A10000C4F8900286EDEC3BDDF8500BDDF8541BF3
:10A11000C4E9A601D4F8A404CDF8DC0BD4F8A0045B
:10A12000CDF8D80B0FCB9AED0E2BCDF8D41BCDF874
:10A13000D00BD4F8AC049AED0C1BCDF8CC0BD4F8B2
:10A14000A804CDF8C80B9AED0A5BCDF8C43BCDF856
:10A15000C02BD4F8B4049AED083BCDF8BC0B25EE27
:10A1600003EBD4F8B004CDF8B80BD4F8B402A2EEE7
:10A1700001EB9AED066BCDF8B40BD4F8B002CDF834
:10A18000B00BD4F8BC049AED044BCDF8AC0BA6EEA2
:10A1900004EBD4F8B804CDF8A80BD4F8C4049AEDB5
:10A1A000027BCDF8A40BD4F8C004CDF8A00BD4F8F2
:10A1B000CC049AED009BCDF89C0B23EE095BD4F800
:10A1C000C804CDF8980BD4F8D404A7EE015B96ED43
:10A1D000FE8BCDF8940BA8EE045BD4F8D004CDF838
:10A1E000900BD4F8DC0496EDFCBBCDF88C0BD4F8C6
:10A1F000D804CDF8880BD4F8E40496EDFACBCDF86A
:10A20000840B23EE0C2BD4F8E004CDF8800BD4F8AB
:10A210005406ABEE012B96EDF8DBCDF87C0BADEEE2
:10A22000042BD4F85006CDF8780BD4F85C0696EDE4
:10A23000F6FBCDF8740B00EE4FEBD4F85806CDF8D2
:10A24000700BD4F8640696EDF4ABCDF86C0B00EE11
:10A250004A5BD4F86006CDF8680B96EDF26B8AED98
:10A2600014EB00EE462BDDF8F00BDDF8F41BC4F820
:10A27000A412C4F8A0028AED125BDDF8E80BDDF849
:10A28000EC1BC4F8AC12C4F8A8028AED102BDDF860
:10A29000E00BDDF8E41BC4F8B4120299C4F8B00274
:10A2A000002900F011840BE0000000000000000015
:10A2B000D785107122E3C9BE3EF4B42EFB96753FDC
:10A2C00008F14803DDF814A09DED06FB0FCBCDF897
:10A2D0008C1A0DF5687BCDF8880AD4E9A80196EDB3
:10A2E000BA1BCDF8941ACDF8900A96EDBC3B21EE3E
:10A2F000031B23EE011B81EE001B33EE411B86ED99
:10A30000C21BDDF8A80ADDF8AC1AC4E9A801CDF833
:10A31000843ACDF8802A96EDB81B25EE011B25EE78
:10A32000011B81EE001B35EE411B86EDC01BDDF8E5
:10A33000A00ADDF8A41AC4E9AA01D8F85C00CDF897
:10A340007C0AD8F85800CDF8780A96EDB61B22EEB4
:10A35000011B22EE011B81EE000B32EE400B86ED5D
:10A36000BE0BD4F8402B002ADDF8980ADDF89C1AC1
:10A37000C4F8B412C4F8B00240F05C8142F2002B81
:10A38000D8F80000C2F2000BC4F8CC00D8F80800DE
:10A39000C4F8D400DBF80810C4F8EC10DBF80C109B
:10A3A000C4F8F010DBF81010C4F8F410DBF8141047
:10A3B000C4F8F810D8F80410C4F8D010D8F80C106D
:10A3C000C4F8D810D8F81000C4F8DC00D8F814107D
:10A3D000DBF80000C4F8E010DBF80410C4E9390130
:10A3E000D8E90001CDF8441ACDF8400A96EDA80B43
:10A3F0000AF0DEFC86EDAC0B2546DDF8500ADDF8F0
:10A40000541A45F8740F6960D8E90001CDF84C1A68
:10A41000CDF8480A96EDAA0B0AF072FC86EDB20B55
:10A42000B7EE009BDDF8680AB0EE498BDDF86C1AD8
:10A43000C5E906016868CDF85C0A2868CDF8580AB5
:10A4400096EDAE1B81EE000B86EDB40BDDF8700AC5
:10A45000DDF8741AC5E9080155E90401CDF8641A5C
:10A46000CDF8600A96EDB00B20EE410BA0EE018B0B
:10A47000B1EEC80BB4EE400BF1EE10FA82F13E8063
:10A48000D4E91101D4E91923CDF8EC1904F5967C2F
:10A49000CDF8E80996ED922BCDF8E439CDF8E02916
:10A4A000D8E9040196ED901BCDF8F41939EE411B63
:10A4B000CDF8F00922EE011B81EE081B81EE003B76
:10A4C00096ED941B82EE000B31EE033B86ED9E3B36
:10A4D00030EE010B89EE033BDDF8180ADDF81C1A9B
:10A4E000C4E9270186EDA03B1FED8F3BDDF8200A74
:10A4F000DDF8241AC4E92D0186ED960BDDF8F80984
:10A50000DDF8FC19C4E92901D4F89000CDF8DC0984
:10A51000D4F88C00CDF8D80996ED8E2B20EE022BC6
:10A5200086ED9A2B89EE000BDDF8080ADDF80C1A8F
:10A53000C4E92B0186ED980B89EE020B1FEDA22BCF
:10A54000DDF8000ADDF8041AC4E92F0186ED9C0B42
:10A55000DBF80820DBF80C30DBF81070DDF8100AAF
:10A56000DBF81450DDF8141AC4F80421C4E93101F1
:10A57000DBF80000C4F81401DBF80400C4F818018B
:10A58000DBF80800C4F81C01DBF80C00C4F820015B
:10A59000DBF81000C4F82401DBF81400C4F828012B
:10A5A000DBF80000C4F8FC00DBF80410C4F800116C
:10A5B000C4F808310DF5687BC4F80C71C4F810516B
:10A5C0008CE88F00C4F84051D4E91D01CDF82C1A55
:10A5D000CDF8280A96EDA20B20EE000B86EDA40B19
:10A5E000A0EE029B21EE030BDDF8300ADDF8341AF1
:10A5F000E0674DF6D070C4F88010C2F2000090ED14
:10A60000041B91EE490B86EDA60BD4F874010028CB
:10A61000DDF8381A08BF04F5A270DDF83C2AC4E959
:10A62000551290E88E00D0E90450C4E95B5004F55F
:10A63000AE708EC0D4E90201CDF8B41804F54673AB
:10A64000CDF8B00809F58077D4F88C0296ED443B3C
:10A65000CDF8AC08D4F88802CDF8A808D4F8940254
:10A6600096ED421BCDF8A40881EE034BD4F890027E
:10A67000CDF8A008D4F89C0296ED400BCDF89C08CC
:10A68000D4F89802CDF8980896ED3E2B86ED504B05
:10A6900080EE034B20EE000BDDF8E008A1EE010B8D
:10A6A000DDF8E418A2EE020BC9F8EC10C9F8E800D6
:10A6B00086ED4E4B82EE034B9FEDFB1BDDF8D80879
:10A6C000B4EE410BDDF8DC18C9F8F000C9F8F4105D
:10A6D00086ED4C4BF1EE10FADDF8D008DDF8D41819
:10A6E000C9E93E01D4F8A402CDF89408D4F8A00238
:10A6F000CDF89008D4F8AC0296ED3C4BCDF88C0820
:10A7000084EE034BD4F8A802CDF88808D4F8B4023C
:10A7100096ED3A5BCDF88408D4F8B002CDF8800805
:10A7200096ED386B86ED4A4B85EE034BDDF8C80895
:10A73000DDF8CC18C9F80411C9F8000186ED484BC2
:10A7400086EE034BDDF8C008DDF8C418C9F80C111B
:10A75000C9F8080186ED464BDDF8B808DDF8BC18ED
:10A76000C9E94401D4F8E804C4F84805D4F8EC1465
:10A77000C4F84C15D4F8F004C4F85005D4F8F41417
:10A78000C4F85415D4F8F804C4F85805D4F8FC14E7
:10A79000C4F85C15D4F8E804C4F86005D4F8EC14E7
:10A7A000C4F86415D4F8F004C4F86805D4F8F414B7
:10A7B000C4F86C15D4F8F804C4F87005D4F8FC1487
:10A7C000C4F874150FCBCDF81C39CDF818298CCFEF
:10A7D000D9F80C5196ED5E4BCDF8143904F5AE73F3
:10A7E000CDF81029D4F82C2396ED5C8BCDF80C29EC
:10A7F000D4F82823CDF8082996ED5A5BCDF80459F2
:10A80000CDF80079D4F8342396ED587BCDF8FC28A8
:10A8100027EE059BD4F8302324EE07EBCDF8F8287B
:10A82000D9F81421A4EE089B96ED566BCDF8F428C8
:10A8300028EE06CBD9F81021CDF8F02896ED54ABD0
:10A84000CDF8EC1825EE0ABBCDF8E808A6EE0A9B79
:10A8500096ED52DBADEE08BBA6EE47BBADEE07CBE7
:10A86000A4EE4ACB2DEE0B7BADEE0AEBA5EE48EB4A
:10A87000A9EE047BACEE467B2DEE0C8BAEEE057B99
:10A8800086ED607BA9EE058BAEEE448B2DEE0EDBE4
:10A89000ABEE068BDDF82009DDF82419C9F81C1190
:10A8A000A9EE06DBC9F8180186ED628BABEE45DB3D
:10A8B000ACEE04DBDDF82809DDF82C19C9F8241109
:10A8C000C9F8200186ED64DBDDF83009DDF83419C4
:10A8D000C9E94A010FCBCDF83809CDF83C1996EDFE
:10A8E000664BCDF8402934EE075BCDF84439D4F8F7
:10A8F0006C0196ED686BCDF8480938EE067BD4F80C
:10A900007001CDF84C0996ED6A4B86ED6C5B3DEE1F
:10A91000044BDDF85009DDF85419C9F83411C9F8B1
:10A92000300186ED6E7BDDF85809DDF85C19C9F859
:10A930003C11C9F8380186ED704BDDF86009DDF88F
:10A940006419C9E95001D9E96401CDF86809CDF865
:10A950006C19514651F8080F96ED726BCDF87009DD
:10A96000B0EE46DB4868CDF87409084603EE05DB17
:10A9700050F8082F96ED74AB36EE0D6BCDF87829B4
:10A98000B0EE4A9B4268CDF87C29D4E92D23D4E966
:10A99000317503EE079B96ED768BCDF880293AEE64
:10A9A000097BCDF8843996ED78BBCDF8887927EE10
:10A9B0000B5BCDF88C59D8E9002396ED7ACBCDF816
:10A9C0009029424626EE0C6BCDF8943952F8083F98
:10A9D00096ED7CABCDF898390FEE05AB5368CDF80A
:10A9E0009C39434653F8107F96ED7E7BCDF8A079D5
:10A9F0000FEE067B5F68CDF8A47996ED805B86ED5F
:10AA000086ABB0EE48AB03EE04ABDDF8B879DDF809
:10AA1000BC59C8F80070C8F8045086ED847B38EE45
:10AA20000A3B0FEE035BDDF8B079DDF8B45917602F
:10AA3000556086ED825BDDF8A829DDF8AC79C3E9C5
:10AA4000002786ED88DBDDF8C029DDF8C439C9E9C7
:10AA5000642386ED8C9BDDF8D029DDF8D439C1E97B
:10AA6000002386ED8AABDDF8C819DDF8CC2901603A
:10AA7000426080F2F982BCEE001BB7EE008BB6EEAE
:10AA800000AB20EE002BA0EE018B9FED091BA0EE8A
:10AA900001AB9FED090B9FED0A1BA2EE008BA2EE0E
:10AAA00001ABFBE200BF00BFAE1F14DBA1F6333FDA
:10AAB00055555555555595BF555555555555653FA2
:10AAC000111111111111313F09F59873E8ADC34609
:10AAD0000FCBCDF8CC16CDF8C80695EDCA1BCDF836
:10AAE000C436CDF8C026D9F8440195EDC83BCDF861
:10AAF000BC06D9F84001CDF8B806D9F8940195ED17
:10AB0000C64BCDF8B406D9F89001CDF8B006059F34
:10AB100007F1080395EDC40B0FCBCDF8DC16CDF88B
:10AB2000D80695EDCE2BCDF8D436CDF8D0269DEDB8
:10AB3000067BD4E92D0107EE010B95EDCC1B07EE4A
:10AB4000032B07EE041B8AED1C0B8AED1E2B8AEDEE
:10AB5000201BD4E93123CDF80417CDF8000795ED7B
:10AB6000D83BCDF8FC3622EE032BCDF8F82698E83A
:10AB70000F0095EDD64BCDF8F41620EE040BCDF872
:10AB8000F00695EDD45BCDF8EC3607EE025BCDF820
:10AB9000E826D8F8140095EDD26BCDF8E40607EE60
:10ABA000006BD8F81000CDF8E006D4F8400B95ED16
:10ABB000D02B8AED165B07EE012B8AED186B8AED20
:10ABC0001A2BBA4640B904F144000DF6F8310DF5E0
:10ABD0004162002301F0A8FFD4E90223D4E93F0138
:10ABE000CDF8DC3509F58077CDF8D825D846D4F8EE
:10ABF0008C2295ED8E3BCDF8D425D4F88822CDF863
:10AC0000D025D4F8942295ED8C0BCDF8CC2580EE90
:10AC1000032BD4F89022CDF8C825D4F89C2295EDCA
:10AC20008A1BCDF8C42581EE030BD4F89822CDF809
:10AC3000C02595ED884B85ED9C2B84EE031BDDF83C
:10AC40001026DDF81436C9F8EC308DED020BC9F88A
:10AC5000E82085ED9A0BDDF80826DDF80C36C9F8FA
:10AC6000F430C9F8F02085ED981BDDF80026DDF8FA
:10AC70000436C9E93E23D4F8A422CDF8BC25D4F883
:10AC8000A022CDF8B825D4F8AC2295ED864BCDF8AE
:10AC9000B42584EE034BD4F8A822CDF8B025D4F81F
:10ACA000B42295ED845BCDF8AC25D4F8B022CDF874
:10ACB000A82595ED826B85ED964B85EE034B86EED0
:10ACC000033BDDF8F825DDF8FC35C9F80431C9F897
:10ACD000002185ED944BDDF8F025DDF8F435C9F859
:10ACE0000C31C9F8082185ED923BDDF8E825DDF847
:10ACF000EC35C9E94423D4F8CC23CDF8A425D4F805
:10AD0000C823CDF8A02595ED806BCDF85C15CDF866
:10AD10005805D4F8D40395ED6E3BCDF86405D4F80E
:10AD2000D003CDF86005D4F8080195ED705BCDF83F
:10AD30006C05D4F80401CDF86805D4F8DC0395ED72
:10AD4000724BCDF8740525EE04ABD4F8D803CDF8DA
:10AD50007005D4F81001A6EE03AB95ED748BCDF819
:10AD60007C05D4F80C01CDF87805D4F8E40395ED12
:10AD700076BBCDF88405A8EE0BABD4F8E003CDF894
:10AD80008005D4F8EC0332EE4AAB95ED787BCDF834
:10AD90008C05D4F8E803CDF88805D4F8F40395EDD4
:10ADA0007ADBCDF8940524EE0D0BD4F8F003CDF842
:10ADB0009005D4F8FC03A7EE030B95ED7C9BCDF832
:10ADC0009C05A9EE0B0BD4F8F803CDF8980599E88B
:10ADD0000F0095ED7ECBCDF85415CDF8500595EDCF
:10ADE0006CEBCDF8E43504F5967324EE0E4BCDF8FC
:10ADF000E025ACEE034B95ED90FB85ED9EAB9DED14
:10AE000002ABAFEE0B4B3AEE400BDDF81806DDF867
:10AE10001C16C9F84C11C9F8480185EDA20B31EE9A
:10AE2000440BDDF82806DDF82C16C9F85411C9F8D2
:10AE3000500185EDA00BDDF82006DDF82416C9E9E8
:10AE400056010FCBCDF83006CDF8341695EDA43B66
:10AE5000CDF83826CDF83C3604F54673D4F83C01DD
:10AE600095EDA64BCDF8400625EE040BD4F8400135
:10AE7000CDF84406A6EE030B2DEE046B95EDA85B12
:10AE8000A8EE050BA7EE036BA9EE056B32EE400BA7
:10AE900085EDAE0B2EEE040B3AEE462BACEE030B1B
:10AEA000DDF85806AFEE050BDDF85C16C9F8641145
:10AEB000C9F8600185EDAC2B31EE400BDDF8500692
:10AEC000DDF85416C9F86C11C9F8680185EDAA0BB4
:10AED000DDF84806DDF84C16C9E95C010FCBCDF86A
:10AEE0006026CDF864368CCFD9F80C6195EDB00BA7
:10AEF000CDF86826CDF86C36D4F8282395EDB27BD2
:10AF0000CDF87026D4F82C23CDF8742695EDB41B1B
:10AF1000CDF87876CDF87C66D4F8302395EDB6ABD5
:10AF2000CDF880262AEE016BD4F83423CDF88426A0
:10AF3000D9F81021A0EE076B95EDB82BCDF8882637
:10AF400027EE029BD9F81421CDF88C2695EDBACBCB
:10AF5000CDF8900621EE0C8BCDF89416A2EE0C6B7A
:10AF600095EDBCBBABEE078BA2EE4A8BABEE0A9B1A
:10AF700020EE0AAB2BEE08DBA0EE4C9BABEE0CAB4D
:10AF8000A1EE47ABA6EE00DBA9EE42DB2BEE097B80
:10AF9000AAEE01DB85EDC2DBA6EE017BAAEE407BCB
:10AFA000A8EE027BDDF8A8062BEE0AABDDF8AC16A6
:10AFB000C9F81C11C9F8180185EDC07B9DED06CBC1
:10AFC000A6EE02AB24EE4CFBA8EE41ABDDF8A006EA
:10AFD000A9EE00ABDDF8A41623EE4CDBC9F8241172
:10AFE0002FEE0F0BC9F8200125EE4CEB85EDBEAB23
:10AFF000ADEE0D0BAEEE0E0B9FED131BDDF89806BC
:10B00000B4EE410BDDF89C16F1EE10FAC9F82801F8
:10B01000C9F82C1180F26582BCEE001BB7EE008BE4
:10B02000B6EE004B9FED0A3B20EE002BA0EE018B0D
:10B03000A0EE034B9FED080B9FED091BA2EE008BCA
:10B04000A2EE014B67E200BFAE1F14DBA1F6333F57
:10B0500055555555555595BF555555555555653FFC
:10B06000111111111111313FB1EEC01BB6EE00AB41
:10B07000B4EE411BF1EE10FA81F13A8221EE0A9B07
:10B08000B0EE490B09F03CFEB0EE408BB0EE490B40
:10B0900009F08EFE80EE090B20EE0AAB04F5227358
:10B0A0000FCBCDF83C17CDF838079BEDE60BCDF86C
:10B0B00034372AEE005BCDF83027D4F89C029BEDA4
:10B0C000E41BCDF82C072AEE019BD4F89802CDF8AA
:10B0D0002807D4F81C039BEDE22BCDF824072AEEB9
:10B0E00002ABD4F81803CDF82007D4F824039BED65
:10B0F000E03BCDF81C07D4F82003CDF81807D4F8AE
:10B100002C039BEDDE6BCDF8140726EE450BD4F82F
:10B11000280328EE061BCDF81007D4F83403A3EE5D
:10B12000080BA3EE051B9BEDDC7BCDF80C0728EE8E
:10B13000072BD4F83003A7EE490BCDF80807A7EE8C
:10B140000A1BA3EE092B9BEDDA4BA4EE4A0B8BED09
:10B15000EE0BA4EE491BA4EE052B28EE044BDDF804
:10B160005807A6EE4A2BDDF85C17A3EE0A4BC4F88D
:10B170001C13A6EE094BC4F818038BEDEC1BA7EECD
:10B18000454B20EE006B21EE017BDDF8500722EEEF
:10B19000023BDDF8541736EE078BC4F8241324EE77
:10B1A000045BC4F820038BEDEA2B38EE438B20EED2
:10B1B000049B21EE02ABDDF8480738EE458BDDF845
:10B1C0004C173AEE49BBC4F82C1321EE04CBC4F85B
:10B1D00028038BEDE84B3BEE0BBB3AEE099B36EEBA
:10B1E000476BDDF8400739EE099BDDF84417C4F8DA
:10B1F0003413C4F8300386ED008B20EE028B20EE72
:10B20000010B36EE031BDDF8A00722EE042BDDF860
:10B21000A41731EE451BC4F83C13C4F838038BED7A
:10B22000F2BB38EE0CBB3BEE0BBBDDF86807DDF87C
:10B230006C17C4F84413C4F840038BEDF6BBDDF87B
:10B240007807DDF87C17C4F84C13C4F848038BED7D
:10B25000F09BDDF86007DDF86417C4F85413C4F8F8
:10B2600050038BEDFE1B32EE401B30EE020B31EE35
:10B27000011BDDF8980730EE000BDDF89C17C4F8D1
:10B280005C13C4F858038BEDFA1B3CEE481B31EEFF
:10B29000011BDDF88807DDF88C17C4F86413C4F8C7
:10B2A00060038BEDF41BDDF87007DDF87417C4F84C
:10B2B0006C13C4F868038BEDF80B36EE430B30EEDD
:10B2C000050BDDF88007DDF88417C4F87413C4F8A3
:10B2D00070038BEDFC0BDDF89007DDF89417C4F8D4
:10B2E000780304F54E70C4F87C13FBF7E9FB86ED98
:10B2F000220B04F54E73DDF82808DDF82C18C9E997
:10B300005E0186ED241BDDF83008DDF83418C9E94C
:10B31000600186ED262BDDF83808DDF83C18C9E918
:10B3200062010FCBCDF8AC17CDF8A807D4F85403C1
:10B3300096ED020BCDF8B407D4F85003CDF8B00762
:10B34000D4F86C0396ED043BCDF8BC07D4F8680341
:10B35000CDF8B80796ED065BCDF8C4370AF10803BF
:10B36000CDF8C027D4F85C0396ED081BCDF8CC07C8
:10B37000D4F85803CDF8C807D4F8740396ED0A2B17
:10B38000CDF8D407D4F87003CDF8D007D4F84C0327
:10B3900096ED0C4BCDF8DC07D4F84803CDF8D80770
:10B3A000D4F8640396ED0E6BCDF8E407D4F860038F
:10B3B000CDF8E007D4F87C0396ED107BCDF8EC07D0
:10B3C000D4F87803CDF8E80796ED128B86ED140BD0
:10B3D000DDF8F007DDF8F417C4E9F20186ED163B5D
:10B3E000DDF8F807DDF8FC17C4E9F40186ED185B19
:10B3F000DDF80008DDF80418C4E9F60186ED1A1B33
:10B40000DDF80808DDF80C18C4E9F80186ED1C2BFE
:10B41000DDF81008DDF81418C4E9FA0186ED1E4BBA
:10B42000DDF81808DDF81C18C4E9FC0186ED206B76
:10B43000DDF82008DDF82418C4E9FE0186ED2A7B3A
:10B44000DDF84808DDF84C18C9E9000186ED288BC5
:10B45000DDF84008DDF84418C9E90201D9E96401C2
:10B46000CDF85008CDF854180FCB96ED2C9BCDF8A5
:10B470005808CDF85C1896ED2EABCDF8602823EE79
:10B480000A3BCDF86438A0EE093B96ED30BB2AEEBE
:10B49000020BA5EE0B3B86ED363BA1EE090BA4EEAD
:10B4A0000B0BDDF87808DDF87C18CAF87C10CAF8B8
:10B4B000780086ED340B2AEE070BA6EE090BDDF8BB
:10B4C0007008A8EE0B0BDDF87418CAF88410CAF8DF
:10B4D000800086ED320BDDF86808DDF86C1800F0AE
:10B4E0000EBCB1EEC01BB6EE00ABB4EE411BF1EEEC
:10B4F00010FA81F1098021EE0A9BB0EE490B09F0A8
:10B50000FFFBB0EE408BB0EE490B09F051FC80EE32
:10B51000090B20EE0A4B2FEE040B09F58C732DEE70
:10B52000041B0FCB2EEE044BCDF8AC14CDF8A804C1
:10B5300095ED422BCDF8A43424EE027BCDF8A02467
:10B54000D9F82C0195ED406BCDF89C0426EE003B1C
:10B55000D9F82801A8EE067BCDF89804D4F860014C
:10B56000A1EE023B95ED3E9BCDF8B40420EE095BC5
:10B57000D4F85C01A4EE093BCDF8B004A1EE497B00
:10B58000D4F86801A8EE025BA4EE465B21EE066BE0
:10B5900028EE07BBA8EE096B95ED449BA0EE426B2D
:10B5A000CDF8BC0428EE052BD4F86401A3EE00BB53
:10B5B000CDF8B804A6EE41BBD4F87001A3EE012B80
:10B5C000A7EE442B95ED46ABA6EE002BCDF8C404B8
:10B5D00028EE068BD4F86C01A5EE04BBCDF8C004B0
:10B5E00039EE022BA3EE048B3AEE0B6B95ED489BE4
:10B5F00085ED542BA5EE408BA7EE018BDDF8F00412
:10B6000039EE080BDDF8F414C9F83411C9F830012B
:10B6100085ED586BDDF80005DDF80415C9F83C111F
:10B62000C9F8380185ED560BD4E92D23DDF8F8046F
:10B63000DDF8FC14C9E95001D4E90201CDF8DC14AD
:10B64000CDF8D804D9F8940195ED4E1BCDF89404AB
:10B65000D9F89001CDF89004504650F8107F01467B
:10B6600095ED3C3B51F8086DCDF8E864B0EE43AB86
:10B670004E68CDF8EC6401EE02AB95ED527B33EEF3
:10B680000A3BCDF8E074B0EE474B4768CDF8E47460
:10B6900006EE014B95ED505B37EE046BCDF8D434DC
:10B6A000CDF8D024D4F8C82095ED4C8BCDF8CC241F
:10B6B00026EE082BD4F8C420CDF8C824D8E90023FE
:10B6C00095ED4A9BCDF87C3423EE093BCDF87824E8
:10B6D000424652F8083F95ED367BCDF888340CEEA3
:10B6E000027B5368CDF88C34434653F8107F95EDB8
:10B6F0003A6BCDF880740CEE036B5F68CDF8847400
:10B7000095ED382B85ED5E7BB0EE457B00EE017B41
:10B71000DDF81875DDF81C65C8F80070C8F804601D
:10B7200085ED5C6B35EE070B0CEE002BDDF810752C
:10B73000DDF814651760566085ED5A2B9FED82CBBE
:10B74000DDF80825DDF80C75C3E9002785ED60AB51
:10B75000DDF82025DDF82435C9E9642385ED644B47
:10B76000DDF83025DDF83435C1E9002385ED627B55
:10B7700004F59673DDF82815DDF82C25C0E90012D4
:10B780000FCBCDF83805CDF83C1595ED660BCDF80F
:10B79000402520EE41BBCDF84435D4F83C0195ED71
:10B7A000682BCDF8480522EE41DBD4F84001CDF8F6
:10B7B0004C052DEE0D0B95ED6A2BABEE0B0B22EE2F
:10B7C00041EBAEEE0E0BB4EE4C0BF1EE10FA18DAC4
:10B7D000B6EE00ABBCEE001BB7EE008BB0EE4A4BF2
:10B7E0009FED5B3B20EE002BA0EE018BA0EE034B08
:10B7F0009FED590B9FED5A1BA2EE008BA2EE014B61
:10B8000019E0B1EEC01BB6EE00ABB4EE411BF1EE99
:10B8100010FA80F17F8621EE0A9BB0EE490B09F009
:10B820006FFAB0EE408BB0EE490B09F0C1FA80EE32
:10B83000090B20EE0A4BD4F81C03CDF87404D4F89D
:10B840001803CDF87004D4F8240304F522732BEE0A
:10B85000042B2DEE045B95ED341B2EEE046BCDF81E
:10B860006C0425EE01EBD4F8200322EE01DBCDF8C9
:10B87000680426EE01FBD4F82C0395ED320BCDF8CD
:10B88000640422EE40BBD4F82803A8EE00DBCDF818
:10B890006004D4F83403A8EE01BB95ED303BCDF83D
:10B8A0005C04A8EE03EBD4F83003A6EE00EBCDF871
:10B8B00058040FCBA5EE43BB95ED2E4BCDF8541499
:10B8C000A8EE04FBCDF85004A2EE03FBA5EE40FB6E
:10B8D000A5EE04DB95ED2C7BA6EE44BBCDF84C34F5
:10B8E000A6EE43DBCDF84824A2EE44EBD4F89C024C
:10B8F00095ED2A1BCDF8440421EE010BD4F89802F3
:10B90000CDF84004A7EE070B95ED281BA1EE010B27
:10B91000B4EE4C0BF1EE10FA26DABCEE001BB7EEDB
:10B92000008B20EE002BA0EE018B9FED091BA0EEFB
:10B9300001AB9FED090B9FED0A1BA2EE008BA2EE5F
:10B9400001AB29E000BF00BFAE1F14DBA1F6333FFF
:10B9500055555555555595BF555555555555653FF3
:10B96000111111111111313FB1EEC01BB4EE411B89
:10B97000F1EE10FA80F1D48521EE0A9BB0EE490B6E
:10B9800009F0BEF9B0EE408BB0EE490B09F010FAA9
:10B9900080EE090B20EE0AAB2FEE084B04F5227364
:10B9A0000FCBCDE9BE019DEDBE0BCDE9BC232AEE48
:10B9B000003BD4F89C029DEDBC1B2DEE430BBB90CD
:10B9C0002AEE015BD4F898022DEE081BBA90ABEE7C
:10B9D000080BAEEE450BABEE031B9DEDBA2B2AEE2A
:10B9E000026B2EEE082BAFEE460B8DEDC60BAEEEC6
:10B9F000061BAFEE451BABEE052BDDE9C601AFEE36
:10BA0000032BC4F81C13ADEE462BC4F818038DEDC0
:10BA1000C41BABEE064B20EE006B21EE017BDDE993
:10BA2000C401ADEE054BC4F82413AEEE434BC4F88D
:10BA300020038DEDC22B22EE023B36EE078B24EE67
:10BA4000045BDDE9C20138EE438BC4F82C1320EE11
:10BA5000049BC4F828038DEDC04B21EE02AB38EEF9
:10BA6000458B21EE04CBC0983AEE49BBC1993AEE22
:10BA7000099BC4F8341336EE476BC4F830038DEDE0
:10BA8000D88B20EE028B3BEE0BBB39EE099BDDE938
:10BA9000D80120EE010BC4F83C1336EE031BC4F8AA
:10BAA00038038DEDCABB38EE0CBB22EE042B31EE11
:10BAB000451B3BEE0BBBDDE9CA01C4F84413C4F8D7
:10BAC00040038DEDCEBBDDE9CE01C4F84C13C4F8C4
:10BAD00048038DEDC89BDDE9C801C4F85413C4F8D0
:10BAE00050038DEDD61B32EE401B30EE020B31EED3
:10BAF000011BDDE9D60130EE000BC4F85C13C4F87D
:10BB000058038DEDD21B3CEE481B31EE011BDDE9E5
:10BB1000D201C4F86413C4F860038DEDCC1BDDE9D9
:10BB2000CC01C4F86C13C4F868038DEDD00B36EE6D
:10BB3000430B30EE050BDDE9D001C4F87413C4F8F3
:10BB400070038DEDD40BDDE9D401C4F8780304F55E
:10BB50004E70C4F87C13FAF7B3FF85ED120B04F5B1
:10BB60004E73DDE9FA01C9E95E0185ED141BDDE9DB
:10BB7000FC01C9E9600185ED162BDDE9FE01C9E98B
:10BB800062010FCBCDE9DA01D4F854039DEDDA0B55
:10BB9000DD90D4F85003DC90D4F86C039DEDDC3BD1
:10BBA000DF90D4F86803DE909DEDDE5BCDE9E02305
:10BBB000D4F85C030AF108039DEDE01BE390D4F890
:10BBC0005803E290D4F874039DEDE22BE590D4F88D
:10BBD0007003E490D4F84C039DEDE44BE790D4F867
:10BBE0004803E690D4F864039DEDE66BE990D4F841
:10BBF0006003E890D4F87C0395ED007BEB90D4F8DB
:10BC00007803EA9095ED028B85ED040BDDE9EC01FC
:10BC1000C4E9F20185ED063BDDE9EE01C4E9F4017A
:10BC200085ED085BDDE9F001C4E9F60185ED0A1B4D
:10BC3000DDE9F201C4E9F80185ED0C2BDDE9F40141
:10BC4000C4E9FA0185ED0E4BDDE9F601C4E9FC011A
:10BC500085ED106BDDE9F801C4E9FE0185ED1A7B85
:10BC6000DDF80804DDF80C14C9E9000185ED188B36
:10BC7000DDF80004DDF80414C9E90201D9E9640122
:10BC8000CDF81004CDF814140FCB95ED1C9BCDF816
:10BC90001804CDF81C1495ED1EABCDF8202423EE2E
:10BCA0000A3BCDF82434A0EE093B95ED20BB2AEEEB
:10BCB000020BA5EE0B3B85ED263BA1EE090BA4EE96
:10BCC0000B0BDDF83804DDF83C14CAF87C10CAF818
:10BCD000780085ED240B2AEE070BA6EE090BDDF8A4
:10BCE0003004A8EE0B0BDDF83414CAF88410CAF83F
:10BCF000800085ED220BDDF82804DDF82C14CAF84D
:10BD00008C10CAF88800DAE90001CDE9B601D4E95F
:10BD10000A019DEDB61BCDE9B8019DEDB80BB0EE63
:10BD2000402BB4EE401BF1EE10FA06DCB1EE402BD6
:10BD3000B4EE421BF1EE10FA05DA8DEDB42BDDE91D
:10BD4000B401CAE90001DAE90201CDE9B201B0EEBD
:10BD5000401B9DEDB22BB4EE402BF1EE10FA06DC49
:10BD6000B1EE401BB4EE412BF1EE10FA05DA8DED89
:10BD7000B01BDDE9B001CAE90201DAE90401CDE94D
:10BD8000AE019DEDAE1BB4EE401BF1EE10FA06DCE9
:10BD9000B1EE400BB4EE401BF1EE10FA05DA8DED7A
:10BDA000AC0BDDE9AC01CAE90401D8E90001CDE939
:10BDB000AA019FED8B0B9DEDAA1BB4EE401BF1EE8B
:10BDC00010FA06DC9FED880BB4EE401BF1EE10FA82
:10BDD00005DA8DEDA80BDDE9A801C8E90001D8E975
:10BDE0000201CDE9A6019FED821B9DEDA60BB4EEED
:10BDF000410BF1EE10FA02DD9FED7F1B08E09FED95
:10BE0000801BB4EE410BF1EE10FA09DA9FED7E1BB8
:10BE100030EE010B8DEDA40BDDE9A401C8E90201B0
:10BE2000D8E90401CDE9A001D4E90E019DEDA00BF4
:10BE3000CDE9A2019DEDA21BB4EE410BF1EE10FA8B
:10BE40000ADCD4E90C01CDE99E019DED9E1BB4EE08
:10BE5000410BF1EE10FA05DA8DED9C1BDDE99C013A
:10BE6000C8E90401D4E90801CDE99A019FED680B06
:10BE700004F528669DED9A8BB4EE408BF1EE10FA36
:10BE800040F36181256C002D64D0DAE90001DAF815
:10BE90004C20CDE99601504650F8481F9DED960B79
:10BEA000CDE998129DED981BB4EE410BF1EE10FA1E
:10BEB0000CDC504650F8601F9491416895919DEDBF
:10BEC000941BB4EE410BF1EE10FA05DA8DED920BF6
:10BED000DDE99212C0E90012504650F8501F50E9B7
:10BEE0001223CDE990239DED900B8E9141688F91A7
:10BEF0009DED8E1BB4EE410BF1EE10FA0CDC5046BA
:10BF000050F8681F8C9141688D919DED8C1BB4EEAB
:10BF1000410BF1EE10FA05DA8DED8A0BDDE98A129C
:10BF2000C0E90012DAE90401DAE91623CDE9880153
:10BF30009DED880BCDE986239DED861BB4EE410B6C
:10BF4000F1EE10FA68DD8DED800BDDE98001CAE9C4
:10BF5000160172E0DAF80820C4F8E025C4F8F825E4
:10BF600042F20022C2F20002DAF81000C4F8000621
:10BF7000DAF81410C4F80416DAF80C30C4F8E43512
:10BF8000C4F8E805DAF80000C4F8EC15DAF8041093
:10BF9000C4F8F005C4F8F415C4F8FC351368C4F807
:10BFA000C0355368C4F8C4359368C4F8C835D3683D
:10BFB000C4F8CC3513695269C4F8D425C4F8D8053F
:10BFC0000020C4F8DC1504F54E71C4E9060004F540
:10BFD00082604822C4F8D035F4F749FC2DE000BF58
:10BFE000393F0338D51AF93F393F0338D51AF9BF1D
:10BFF000112D4454FB210940112D4454FB2119C03B
:10C00000112D4454FB2109C0112D4454FB2119402A
:10C01000A281F0FFFFFFAF3CDAE91C01CDE984010A
:10C020009DED841BB4EE410BF1EE10FA05DA8DEDB7
:10C03000820BDDE98201CAE91C019AE80F00CDE913
:10C040006801504650F8301F9DED680B72914168B1
:10C0500073919DED721B30EE010B8DED7C0BDDE9D4
:10C060007C17C0E90017CDE97023504650F8381FFF
:10C070009DED701B6E9141686F919DED6E2B31EEC1
:10C08000021B8DED7A1BDDE97A12C0E90012DAF8A5
:10C0900014006D90DAF810006C90504650F8401F74
:10C0A0009DED6C2B6A9141686B919DED6A3B32EE80
:10C0B000032B8DED782BDDE978120160214642607B
:10C0C00051F8183F51E90402CDE976029DED763B27
:10C0D0007493486875909DED744B33EE043B8DED81
:10C0E0007E3BB4EE483BF1EE10FADDE97E02C1E999
:10C0F000000205F10100886225DBB7EE004B03EE7C
:10C10000100AB8EEC33B84EE033B23EE000B8DED2B
:10C11000660B23EE010BDDE96601CAF81C10CAF8B4
:10C1200018008DED640B23EE020BDDE96401CAF803
:10C130002410CAF820008DED620BDDE96201CAE926
:10C140000A0100202064D4E90201CDE96001D4F89D
:10C15000BC029DED600B5B90D4F8B8025A90D4F805
:10C16000C4029DED5A1B5D9081EE003BD4F8C002E5
:10C170005C90D4F8CC029DED5C2B5F9082EE002B9E
:10C18000D4F8C8025E9022EE021B9DED5E4BA3EE3A
:10C19000031B84EE000BA0EE001BB1EEC10BB4EE4E
:10C1A000400BF1EE10FA80F199810020C4F8CC0A1E
:10C1B000D6E90001CDE9580130469DED581BB4EE9B
:10C1C000401BF1EE10FA0CDB304650F8081F569178
:10C1D000416857919DED561BB4EE401BF1EE10FAED
:10C1E00005DD8DED540BDDE95412C0E90012304637
:10C1F00050F8101F5291416853919DED521BB4EEBF
:10C20000401BF1EE10FA0CDB304650F8181F50912D
:10C21000416851919DED501BB4EE401BF1EE10FAB8
:10C2200005DD8DED4E0BDDE94E12C0E90012D4F8AC
:10C23000C40A0138C4F8C40A2CDCD6E90001CDE9EF
:10C2400042019DED421B8DED461BDDE94601C6E92D
:10C250000801304650F8081F4491416845919DED12
:10C26000441B8DED4C1BDDE94C12C6E90A128DED25
:10C270004A0BDDE94A12C0E900128DED480BDDE9F9
:10C280004801C6E90001D4F8C00AC4F8C40A012074
:10C29000C4F8CC0AD4F8C80A0138C4F8C80A2FDC9C
:10C2A000314651F8182F084650F8083D3893436836
:10C2B00039939DED381B8DED3E1BDDE93E37C1E91D
:10C2C000063736924A6837929DED361B8DED3C1B42
:10C2D000DDE93C23C1E908238DED3A0BDDE93A2382
:10C2E000C1E900238DED400BDDE94012C0E90012E9
:10C2F000D4F8C00AC4F8C80A4FF0FF30C4F8CC0A1A
:10C30000D4E90201CDE93401D4F8D4029DED340B17
:10C310002F90D4F8D0022E90D4F8DC029DED2E1B85
:10C32000319081EE003BD4F8D8023090D4F8E4028A
:10C330009DED302B339082EE002BD4F8E00232904A
:10C3400022EE021B9DED324BA3EE031B84EE000B8D
:10C35000A0EE001BB1EEC10BB4EE400BF1EE10FAF3
:10C3600080F1C180D4E95501CDE92A0100209DED7D
:10C370002A1BC4F83C0B304630EE010B50F8701FFE
:10C380002C9141682D919DED2C1BB4EE401BF1EEDC
:10C3900010FA0CDB304650F8781F2891416829913B
:10C3A0009DED281BB4EE401BF1EE10FA05DD8DED7E
:10C3B000260BDDE92612C0E90012304650F8801F36
:10C3C0002491416825919DED241BB4EE401BF1EEB4
:10C3D00010FA0CDB304650F8881F229141682391F7
:10C3E0009DED221BB4EE401BF1EE10FA05DD8DED44
:10C3F000200BDDE92012C0E90012D4F8340B01381B
:10C40000C4F8340B2EDC314651F8782F084650F82A
:10C41000083D1693436817939DED161B8DED1C1B6D
:10C42000DDE91C37C1E9063714924A6815929DED83
:10C43000141B8DED1A1BDDE91A23C1E908238DEDCC
:10C44000180BDDE91823C1E900238DED1E0BDDE992
:10C450001E12C0E90012D4F8300BC4F8340B0120CE
:10C46000C4F83C0BD4F8380B0138C4F8380B2EDC78
:10C4700056F8881F304650F8082D0A9242680B92F1
:10C480009DED0A1B8DED101BDDE91023C6E9062387
:10C490000891716809919DED081B8DED0E1BDDE97A
:10C4A0000E12C6E908128DED0C0BDDE90C12C6E97F
:10C4B00000128DED120BDDE91212C0E90012D4F862
:10C4C000300BC4F8380B4FF0FF30C4F83C0B0DF6BE
:10C4D000284DBDEC108B01B0BDE8F08FB0EE410BE4
:10C4E00008F0BEFC61E6B0EE410B08F0B9FC39E79C
:10C4F00008F0B6FCB0EE401BFEF7C0BDB0EE480B36
:10C5000008F0AEFCFDF7BCBF08F0AAFCB0EE401B83
:10C51000FEF7F1BF08F0A4FCB0EE401BFFF77BB9BB
:10C5200008F09EFCB0EE401BFFF726BA00000000AA
:10C530002DE9F04F81B02DED028B8EB04DF6D07706
:10C540000446C2F20007A346B7EE004B984697EDAB
:10C55000002B97ED021B97ED063B8DED062BB0EE01
:10C56000408B91468A46DDE906074BF8440F0BF5F0
:10C570008075CBF804708DED081B34EE411BDDE9AE
:10C580000807CBF81470CBF810008DED0A3B22EEB3
:10C59000013B23EE431BDDE90A07CBF82800A2EE9E
:10C5A000021BCBF82C708DED0C3B0BF61C27B1EE6B
:10C5B000C10BDDE90C01B4EE400BCBF80C10F1EE31
:10C5C00010FACBF8080080F1C680D4E91101CDE95A
:10C5D000000142F200260023C2F2000632469DED21
:10C5E000001B80EE010B8DED020B20EE000BDDE950
:10C5F0000201C4E917018DED040BDDE90401C4E972
:10C6000019013068286070686860B068A860F068D8
:10C61000E8603069286170696861584631460025D4
:10C62000C4F8745100F080FAD6F808C0C4F808C302
:10C63000D6F804E00120C4E9BBEC04F53D7CF168C8
:10C64000C4F8800240F20110A4F884023269C4F8F0
:10C650000C137369C4F810233068C4F81433C4F899
:10C66000E8028CE80E00C4E9C00ED6F808C0C4F891
:10C67000A8C2F168C4F8AC123269C4F8B022736978
:10C68000C4F8B432B0EE480B30687668C4F888025B
:10C69000C4E9A36C04F5257CC4F81052C4E9A806CB
:10C6A0008CE80E004FF00040F865C7E90305C7E9C4
:10C6B0000705C7E90B05C7E90F05C7E9130564219D
:10C6C000C4F8C01AC4F8C41A3222C4F8C82A4346AF
:10C6D000C7E91E50C7E92250C7E92650C7E92A50CA
:10C6E000C7E92E50C7E93250C4F8301B2046C4F8C1
:10C6F000341B5146C4F8382B4A46C4F8C451C4F818
:10C700007851C4F85C52C4F87852C7E90055BD604E
:10C71000C7E90555C7E90955C7E90D55C7E91155D9
:10C72000C7E91555C4F8CC5AC7E91C55C7E92055C7
:10C73000C7E92455C7E92855C7E92C55C7E930553D
:10C74000C4F83C5BFCF788FD20460EB0BDEC028BC4
:10C7500001B0BDE8F08FB0EE410B08F081FB34E78B
:10C760002DE9F04F81B02DED0E8B9CB04DF6D077BA
:10C770000446C2F20007A346B7EE004B984697ED79
:10C78000002B97ED021B97ED063B8DED0C2BB0EEC9
:10C79000408B91468A46DDE90C074BF8440F0BF5B8
:10C7A0008075CBF804708DED0E1B34EE411BDDE976
:10C7B0000E07CBF81470CBF810008DED103B22EE75
:10C7C000013B23EE431BDDE91007CBF82800A2EE66
:10C7D000021BCBF82C708DED123B0BF61C27B1EE33
:10C7E000C10BDDE91201B4EE400BCBF80C10F1EEF9
:10C7F00010FACBF8080080F12281D4E91101CDE9CB
:10C80000000142F200260023C2F2000632469DEDEE
:10C81000001B80EE010B8DED020B20EE000BDDE91D
:10C820000201C4E917018DED040BDDE90401C4E93F
:10C8300019013068286070686860B068A860F068A6
:10C84000E8603069286170696861584631460025A2
:10C85000C4F8745100F068F9D6F808C0C4F808C3E9
:10C86000D6F804E00120C4E9BBEC04F53D7CF16896
:10C87000C4F8800240F20110A4F884023269C4F8BE
:10C880000C137369C4F810233068C4F81433C4F867
:10C89000E8028CE80E00C4E9C00ED6F808C0C4F85F
:10C8A000A8C2F168C4F8AC123269C4F8B022736946
:10C8B000C4F8B4323068C4F888027668C4F81052FC
:10C8C000C4E9A36C04F5257CC4F8C451C4E9A806E6
:10C8D0008CE80E00C4F878514FF00040C4F85C5268
:10C8E0006421C4F878523222C7E90055BD60C7E917
:10C8F0000305C7E90555C7E90705C7E90955C7E9AC
:10C900000B05C7E90D55C7E90F05C7E91155C7E97B
:10C910001305C7E91555F865C4F8C01AC4F8C41A58
:10C92000C4F8C82AC4F8CC5AC7E91C55C7E91E5038
:10C93000C7E92055C7E92250C7E92455C7E9265061
:10C94000C7E92855C7E92A50C7E92C55C7E92E5031
:10C95000C7E93055C7E93250C4F8301BC4F8341B5E
:10C96000B6EE002BC4F8382BC4F83C5B9AE80F00F5
:10C97000CDE90A019DED0A0BCDE9082320EE029BCB
:10C98000DAF814009DED081BB0EE490B079021EE7C
:10C9900002ABDAF8100006909DED063B23EE02BBD9
:10C9A00008F006FAB0EE40CBB0EE4A0B08F000FA01
:10C9B000B0EE40DBB0EE4B0B08F0FAF9B0EE40EB16
:10C9C000B0EE490B08F09CF9B0EE409BB0EE4A0B7C
:10C9D00008F096F9B0EE40ABB0EE4B0B08F090F9D2
:10C9E0002CEE0D1B14A92DEE094B20462CEE0A5BF4
:10C9F0004A4629EE0A2B434621EE4E3B24EE4E6B6F
:10CA00002EEE057B21EE001BA2EE003BA5EE006B97
:10CA1000A4EE007BB0EE480BA2EE0E1B8DED143B96
:10CA20008DED166B8DED187B8DED1A1BFCF714FC4C
:10CA300020461CB0BDEC0E8B01B0BDE8F08FB0EE0F
:10CA4000410B08F00DFAD8E680B584B0D0F808C0E4
:10CA500006A9BCF1010F039125DB43EC112B9FEDDF
:10CA6000140BB4EE401BF1EE10FA1CDC039B0430F7
:10CA7000012200BF8DED001B6245DDE9001E40F87C
:10CA8000081F03F1070121F00701C0F804E001F1DC
:10CA9000080307DA91ED001B0132B4EE401BF1EE02
:10CAA00010FAE7DD039304B080BD00BF00BF00BFF4
:10CAB000DE8BACCC8E79554680B584B0D0F808C0FA
:10CAC00006A9BCF1010F039127DB43EC112B9FED6D
:10CAD000140BB4EE401BF1EE10FA1EDC039B043085
:10CAE000012200BF21EE011B62458DED001BDDE937
:10CAF000001E40F8081F03F1070121F00701C0F8EC
:10CB000004E001F1080307DA91ED001B0132B4EEF5
:10CB1000401BF1EE10FAE5DD039304B080BD00BFC9
:10CB2000DE8BACCC8E7955462DE9F0472DED048B8C
:10CB3000E4B089460746D1E900C1D9E90264D9E9E0
:10CB40000450C7E92650C7E92464C7E922C19246C8
:10CB500007F1A00C07CADAE90354DAF81460984622
:10CB6000C7E92C468CE82700D9E90001CDE9560138
:10CB70009DED560B08F01CF98DED5A0B3C46DDE996
:10CB80005A0144F8300F6160D9E90001CDE958013C
:10CB90009DED580B08F0B4F88DED600BB7EE009BDF
:10CBA000DDE96001C4E90601B0EE498B60685D9083
:10CBB00020685C909DED5C1B81EE000B8DED620B9F
:10CBC000DDE96201C4E9080154E90401CDE95E012F
:10CBD0009DED5E0B20EE410BA0EE018BB1EEC80B7C
:10CBE000B4EE400BF1EE10FA80F1CB81D7E90001F1
:10CBF000D7E90823CDE94201B8F1000F9DED422BA2
:10CC0000CDE94623D9E904019DED461B499139EE52
:10CC1000411B489022EE011B9DED483B81EE081B15
:10CC200081EE001B82EE000B33EE011B8DED521BDB
:10CC300030EE032B89EE011BDDE95201C7E9160135
:10CC40008DED541B54985599C7E91C018DED4A2B65
:10CC5000DDE94A01C7E91801F86C4590B86C4490C9
:10CC60009DED440B22EE003B8DED4E3B89EE022BF9
:10CC700089EE033BDDE94E01C7E91A018DED4C2B2E
:10CC8000DDE94C01C7E91E018DED503BDDE95001A6
:10CC9000C7F88410C7F8800066D0BFEE003B42F2B0
:10CCA0000020C2F200009FEDBA2B8168C7F8D810AF
:10CCB0004468C7E92F4107F1C401C268C7F8DC2006
:10CCC0000369C7F8E0304669C7F8E4600568C7F84B
:10CCD000B8504CC1C7E93454D0E90012C7F8E81085
:10CCE0008168C7F8EC20C268C7F8F0100169C7F87E
:10CCF000F4204069C7E93E10D7E90C01CDE93C01B9
:10CD00009FEDA55B9DED3C0B20EE000B8DED3E0BEA
:10CD1000A0EE023BDDE93E01B8634DF6D070C2F2F1
:10CD20000000F96390ED041BD9E90401CDE93A0153
:10CD30009DED3A4B24EE050BA1EE030B8DED400B60
:10CD4000D7F830010028409908BF07F58070419A54
:10CD5000C7E9441290E84E00D0E90450C7E94A50B0
:10CD600007F58C704EC007E10020D446C7E92E00BD
:10CD7000D7E90A01CDE90401BFEE006B9FED845BAA
:10CD80009FED857B9DED044B20EE040B8DED080B94
:10CD9000DDE90801C7E930015CF8081F0E91DCF8F5
:10CDA00004100F919DED0E3B23EE411B8DED101BEA
:10CDB000DDE91012C7E93412DAE90012CDE91212E6
:10CDC0008DED141BDDE9142147F8E82F57E92E23D8
:10CDD00057E92665CDE902239DED023B24EE031BB6
:10CDE0008DED0A1BDDE90A2347E908239DED124B6F
:10CDF00022EE042B8DED162BDDE9162347E90423E3
:10CE0000CDE900659DED004B22EE044B8DED1A4BF4
:10CE100030EE022BDDE91A2347E902237960394617
:10CE20008DED182B31EE042BDDE9182341F8082F86
:10CE30003A464B608DED1C2B23EE032BDDE91C36AF
:10CE400022EE023B42F8103FA2EE056B56608DEDDC
:10CE5000062B9FED532BA3EE026BDDE9063647E967
:10CE60002C368DED0C3BDDE90C3647E92A364DF6C4
:10CE7000D073C2F2000393ED044BD9E90436CDE937
:10CE80001E369DED1E5B25EE072BA4EE062B8DEDC9
:10CE9000202BBB6C002B209E08BF07F11803219D9F
:10CEA000C7E90A65D3E90065D3E902E0D3E90443A1
:10CEB000C7E90C65C7E91043C7E90EE0D7E90006EA
:10CEC000D7E90C35CDE92806D1E900019DED282BE5
:10CED000CDE92601D2E900019DED264BCDE92401E3
:10CEE000DAE90001DAE9042630EE040B9DED245B5B
:10CEF000CDE92E26DCE9002631EE051B9DED2E6BDB
:10CF0000CDE92C269DED2C3BCDE92A0121EE434BAA
:10CF10009DED2A5BA0EE064B239520EE450B229358
:10CF2000A2EE030B9DED227B37EE444B8DED304B93
:10CF300022EE464BDDE93001C7E90C01D7E90E01CD
:10CF4000A1EE054B329033919DED321B31EE441B27
:10CF50008DED341BDDE93401C7E90E01D7E910017D
:10CF6000379136909DED361B31EE400B8DED380B31
:10CF7000DDE93801C7E9100164B0BDEC048BBDE800
:10CF8000F087B0EE480B07F06BFF2FE600BF00BF45
:10CF90003EF4B42EFB9675BFD785107122E3C93ECF
:10CFA0009F3D30EBF966F8BE86B08DED000BDDE9F4
:10CFB0000012C0E900128DED041BDDE90412C0E986
:10CFC00002128DED022BDDE90212C0E9041206B057
:10CFD00070470000000000002DE9F04F89B0436960
:10CFE000012BC0F2A68043F2A82100F68C3A00EB98
:10CFF000010B42F68851441800EBC30143F2F032B2
:10D0000003F1010E11440BF5F6760BF1A4080BF5B4
:10D01000A4794FF0000C5546039119E085ED000B03
:10D0200000220021CBF6F072C6E90012039909F143
:10D0300008090CF1010C08340BF1080B05EBCE05C7
:10D0400008F10808894506F108060AF1080A70D2B5
:10D0500094ED001B9BED000BB4EE401BF1EE10FABB
:10D0600002DD84ED000B08E0B1EE400BB4EE401B96
:10D07000F1EE10FAB8BF84ED000B95ED000B99EDC1
:10D08000001BB4EE410BF1EE10FA03DA85ED001B44
:10D0900007E000BF98ED001BB4EE410BF1EE10FA73
:10D0A0004ADC96ED000BB5EE400BF1EE10FABEDD5A
:10D0B00095ED001BB4EE401BF1EE10FAAEDBB4EEC2
:10D0C000401BF1EE10FAABDD80EE011BB1EEC10B9F
:10D0D000B4EE400BF1EE10FA1ED64269012A9FDB36
:10D0E000D0F8841B534601FB0CF100EBC10101F6A3
:10D0F0008C3707EBC201D20097ED001B20EE011B1D
:10D10000A7EC021B93ED001B8F4220EE011B83ED69
:10D11000001B1344F0D383E7B0EE410B0290674647
:10D12000CDF804E007F09CFEDDF804E0BC46029870
:10D13000D3E709B0BDE8F08F81EE001BB1EEC10B63
:10D14000B4EE400BF1EE10FA36D69FED211BD0F86D
:10D15000841B20EE010B436901FB0CF7012B12DB52
:10D1600000EBC70101F68C3101EBC302DB0000BF0D
:10D1700091ED001B20EE011BA1EC021B8AED001BB0
:10D1800091429A44F4D307EB0C0100EBC100D0F8B4
:10D190008C1BD0F8902BCDE904129DED041B20EEE2
:10D1A000010B8DED060BDDE90612C0F88C1BC0F8F3
:10D1B000902B09B0BDE8F08FB0EE410B04466546F8
:10D1C00007F04EFEAC462046BFE700BF00BF00BFE1
:10D1D000CDCCCCCCCCCCEC3F2DE9F04FADF65C3DCA
:10D1E0000446002093460E46C4E9010001FB01F00D
:10D1F000C4E905120490CDE9021180B102A901EB46
:10D20000C00001F114020C30904288BF0246501A4F
:10D21000421F01F10C0022F00701F3F784FB02AF7B
:10D2200004F5386040F65432394642F67C58F3F73C
:10D230001EFB04F12C0040F654323946F3F717FB7D
:10D240000BFB06F5CDE902B6012D04950FDB07EBCC
:10D25000C50007F114010C30884288BF0146C81B85
:10D26000411F07F10C0021F00701F3F75CFB41F2CD
:10D27000D46004EB08010DF108080191204440F648
:10D2800054324146F3F7F3FA40F20009012DC3F698
:10D29000F0790495CDE902B60ADB08EBC50008F188
:10D2A0000C010C30002200BFE1E802298142FBD3CF
:10D2B00042F2282002A9204440F65432F3F7D7FA6C
:10D2C00049F6991049F69A11012EC3F6B970C9F6BC
:10D2D0009911E160206103DBF10002A8F3F723FB61
:10D2E00042F67C50019904EB000A42F688500DF199
:10D2F00008080122C1E900628E602044982241465C
:10D30000F3F7B5FA43F2E430A42220445146F3F790
:10D31000AEFA42F6C460A422204451464FF0010AFE
:10D32000F3F7A5FA48F6DE3547F68E17012ECCF650
:10D33000AC45C4F245670496CDE9026A07DB08F103
:10D340000400314640F8085F01394760FAD10DF119
:10D35000080804F54D50A4224146F3F788FA43F239
:10D360009C20A42220444146F3F781FA012E049622
:10D37000CDE9026A0BDB47F68E1108F10400CCF20E
:10D38000456100BF40F8085F013E4160FAD143F2B9
:10D39000884002A92044A422F3F769FABBF1010FE7
:10D3A00004DB4FEACB0102A8F3F7BDFA019942F67C
:10D3B0002C6002AE4FF00108C1E929B8C1F8ACB049
:10D3C000204498223146F3F752FABBF1010FCDF811
:10D3D00010B0CDE902B806DB301D594640F8085FB1
:10D3E00001394760FAD142F6687002AE2044A422A7
:10D3F0003146F3F73CFABBF1010FCDF810B0CDE99F
:10D4000002B819DB301D00215A4600BF40F8081F42
:10D41000013AC0F80490F9D143F20C0002A920446B
:10D42000A422F3F724FABBF1010F0CDB4FEACB0186
:10D4300002A8F3F778FA06E043F20C0002A92044B0
:10D44000A422F3F714FA019943F2385002AE4FF0D8
:10D450000108C1F8B0B72044C1F8B4879822C1F8D8
:10D46000B8B73146F3F703FABBF1010FCDF810B0AE
:10D47000CDE902B807DB301D594600BF40F8085F10
:10D4800001394760FAD143F2D05002AE2044A422C1
:10D490003146F3F7ECF9BBF1010FCDF810B0CDE94F
:10D4A00002B81EDB301D594640F8085F013947605D
:10D4B000FAD143F2746002AE2044A4223146F3F75D
:10D4C000D6F943F2B000A42220443146F3F7CFF955
:10D4D000BBF1010F14DB4FEACB0102A8F3F723FAEB
:10D4E0000EE043F2746002AE2044A4223146F3F70A
:10D4F000BEF943F2B000A42220443146F3F7B7F955
:10D5000043F604100199261843F610100DF108088F
:10D510004FF0010AC1F888BB2044C1F890BB9822A3
:10D52000C1F88CAB4146F3F7A2F943F66000A422A0
:10D5300020443146F3F79BF943F21870A4222044AB
:10D540003146F3F794F943F2F810A422204431460F
:10D55000F3F78DF943F25410A42220443146F3F737
:10D5600086F9A6690496012ECDE9026A1EDB08F150
:10D5700004000021324600BF40F8081F013AC0F8FD
:10D580000490F9D143F2BC7002A92044A422F3F71D
:10D590006EF9012E11DB43F67C5000212044052258
:10D5A00040F8041F013EC264FAD106E043F2BC70A9
:10D5B00002A92044A422F3F75AF966690296012EC3
:10D5C0004FF001000390049607DB08F10400314698
:10D5D00040F8085F01394760FAD143F6943002AD54
:10D5E0002044A4222946F3F742F943F6F020A4226E
:10D5F00020442946F3F73BF943F64C20A42220446B
:10D600002946F3F734F943F6A810A422204429460A
:10D61000F3F72DF9012E03DBF10002A8F3F783F9EC
:10D62000019943F6DC4025180120C1F8640F43F648
:10D63000E840C1F8606F2044C1F8686F02A99822E1
:10D64000F3F715F943F63840A42220442946F3F7AE
:10D650000EF900206062C4E907004FF0FF30A062BD
:10D660000DF65C3DBDE8F08F41690129B8BF7047F8
:10D67000B7EE001B43F6E8429FED392B1044002221
:10D6800006E000BF40E92922013900F1080063D01B
:10D6900010EDCD4BB4EE424BF1EE10FAF2DAA0F5FC
:10D6A000766310ED525B93ED003BB4EE453BF1EE3B
:10D6B00010FA19DCB1EE455BB4EE453BF1EE10FA21
:10D6C00012DB80EE045BB4EE404BF1EE10FA35FE57
:10D6D000014B24EE034B10ED7B3B00ED294BB4EEE8
:10D6E000434BF1EE10FA02DD00ED293B08E0B1EE0C
:10D6F000433BB4EE434BF1EE10FAB8BF00ED293BCB
:10D7000010EDA43BB4EE423BF1EE10FA15DA90EDC9
:10D71000004B10ED295B34EE055BB4EE435BF1EE9C
:10D7200010FA06DCB1EE433BB4EE435BF1EE10FAC7
:10D7300003DA33EE443B00ED293B10ED293B93ED3A
:10D74000004B90ED005B34EE434B33EE053B83ED35
:10D75000004B80ED003B97E7704700BF00BF00BF64
:10D76000DE8BACCC8E7935462DE9F041B4B08046E5
:10D7700000EBC100B7EE002B43F2385283188758F4
:10D7800002975F680397D8E903769DED021BCDE908
:10D79000007642F62C67C619C7599DED000B049719
:10D7A00032EE402B776805979DED043B20EE030B8E
:10D7B000A1EE020B8DED080BDDE90876875043F2F0
:10D7C000DC525E60831880580690586807909DED83
:10D7D000061BB4EE410BF1EE10FA06DCB1EE411B74
:10D7E000B4EE410BF1EE10FA53DA42F22C20012292
:10D7F00058F800000D900128CDE90B201BDB08270D
:10D8000042F22822CB00424407EBC10103FB002374
:10D8100000FB012003F114010C30814288BF08464F
:10D820000BA9C21A01F10C00053A03F10C0122F018
:10D830000702F3F71CF8D8F8840B012829DB0BA9A1
:10D8400008F68C340C31002308F5386C03FB00F229
:10D8500091ED000B0CEBC20202F10C05D8F8802B05
:10D8600005EBC006D700224695ED001B20EE011BFC
:10D87000A5EC021B92ED001BB54220EE011B82EDD0
:10D88000001B3A44F0D301330831834204F1080409
:10D89000DCD134B0BDE8F0812DE9F04381B042F233
:10D8A00000259846C2F200051746044600F5A87008
:10D8B00000232A460E464FF00009FFF735F9D6E956
:10D8C00000C1D6E90223D6E90406C4E90806C4E982
:10D8D0000623C4E904C104F1280CCFCF8CE8CF00A3
:10D8E0000A20C4F80080C4E901002868C4F8E800F0
:10D8F0006868C4F8EC00A868C4F8F000E868C4F8E8
:10D90000F4002869C4F8F8006869C4F8FC002868C5
:10D91000C4F8D0006868C4F8D400A868C4F8D80077
:10D92000E868C4F8DC002869C4F8E0006869C4F855
:10D93000E4002868C4F8B8006868C4F8BC00A868A7
:10D94000C4F8C000E868C4F8C4002869C4F8C80076
:10D950006869C4F8CC002868C4F8A0006868C4F8F6
:10D96000A400A868C4F8A800E868C4F8AC00286956
:10D97000C4F8B0006869C4F8B4002868C4F8880026
:10D980006868C4F88C00A868C4F89000E868C4F817
:10D9900094002869C4F898006869C4F89C00286855
:10D9A000206768686067A868A067E868E06728691A
:10D9B000C4F880006869C4F884002868A0656868B5
:10D9C000E065A8682066E86860662869A0666869FE
:10D9D000E0662868206468686064A868A064E868F5
:10D9E000E06428692065686960650020C4F82494B3
:10D9F000C4F82894C3F6F070C4F80C90C4E94C90B5
:10DA0000C4E94E99C4E95099C4E9529901B0BDE8FE
:10DA1000F0830000000000002DE9F04F81B02DEDF3
:10DA2000108BADF5886D01EE103A044600F52170BB
:10DA30000DF56E78B8EEC11B21EE00CB9FEDE40B27
:10DA4000FAF79EF9204604F5657750F8401FC89113
:10DA50004168C9918ECF9DEDC80BCDE9C612214614
:10DA600051F8482F9DEDC61BC49230EE010B4A6859
:10DA7000C59222469DEDC42BCDE9C23752F8503FE6
:10DA80009DEDC23BC0935368C193D4F8A8339DED7C
:10DA9000C04BBF93D4F8A433BE939DEDBE1B8DED58
:10DAA000D40B32EE030BDDE9D437036047608DED14
:10DAB000D20B34EE010BDDE9D20308604B608DED33
:10DAC000D00BDDE9D001C2E90001204650F8581F13
:10DAD000B2914168B391D4F8B0139DEDB22BB591DA
:10DAE000D4F8AC13B491214651F8602F9DEDB40BDE
:10DAF000B69232EE005B4A68B792D4F8B8239DED37
:10DB0000B63BB992D4F8B423B892224652F8683F93
:10DB10009DEDB81BBA9333EE013B5368BB93D4F829
:10DB2000C0339DEDBA4BBD93D4F8BC33BC939DED8F
:10DB3000BC2B8DEDCA5BDDE9CA37036047608DED14
:10DB4000CC3B34EE023BDDE9CC0308604B6004F5CE
:10DB500098738DEDCE3BDDE9CE01C2E900010FCB1C
:10DB6000CDE9D623D4F844219DEDD63BD99221EEC0
:10DB7000039BD4F84021D892D4F84C219DEDD84B8A
:10DB8000DB9222EE047BD4F8482121EE046BDA927A
:10DB9000A3EE006B9DEDDA5BCDE9DC0120EE05AB79
:10DBA000D4F82804A5EE026B9DEDDC8BDF90A8EE87
:10DBB000007BD4F82404A5EE417BDE90A8EE01ABF7
:10DBC000A3EE42ABA8EE029B9DEDDE1BA4EE409BB4
:10DBD0003CEE011B8DEDE01B28EE0A0B28EE07EB57
:10DBE000D4E97623DDE9E001A6EE040BC4F82404B1
:10DBF000A6EE03EBC4F82814D4E95E01A9EE430BAA
:10DC0000E593AAEE45EBE492A7EE050BA9EE04EB33
:10DC100028EE09FB9DEDE49BE3918DED0A0BA6EE4A
:10DC200005FBE290A7EE44FBAAEE03FB9DEDE20BA1
:10DC300021EE00BBB0EE490B07F0BAF8B0EE408B16
:10DC4000B0EE490B07F05CF8B0EE409BB0EE4B0B2A
:10DC500007F0AEF8B0EE40ABB0EE4B0B07F050F86B
:10DC6000B1EE4A1B002028EE402BCDF82C0429EE03
:10DC7000006BCDF8280428EE4A4BD4F8540229EE64
:10DC80000A5B8DED021B88ED101B88ED122B88EDD1
:10DC9000146B88ED160B88ED184B88ED1A5B88ED38
:10DCA0001E9B88ED208BE790D4F85002E690D4F8C4
:10DCB0005C029DEDE61BE99021EE4CBBD4F85802C6
:10DCC000E890D4F864029DEDE83BEB9023EE4C7BAA
:10DCD000D4F86002EA90216822EE073B01299DED0D
:10DCE000EADBAAEE4B3B24EE07AB8DED0CCB2DEE21
:10DCF0004CCB29EE077BA0EE0BABA6EE0C3BA5EEC2
:10DD00000CABA8EE0C7B60DBDDF8A8C402298DED1E
:10DD1000043B8DED067B8DED08ABDCE900E9DCE929
:10DD20000276CDE9A6E9D4E90A50D4E90C239DEDA9
:10DD3000A67BCDE9AC509DEDACABCDE9B07637EE2E
:10DD40004ADB9DEDB0BBCDE9A823DCF814009DEDC6
:10DD5000A8CBAF903BEE4CABDCF81020AE92E36B5F
:10DD60009DEDAE1BAB93A36BAA939DEDAA3BC4F8AC
:10DD700028E031EE437BC4F82C90C4E90C76A26312
:10DD8000E06339D0012940F0D38022EE0A1B9DEDDB
:10DD9000022B29EE0A3BA2EE0D1B24EE0A2BA6EE67
:10DDA000071BA8EE073BA0EE0D2B9DED040BA5EE87
:10DDB000072B30EE010B9DED08AB9DED067B3AEE97
:10DDC00002AB37EE037BB0EE403B9DED0C8BB7E032
:10DDD0000000000000000000AE1F14DBA1F6333F7E
:10DDE00055555555555595BF555555555555653F3F
:10DDF000111111111111313F04F598730FCBCDE9B9
:10DE0000A423D4F844219DEDA41BA3922AEE019BE8
:10DE1000D4F84021A292D4F84C219DEDA22BA192DE
:10DE20002AEE026BD4F8482127EE025BA092A1EE05
:10DE30000D6B9DEDA04BCDE99E012DEE043BD4F87A
:10DE4000A003A4EE076B9DED9E8B9D90A8EE0A3B70
:10DE5000D4F89C03A1EE473B9C90A8EE079BDCF80E
:10DE60001400A8EE0D5BA4EE4A5B9DED9C0B8DEDBE
:10DE7000020BA2EE4D9B979028EE05ABDCF810004C
:10DE800028EE03CB969028EE098BD4F8A803A6EED3
:10DE900001ABA6EE02CB9DED96BBA6EE048B9B904C
:10DEA000A9EE41CBD4F8A403A5EE428B9A909CE84E
:10DEB0000F00A5EE04CBA3EE018B9DED9A7BA3EEA4
:10DEC00044AB9593A9EE02AB94929DED940B939184
:10DED00027EE402B9290D4F898039DED926B999089
:10DEE000D4F8940398909DED025B25EE464B9DED92
:10DEF000981BA5EE0B2B21EE4B3BA1EE004B3AEE0F
:10DF0000020BA7EE063B38EE042B9DED0A4B3CEED0
:10DF1000031B3EEE40EB3FEE42FB34EE414B9DEDEA
:10DF20000C8B9DED08AB9DED067B9DED043B09E060
:10DF30009DED0C8B9DED08AB9DED067B9DED043BAF
:10DF40009DED0A4B204650F8781F024652F8083DD6
:10DF50007293536873939DED720B62913EEE006B6A
:10DF600041686391014651F8083F9DED621B64933F
:10DF700034EE014B4B6865939DED640B8DED7E6B2C
:10DF80003FEE005BDDE97E37136057608DED744B2B
:10DF9000DDE97423026043608DED765BDDE9762375
:10DFA000C1E90023014651F8102F70924A6871921E
:10DFB000024652F8183F9DED700B669333EE002B2E
:10DFC00053686793034653F8207F9DED661B68975F
:10DFD0003AEE010B5F6869979DED683B8DED7C2BF8
:10DFE00037EE031BDDE97C760F604E6006468DED53
:10DFF000780BDDE97817116057608DED7A1BDDE94C
:10E000007A12C3E9001256F8401F6E9171686F9141
:10E01000014651F8482F9DED6E3B6A9208EE063B93
:10E020004A686B92024652F8503F9DED6A7B6C93B2
:10E0300008EE047B53686D939DED6C6B8DED843B16
:10E0400008EE056BDDE98437336077608DED807B0A
:10E05000DDE980370B604F6004F224478DED826B61
:10E06000DDE98213C2E9001350F8801F054655F818
:10E07000102D8A926A688B92024652F8083D9DEDF7
:10E080008A3B889308EE023B536889939DED884B49
:10E09000869108EE004B416887919DED862B8DEDB2
:10E0A000903B08EE012BDDE9901329606B608DED4C
:10E0B0008E4BDDE98E13116053608DED8C2B50F883
:10E0C000F42CDDE98C13016002EB4201436050F84F
:10E0D000EC3C8B4203F1010140F8EC1C1ADAB3EB83
:10E0E000420F41DBA06890423ED1A160D6E9000119
:10E0F000C4F80001B068C4F80411F168C4F808015C
:10E100003069C4F80C117169C4E9440104F58C70DC
:10E1100029461DE0A0686060D4F80001C4F8A000A2
:10E12000D4F80401C4F8A400D4F80801C4F8A80085
:10E13000D4F80C01C4F8AC00D4F81001C4F8B00055
:10E14000D4F81401C4F8B40004F58C7104F1D000C3
:10E150000A6802604A6842608A688260CA68C2606F
:10E160000A6902614969416104F565730FCBCDE924
:10E1700060019DED601BCDE95E23D4F8A8039DED01
:10E180005E0B5D9020EE000BD4F8A4035C90A1EE32
:10E19000010B1FEDEF1B9DED5C2BA2EE020BB4EE0D
:10E1A000410BF1EE10FA16DABCEE001BB7EE008B55
:10E1B0001FEDF52B20EE003BA0EE018BB6EE001B11
:10E1C000A0EE021B1FEDF80B1FEDF72BA3EE008B4B
:10E1D000A3EE021B19E0B1EEC01BB4EE411BF1EE41
:10E1E00010FA80F18182B6EE00AB21EE0A9BB0EE10
:10E1F000490B06F085FDB0EE408BB0EE490B06F002
:10E20000D7FD80EE090B20EE0A1BD4F898034B9043
:10E21000D4F894034A90D4F8A00304F140039DED90
:10E220004A2B499021EE022BD4F89C034890D4F855
:10E23000A8039DED485B479021EE055BD4F8A4034D
:10E240004690D4F834019DED466B459021EE061BB7
:10E25000D4F830014490D4F83C019DED440B439038
:10E26000D4F838014290D4F844019DED423B4190EE
:10E2700023EE427BD4F8400128EE039B4090D4F873
:10E280004C01A0EE087BA0EE029B9DED404B3F9021
:10E29000A4EE457BD4F84801A4EE019B3E909DED91
:10E2A0003E6BA6EE417B8DED527B28EE047BA6EE05
:10E2B000459BDDE95201A0EE057BC4F83411A6EEC2
:10E2C000027BC4F830018DED509B28EE066BA3EE67
:10E2D000417BDDE95001A0EE016BC4F83C11A3EED7
:10E2E000056BC4F838018DED4E7BA4EE426BDDE981
:10E2F0004E01C4F84411C4F840018DED4C6BDDE9CA
:10E300004C01C4E952010FCBCDE93C019DED3C0B22
:10E31000CDE93A23606D9DED3A1B3990206D389020
:10E32000E06D9DED382B3790A06D3690606E9DEDC1
:10E33000363B3590206E3490E06E9DED344B33903B
:10E34000A06E3290D4F8DC019DED325B3190D4F8B0
:10E35000D80130909DED306BF9F716FAB6EE003B20
:10E3600020EE03AB21EE03BB22EE03CBB0EE4A0B53
:10E3700006F01EFDB0EE409BB0EE4B0B06F018FD14
:10E38000B0EE40DBB0EE4C0B06F012FDB0EE408B71
:10E39000B0EE4A0B06F0B4FCB0EE40ABB0EE4B0B67
:10E3A00006F0AEFCB0EE40BBB0EE4C0B06F0A8FCA5
:10E3B00029EE0D1B2AEE0B2B2DEE0A4B21EE483BCE
:10E3C00024EE485BA2EE003B8DED583B29EE0B3B63
:10E3D000A3EE005BDDE9580128EE033BF964B86465
:10E3E0008DED565BA4EE003B21EE000BDDE95601FE
:10E3F000A2EE080B796538658DED543BDDE95401DB
:10E40000F965B8658DED5A0BE0686328DDE95A12AD
:10E410007A66396626DC00200021C3F6F070C4F865
:10E420005414C7E90A10C4F85814D4F84C04C4F8BA
:10E430005C14C4F86014C4F86414C4F86814C4F814
:10E440002C04D4F85004C4F83004C4F83414C4F8CC
:10E450003814C4F83C14C4F84014C4F84414C4F884
:10E46000481423E1B0F57A7F2FDAD4F88404C4F895
:10E470006404D4F88804C4F8680404F58660D4F809
:10E480007014D4F86CC4C4F84CC4C4F85014D4F854
:10E490007424C4F85424D4F87834C4F85834D4F824
:10E4A0007C64C4F85C64D4F88054C4F86054C4F844
:10E4B0002CC44EC0C4F84054D4F88404C4F84404B6
:10E4C000D4F88804C4F84804F0E00DF56C7904F140
:10E4D000D00104F1A00348462A460096F8F740FE12
:10E4E0004846F8F771FBD4E97601CDE91601B0EEA4
:10E4F00040BBB0EE418BB0EE429B9DED16CBB0EE33
:10E5000043ABB0EE4C0B06F053FCB0EE40DBB0EE8C
:10E510004C0B06F0F5FBB1EE4D1B00214FF0004017
:10E52000ED900020EC90C3F6F071CDE9F201CDE959
:10E53000F400CDE9F600CDE9F800ECA888ED001B69
:10E5400088ED020B88ED0C0B88ED0EDBF8F73CFB39
:10E5500028EE014B21EE4B5BA0EE0B4BA2EE094BDC
:10E56000A3EE0A4B8DED184BA0EE085BA2EE4A5BC2
:10E5700022EE4B4BA3EE095BDDE91801A0EE094B3F
:10E58000F960A3EE484BB8608DED1A5B23EE4B3B70
:10E59000A1EE0A4BDDE91A01A0EE0A3B7961A1EE7A
:10E5A000493B38618DED1C4BA2EE083BDDE91C01B7
:10E5B000F961B8618DED1E3BDDE91E01C7E9080177
:10E5C000FEA8F8F701FB28EE014B04F5987321EE45
:10E5D0004B5B0FCB22EE4B6B2191A0EE0B4B2090AF
:10E5E000A0EE085BA2EE094BA2EE4A5B9DED207BFC
:10E5F000A0EE096B2393A3EE0A4B2292A3EE095BD4
:10E60000D4F84401A3EE486B23EE4BBB9DED223BB7
:10E61000A1EE0A6B2590A0EE0ABBD4F8400125EECE
:10E6200043AB2490A1EE49BBD4F84C01A2EE08BB49
:10E63000A4EE07AB9DED240B27EE052B2790A6EE4D
:10E6400040ABD4F8480127EE068B2690A4EE032BAE
:10E65000A4EE008B9DED261BABEE038BABEE41AB26
:10E660008DED2AABA6EE012BABEE402BA5EE418B38
:10E67000DDE92A01F962B8628DED282B27EE0B2B1C
:10E68000DDE92801A4EE012B7963A5EE002B3863A8
:10E690008DED2C8BA6EE432BDDE92C01F963B863DD
:10E6A0008DED2E2BDDE92E01C7E9100107F12803BE
:10E6B0000FCBCDE914019DED140BCDE91223F86BBE
:10E6C0009DED121B1190B86B1090786C9DED102B86
:10E6D0000F90386C0E909DED0E3B0DF5886DBDECE6
:10E6E000108B01B0BDE8F08F06F0BAFBB0EE401B16
:10E6F00079E5000000000000F0B589B004460E98EE
:10E700000090204603F074FA45F68C0107466158E4
:10E71000002974D145F6AC50204490E82E00CDE994
:10E7200002129DED020BCDE9063541699DED061BF8
:10E73000059121EE011B00690490A0EE001B9DEDE8
:10E74000042BA2EE021BB1EEC10BB4EE400BF1EEB6
:10E7500010FA7AD64DF6D070C2F200009FED3E2B33
:10E7600090ED221B21EE021BB4EE410BF1EE10FAEC
:10E7700045DA45F6F45042F62C6145F6F85242F679
:10E78000306320586050A058E05045F6FC5042F6E7
:10E7900034614FF4BC4242F6386320586050A058B0
:10E7A000E05045F6046042F63C6145F608624FF4DD
:10E7B000395347F2602C20586050A058E05004EBC9
:10E7C0000C024FF4BD43216A506941F00701E0504B
:10E7D00045F67C6013692162235045F674609168A8
:10E7E00045F6786E45F67063215045F66C60D56845
:10E7F00044F80E505168E15054F80C10215045F681
:10E80000643047F2782145F6683245F67033205877
:10E810006050214445F6743545F66C30A258E358F3
:10E8200045F678364A606259CB6045F67C330A611A
:10E830004FF4B74220588860A0594861E058886179
:10E84000A058C861384609B0F0BDB0EE410B06F0E3
:10E8500007FB7FE700BF00BF9A9999999999B93F43
:10E860002DE9F04F81B02DED048BADF6583D46F209
:10E87000B03641F2D8680446871900EB080945F61E
:10E880003C50C0F601000F210830206006222046CF
:10E89000B0EE409BFEF7A0FC9FED458B45F69C50EB
:10E8A00045F64C01C0F6010042F20025B0EE480BDF
:10E8B0000830206060184EF6C851C2F20005C2F25E
:10E8C00000012A462B46FDF733FE45F678504FF0FF
:10E8D0000041C0F601007962083020600020A0519C
:10E8E000C7E90110C7E90310C7E90510C7E9071018
:10E8F0008DED009B46F2E43CD5F814E0B0EE480BF9
:10E9000004EB0C02DDE90036C7E90A3643F21C23AA
:10E91000C2F814E023443B63D5E90137C2E901376B
:10E9200054F80830D5E90361D66004F5B756116193
:10E9300006EB0311002206EBC307C3F6F072C1E930
:10E940000A02296844F80C1003EB8301C7E90802A6
:10E9500006EBC101C9E90802C1E9100206EB431147
:10E9600003EB4303C1E90E0206EBC30106EB0313FD
:10E9700002AEC1E90C02C3E9040245F6545029462F
:10E98000C0F601002A460830206030462B46FDF7CD
:10E99000E7FE4FF0FF322046314600F095F9204661
:10E9A0000DF6583DBDEC048B01B0BDE8F08F00BF03
:10E9B00000000000000000002DE9F0472DED048B61
:10E9C000BCB0B0EE408B0E460968824673681546AF
:10E9D000CDE93A1347F228219FEDAF9B471846F245
:10E9E000B0309DED3A1B42F62C610AEB0008B4EE04
:10E9F000491B0AEB0109F1EE10FA26DA9FEDA80B8C
:10EA0000B4EE401BF1EE10FA1FDDD6E90201CDE9AC
:10EA100038019DED381BB4EE491BF1EE10FA14DA03
:10EA2000B4EE401BF1EE10FA0FDDD6E90401CDE99A
:10EA300036019DED361BB4EE491BF1EE10FA04DAF7
:10EA4000B4EE401BF1EE10FA51DCD8E90001CDE93B
:10EA5000340146F2FC3050449DED340BF8F794FF3E
:10EA6000002844D007F1200CFB6A9CE80310CDE994
:10EA70002C0196E817009DED2C0BCDE922019DEDB0
:10EA8000221BCDE92AC330EE410B9DED2A2BCDE9A7
:10EA90002624786B9DED263B2990386B2890706971
:10EAA0009DED284B2590306924909DED241B8DED24
:10EAB000320B32EE430BDDE93201C9F81C10C9F804
:10EAC00018008DED300B34EE410BDDE93001C9F853
:10EAD0002410C9F820008DED2E0BDDE92E01C9E9C7
:10EAE0000A01DAF8200040F03800CAF82000D5E921
:10EAF0000001CDE920019DED201BB4EE491BF1EE94
:10EB000010FA26DA9FED660BB4EE401BF1EE10FA18
:10EB10001FDDD5E90201CDE91E019DED1E1BB4EEFE
:10EB2000491BF1EE10FA14DAB4EE401BF1EE10FAC4
:10EB30000FDDD5E90401CDE91C019DED1C1BB4EEF0
:10EB4000491BF1EE10FA04DAB4EE401BF1EE10FAB4
:10EB500050DCD8E90201CDE91A0146F2FC305044FC
:10EB60009DED1A0BF8F710FF002843D007F10803BA
:10EB70000FCBCDE9120195E84300EC689DED120B37
:10EB8000CDE908019DED081BCDE9102330EE410BC6
:10EB90009DED102BCDE90C64F8699DED0C3B0F90B9
:10EBA000B8690E9068699DED0E4B0B9028690A902C
:10EBB0009DED0A1B8DED180B32EE430BDDE91801BC
:10EBC000C9F80410C9F800008DED160B34EE410BA6
:10EBD000DDE91601C9F80C10C9F808008DED140B19
:10EBE000DDE91401C9E90401DAF8200040F007006A
:10EBF000CAF82000B4EE498BF1EE10FA06DA9FED68
:10EC0000280BB4EE408BF1EE10FA3EDCD8E904019B
:10EC1000CDE9060146F2FC3050449DED060BF8F7B5
:10EC2000B3FE90B3D7E90001CDE90201D8E90801AC
:10EC30009DED020BCDE904019DED041B31EE081B97
:10EC400030EE410B9FED181BB4EE410BF1EE10FAC4
:10EC500009DA9FED191BB4EE410BF1EE10FA06DC58
:10EC60009FED171B01E09FED121B30EE010BB1EE83
:10EC7000400B8DED000BDDE90001C9E90C01DAF86C
:10EC8000200040F04000CAF820003CB0BDEC048BEE
:10EC9000BDE8F08700BF00BFA281F0FFFFFFAF3CDF
:10ECA000A281F0FFFFFFAFBC112D4454FB210940AE
:10ECB000112D4454FB2119C0112D4454FB2109C0CE
:10ECC000112D4454FB2119402DE9F04FADF6A44D10
:10ECD00046F2A8338346C71845F29070459243F632
:10ECE00018620BEB000545F64C000BEB0204584490
:10ECF0004FF4356243F66C0642F66879F1F7B7FDDA
:10ED000045F65C000BEB0001496851915BF800008F
:10ED100050909DED500B8DED520BDBF814A05298E6
:10ED20005399CBE901010AFB0AF1CDE954AA5691A6
:10ED300079B154AA02F10C0002F1140300EBC101F5
:10ED4000994288BF0B46991A053921F00701F1F75E
:10ED5000EAFD0BEB060844F6AC1054AE0BEB0901D0
:10ED60004491584440F654323146F1F780FD43F661
:10ED7000586040F6543258443146F1F778FDDBF8DC
:10ED80001890B9F1010F04DB4FEAC90154A8F1F75B
:10ED9000CAFD45F2907054A90BEB00060120C5E9AD
:10EDA000009045F29C7098225844C5F80890F1F7FD
:10EDB0005EFD45F24860A42258443146F1F757FD04
:10EDC00045F2A450A42258443146F1F750FD0BF50A
:10EDD000AA40A4223146F1F74AFD00200026C3F6DE
:10EDE000F0700321C4E9006009EB0A0042F200223E
:10EDF000C2F20002A66001EB400060636FF0010008
:10EE00001368C4E9080645F63400E6600BEB000120
:10EE1000CBF820604BF8003007F13C0350684860A5
:10EE200090688860D068C86010690861506948615E
:10EE3000A6630120E0636420C5F80C6CC5F8140CCF
:10EE4000C7E900660FCBCDE94A0154A99DED4A0BF5
:10EE5000CDE94823B1EE400B386D002200239DED33
:10EE6000481B4790B1EE411BF86C469045F64C00AC
:10EE700058449DED462BB1EE422B81EC060B54A974
:10EE8000FAF7AEFC46F2A01245F6706346F2A414FF
:10EE900046F29C115BF802204BF8032045F67462A1
:10EEA0005BF8043046F2A81445F66C604BF802306B
:10EEB00045F678625BF8043046F2AC144BF8023049
:10EEC00045F67C625BF8043046F2B0144BF8023031
:10EED0004FF4BD425BF801104BF800105BF80410D2
:10EEE0004BF80210D7E90C12CDE94C1245F6C4518B
:10EEF0000BEB000C0BEB010945F6DC510BEB010EA3
:10EF00009DED4C0B8DED4E0BDDE94E347B6546F2ED
:10EF1000F033C7E916465B44322700BFD9E90064E5
:10EF2000D9E90250D9E9041243F8186F03F5966A3B
:10EF3000C3E9014503F10C04013F07C49EE87700D3
:10EF40008AE8770003F5166A9CE877008AE83700BC
:10EF5000C3F87469E2D147F2182247F22025D9E9B3
:10EF600000014BF8020047F21C20D9E902344BF8AB
:10EF7000001047F224204BF8053047F228214BF8C7
:10EF8000004047F22C2047F24424D9F814304BF8C3
:10EF900000300EF10803DEF8145047F240264BF81B
:10EFA000045047F23C24D9F810204BF801200ECB36
:10EFB0004BF8063047F238234BF8042047F234224E
:10EFC0004BF8031047F23021DEF804304BF80230E2
:10EFD0000CF1080347F25825DEF800004BF8010059
:10EFE0000ECB47F25C274BF8053047F25023DCF894
:10EFF00014604BF8076047F254274BF8031047F2B0
:10F000004821DCF800004BF8072047F24C224BF86F
:10F010000100459847F68E1548F6DE370128C4F200
:10F020004565CCF6AC47DCF804304BF8023000F014
:10F03000D282002840F0448749F634534DF6467199
:10F04000CAF25223C3F69171CDE90031039141F622
:10F05000B36141F28C12CEF2FA31C3F6C4724FF0B2
:10F060000009CDE90A12CDE90C1248F2804148F6B8
:10F070009777C4F22E11CBF2FF27CDE90E9145F21E
:10F08000A5514DF25D32C3F6C4611591CDE9107101
:10F09000CDE9127140F2B571C3F60452C3F6847122
:10F0A0000293CDE91621CDE91821CDE91A210021DD
:10F0B0004CF2D252C3F6E07123914DF64671C3F67D
:10F0C0003F729FEDFD0BC3F671713F92CDE9263182
:10F0D000CDE92831CDE92A31CDE92E31CDE93031E4
:10F0E000CDE9323145F25C010BF54D50CEF2AF71F6
:10F0F0003E91CDE93812CDE93A1253EC102B43F290
:10F10000E26140F2000A4AF6FC1446F24D2644F24F
:10F110002C35C3F61A71C4F2590ACDF82090CDE906
:10F12000049ACDE9069ACDF824A0CDF2F1241497E3
:10F13000C3F65076CDE91C9ACDE91E9ACDE9209A06
:10F14000CDF88890CEF61C35CDE92446CDE92C4685
:10F15000CDE934463695379143924593CDE93C51FC
:10F16000CDE940510D46FDF7A7FC45F2647148F228
:10F170007802C8F67F41009149F29E6341F24B014B
:10F18000C3F6FE62C5F2CF730192C3F63371CDE9C7
:10F19000023148F6BC514EF68072CDF62B41C3F6D3
:10F1A0001A62CDE90A120C9141F27B410D9247F6A9
:10F1B000E122C4F2AE71C3F68472CDE90E1249F6B3
:10F1C0003A314DF29522C3F22C21C3F63462CDE9D7
:10F1D0001012CDE91212149141F6CA034AF27731A6
:10F1E000C5F65803C3F619710894CDE91631CDE977
:10F1F0001831CDE91A3144F22D312CABCEF61C3149
:10F200001592CDE921614EF68D5120949FEDAC0B06
:10F21000CDE90446CDE90646CDE91C46CDE91E46BA
:10F22000CAF2B5014CF2F76445F2A552C3F6B064D8
:10F23000C3F6D4623F92CDE92672CDE92872CDE9BA
:10F240002A7292C3CDE92F27CDE93127CDE93321A9
:10F25000CDE93927CDE93B2153EC102B43F2E430C3
:10F26000099658442395CDE92414CDE93541CDE9DB
:10F270003747CDE93D47CDE94014FDF71DFC4DF67C
:10F2800046714FF6B502C3F69171019144F2814186
:10F29000C3F6E462C4F6E721029145F2187140F228
:10F2A000B574C3F6C671039149F24251CDF83CA042
:10F2B000C6F261610A910C9147F2AE01C3F6F061AA
:10F2C0000B910D914DF64611C8F6327110911291C5
:10F2D00040F2000A149144F28441C3F6A0611191F6
:10F2E0001391C3F68474159146F2EC11C0F2B73154
:10F2F00026912891C3F6F07A2A910BF538602E9169
:10F300004DF25D363091459B329149F67101C3F65D
:10F310003C7127912991C3F604562B912F9131917D
:10F32000339144F22C31CEF61C313491CDE92415C1
:10F33000CDE92C1546F6F0013792C8F6E3013C9171
:10F34000CDE93551CDE9401247F27D313D92C1F60C
:10F35000BF7138913A9149F634553E9146F60F31D6
:10F36000C3F6097139913B91439A3F911BA9CAF2A7
:10F370005225009581E8100641F27B41CDF81090AE
:10F38000C4F2AE71229147F6E121CDF824A0CDE977
:10F3900005A9CDE907A9CDF83890C3F68471169672
:10F3A000CDE91746CDE91946CDE91E9ACDE9209A57
:10F3B0002391F9F799F94DF2871148F26B52CDF686
:10F3C0000971C3F69362CDE90012029147F63B2121
:10F3D00008ABCEF246019FED3C0B039248F2C522EA
:10F3E000C3F6E46242F6C460CDE90412CDE9061228
:10F3F00083E8060253EC102B5844CDF8F490CDE985
:10F400000B99CDE90D99CDE90F99CDE91199CDE988
:10F410001399CDE91599CDE91799CDE91999CDE958
:10F420001B99CDE91D99CDE91F99CDE92199CDE928
:10F430002399CDE92599CDE92799CDE92999CDE9F8
:10F440002B99CDE92D99CDE92F99CDE93199CDE9C8
:10F450003399CDE93599CDE93799CDE93999CDE998
:10F460003B99CDF8F890CDE93F99CDF80491FDF79F
:10F4700023FB48F6DE3247F68E11CCF6AC42C4F2DE
:10F480004561CDE90112CDE90312CDE90512CDE9BF
:10F490000712CDE90912CDE90B12CDE90D12CDE924
:10F4A0000F1745F2A5510DF1AC0CC3F6C46100F085
:10F4B0001BB800BF00BF00BF349D52A246DF913F82
:10F4C00064577F8C7880FE3E87D109DF6B85933E41
:10F4D000DE8BACCC8E794546A115A15DDEECEB3F11
:10F4E0009E96CF574B10333F0092CDE91117CDE9CF
:10F4F0001317CDE9151600214AF6FC12C4F22401B7
:10F5000046F24D23CDE91C91CDE91E91CDE9209124
:10F510004DF64671CDF2F122C3F67171C3F6507308
:10F520008CE82E000DF1CC0C24921FED170BCDE9C9
:10F530001746CDE9194625932F468CE80E00CDE9F4
:10F5400036231E463C9217463D9353EC102B43F254
:10F550009C201B9458440024CDF88890C3F6E07496
:10F5600023942695CDE92715CDE92915CDE92F1549
:10F57000CDE93115CDE93851CDE93A51CDE93E51CA
:10F58000CDE94076FDF760FAB6EE000B48F669006B
:10F59000CDF2027004900690002053EC102B449E94
:10F5A00044F6E351C4F23E00CDF80890CDE908904E
:10F5B0003046CDF80CA0CDE90094C3F6BA610591B0
:10F5C0000791FDF779FA7468012C40F0B882306831
:10F5D00054900120B6E241F2A1514EF6DE42C5F64A
:10F5E000A151C3F6EB72CDE90012029141F6B3616D
:10F5F000039241F28C12CEF2FA31C3F6C472CDE915
:10F600000A12CDE90C1248F280414FF00009C4F211
:10F610002E114DF28C22CDE90E914FF2C861C3F646
:10F620009872CCF200511491CDE91012CDE912126A
:10F6300048F227610DF1680C0023CEF634111592C3
:10F640004CF23972C4F259030993CDE90493CDE920
:10F650000693C3F6D2722193CDE91612CDE91812A2
:10F660008CE80602CDE91D39CDE91F3900214AF6A3
:10F67000FC1246F24D23C3F6E071CDF2F122239144
:10F68000C3F6507349F634514DF6467624921FED79
:10F690006E0BCAF252212593C3F671761C46CDE952
:10F6A0002616CDE92816CDE92A16CDE92C23CDE979
:10F6B0002E16CDE93016CDE9321634921646359322
:10F6C00045F25C024CF2D253CEF2AF72C3F63F73F6
:10F6D0003E92CDE93823CDE93A233F930BF54D50C7
:10F6E00053EC102B44F22C3143F2E26ACDF8209017
:10F6F000CEF61C31CDF88890C3F61A7ACDE9361AC9
:10F70000CDE93C1ACDE9401AFDF7D6F949F29E61E0
:10F7100041F24B02C5F2CF71C3F63372CDE900124C
:10F72000029144F22D31CEF61C310DF1300CCDE9B1
:10F73000032143F6306248F66743C1F28962C3F69B
:10F74000E553CDE90A238CE84C0049F63A324DF2F4
:10F750009523C3F22C22C3F63463CDE91023CDE9FF
:10F760001223149247F63B220DF1680CCEF24602AA
:10F770001FEDA50B159348F2C523C3F6E46343F2CE
:10F78000E430CDE91623CDE918238CE84C0053EC86
:10F79000102B58440F94CDE905A1CDE907A1CDE97F
:10F7A0001D46CDE91F46CDE921414EF68D5C4CF258
:10F7B000F76448F6977645F2A551CDF824A0CAF231
:10F7C000B50CCDF88CA0C3F6B064CDF890C0CBF2E8
:10F7D000FF262594C3F6D461CDE92661CDE92861E1
:10F7E000CDE92A61CDE92CC4CDE92E61CDE93061A6
:10F7F000CDE93261CDE934C4CDE936C4CDE9386113
:10F80000CDE93A61CDF8F0C03D94CDE93E61CDE956
:10F8100040C4FDF751F944F2814102ABC4F6E7213F
:10F8200045F21872C3F6C67240F2000ACDE9001222
:10F8300083E8060249F242510CABC6F2616147F21D
:10F84000AE02C3F6F062C3F6F07ACDE90A1283E89D
:10F85000060200214DF6A332C4F259010F9149F27C
:10F860003921C3F67372CDF2CD011491CDE9101296
:10F87000CDE9121240F634011AABC8F64641159292
:10F8800040F6A2120DF1A80CC3F6B97246F24D264D
:10F89000CDE91612CDE9181283E8060641F27B4144
:10F8A00047F6E122C4F2AE71C3F68472CDE92212AA
:10F8B00046F2EC114AF6FC13C0F2B73149F6710278
:10F8C000CDF2F123C3F65076C3F63C7224938CE854
:10F8D0004E000DF1C80C0BF538609FEDCD0BCDE956
:10F8E0002612CDE92812CDE92E12CDE930128CE88E
:10F8F0000E0047F27D3246F60F33C1F6BF72C3F6F3
:10F900000973CDE93823CDE93A233E9246F6F0015A
:10F910003F93C8F6E30153EC102B259635964FF62E
:10F92000B506CDE905A9CDE907A9CDF824A0C3F610
:10F93000E466CDE91E9ACDF88090CDF884A0CDE99B
:10F940003616CDE93C16CDE94016F8F7CDFE48F65F
:10F9500015414FF65202CEF29701C3F63472CDE94B
:10F960000012029141F6CA0108ABC5F658019FED9D
:10F97000AA0B03924AF27732C3F6197242F6C460B8
:10F98000CDE90412CDE9061283E8060253EC102BF0
:10F990005844CDF8F490CDE90B99CDE90D99CDE916
:10F9A0000F99CDE91199CDE91399CDE91599CDE9D3
:10F9B0001799CDE91999CDE91B99CDE91D99CDE9A3
:10F9C0001F99CDE92199CDE92399CDE92599CDE973
:10F9D0002799CDE92999CDE92B99CDE92D99CDE943
:10F9E0002F99CDE93199CDE93399CDE93599CDE913
:10F9F0003799CDE93999CDE93B99CDF8F890CDE922
:10FA00003F99CDF80491FDF757F84DF6467149F648
:10FA10003454C3F69171CAF25224CDE91041CDE9B4
:10FA2000124148F64122159144F60B41C2F6577235
:10FA3000C3F6DF714DF64673CDE91621CDE91821E5
:10FA4000CDE91A21002146F24D22C4F22401C3F669
:10FA50005072CDE91C91CDE91E91CDE92091002194
:10FA6000C3F671739FED6E0BC3F6E07123914AF6F6
:10FA7000FC111494CDF2F1213792CDE92524CDE982
:10FA80002734CDE92934CDE92B31CDE92D24CDE939
:10FA90002F34CDE93134CDE93331CDE93521164666
:10FAA0003A94CDE93843A4463B931C463D9253EC2F
:10FAB000102B43F29C20CDF8889058442491CDE936
:10FAC0000075CDE90275CDE90475CDE90675CDE97E
:10FAD0000875CDE90A75CDE90C75CDE90E753C9137
:10FAE000CDE93EC4CDE94016FCF7AEFFB6EE000B03
:10FAF0000020C3F6E070449ECDE9010948F6690094
:10FB000044F6E35153EC102BCDF2027004900690B2
:10FB10000020C4F23E00CDF80090CDE908903046B8
:10FB2000CDF80CA0C3F6BA6105910791FCF7C4FFAC
:10FB30007468012C3AD130685490012039E00120DA
:10FB400054902046549AB16847F68E1548F6DE3731
:10FB5000559050430129C4F24565CCF6AC47569008
:10FB600015DB0BEBC10042F674719FEDD90B54AA63
:10FB7000084406F10C010432B1EC021B21EE001B1B
:10FB800002F10803814282ED021B1A46F4D343F2CC
:10FB900074600DF5A8795844A4224946F0F767FE31
:10FBA000012C41D13068549001243FE00120549051
:10FBB0002046549AB1685590012902FB00F05690F6
:10FBC00015DB0BEBC10042F674719FEDC10B54AA1B
:10FBD000084406F10C010432B1EC021B21EE001BBB
:10FBE00002F10803814282ED021B1A46F4D343F26C
:10FBF00074600DF5A8795844A4224946F0F737FE01
:10FC0000012C40F0CD80306854900124CAE000BF40
:10FC10008144E74A1857C63F158C97E052F8343FA5
:10FC2000DE8BACCC8E794546012054905499B06857
:10FC30000128559404FB01F1569116DB0BEBC00033
:10FC400042F674719FEDA40B084406F10C0109F112
:10FC5000040200BFB1EC021B21EE001B02F10803FD
:10FC6000814282ED021B1A46F4D343F2187054A964
:10FC70005844A422F0F7FBFDD6F8000949F6991480
:10FC80000128C3F6B9740FDB0BEBC00043F66C011F
:10FC9000084443F23331C3F6E3714FF0333200BF0F
:10FCA000E8E802218045FBD349F29E6241F24B0114
:10FCB000C5F2CF720092C3F633710391CDE9011200
:10FCC00040F2BA6140F61C32CAF60241C3F68562C0
:10FCD000CDE90A120C910021C4F208010D92002214
:10FCE00049F69A16CDE90E214CF2092140F23A72FA
:10FCF0009FED750BC7F6B761C3F66A62CDE91012C6
:10FD0000CDE91212CDE9141241F6CA024AF2773156
:10FD1000C5F658021692C3F6197143F69430CDE930
:10FD20001712CDE9191253EC102BC9F69916584445
:10FD3000CDE91B1641F27B410896C4F2AE712291C7
:10FD400047F6E1210994CDE90464CDE90664CDE9E3
:10FD50001D46CDE91F462194C3F68471CDE92317D2
:10FD6000CDE92557CDE92757CDE92957CDE92B57BF
:10FD7000CDE92D57CDE92F57CDE93157CDE933578F
:10FD8000CDE93557CDE93757CDE93957CDE93B575F
:10FD90003D95CDE93E75CDE94075FCF755FE43E054
:10FDA000012054905499B0680128559404FB01F146
:10FDB000569116DB0BEBC00042F674719FED460BBB
:10FDC000084406F10C0109F1040200BFB1EC021B6A
:10FDD00021EE001B02F10803814282ED021B1A464C
:10FDE000F4D343F2187054A95844A422F0F73FFD0D
:10FDF000D6F8000949F6991449F69A160128C3F66F
:10FE0000B974C9F699160FDB0BEBC00043F66C0111
:10FE1000084443F23331C3F6E3714FF0333200BF8D
:10FE2000E8E802218045FBD39FED2D0B43F6A81097
:10FE3000002153EC102B58443C97CDE90064CDE9E8
:10FE40000264CDE90464CDE90664CDE90864CDE936
:10FE50000A64CDE90C64CDE90E64CDE9101ACDE950
:10FE6000121ACDE9141ACDE9161ACDE9181ACDE9FE
:10FE70001A1ACDE91C75CDE91E75CDE92075CDE9BD
:10FE80002275CDE92475CDE92675CDE92875CDE932
:10FE90002A75CDE92C75CDE92E75CDE93075CDE902
:10FEA0003275CDE93475CDE93675CDE93875CDE9D2
:10FEB0003A753D95CDE93E75CDE94075FCF7C4FD39
:10FEC0000DF6A44DBDE8F08F9E96CF574B10333FF3
:10FED00000000000000059407B14AE47E17A843FE7
:10FEE0009A9999999999B93F2DE9F04F81B02DEDE3
:10FEF0000A8BADF5667D044645F64C00009145F64B
:10FF00008431204404EB0109F8F72AFD45F63070EE
:10FF100045F6347145F6387245F63C732058E06377
:10FF200045F640706158A25845F6587CE35845F6AE
:10FF30005477C4E9101245F62C712058C4E91230E8
:10FF40002046226B615845F64C7340F8381F00EB91
:10FF5000C2010646019045F6507E45F6487054F8B9
:10FF60000C5045F6447C54F803A054F8078054F82C
:10FF70000E7045F6647E235854F80C0046F83200A3
:10FF8000C1E9013AC1E903784D6145F66C73206B14
:10FF900045F6687C45F6707254F803A001EBC00783
:10FFA00045F6607354F80C5045F65C7C54F80280BA
:10FFB00054F80E20E35854F80C6041F83060C7E95B
:10FFC000013245F6787045F67C714FF4BF42C7F8B0
:10FFD0001480C7E9035A20586065615845F6887750
:10FFE000A25845F67470C4E91612224645F6847389
:10FFF000E15945F6A077205842F8500F45F69C701D
:020000040801F1
:10000000E358C4E91831236B54F807C054F800E0F2
:1000100045F6987645F6947545F6907045F68C77DA
:1000200002EBC301A65965592058E75942F83370CD
:100030000A1DC1F814C045F6B87345F6B47782E8D6
:100040006140206B54F803C054F807E045F6B076E1
:1000500045F6AC7545F6A87345F6A47701EBC002EA
:10006000A6596559E358E75941F83070101DC2F898
:1000700014C045F6C47145F6C87280E8684045F67C
:10008000C070236B45F6E87745F6E0752058E066CA
:1000900060582067A05845F6CC7145F6D07260676D
:1000A000605845F6BC71A067A0582246E0676058CA
:1000B00042F8680F45F6E47002EBC30154F807C03C
:1000C00054F800E045F6DC7045F6D877665945F6F9
:1000D000D475205854F807B054F805A042F833A05E
:1000E000C1E901B0C1E9036EC1F814C04FF4C042C8
:1000F00045F6FC73206B54F802E045F6F87254F8AC
:1001000003C045F6F47345F6F07545F6EC7B01EB5C
:10011000C006A25854F80380635945F6847554F814
:100120000B7041F8307006F10C00C6E9013809F196
:10013000040380E804500FCBC79045F68430205864
:10014000C6909DEDC67BCDE9C412B1EE478BD9F8C0
:10015000140021469DEDC40BCDE9C230B1EE400B39
:10016000D9F81C009DEDC21BC190D9F81800C090B1
:10017000D9F824009DEDC03BBF90D9F82000BE9077
:10018000D9F82C009DEDBE2BBD90D9F82800BC906D
:10019000D9F834009DEDBC4BBB90D9F83000BA9033
:1001A000D9F83C009DEDBA6BB990D9F83800B890F9
:1001B000D9F844009DEDB85BB790D9F84000B690EF
:1001C0009DEDB67B8DEDCC8BDDE9CC0241F8800F47
:1001D0004A608DEDCA0BB1EE410BDDE9CA02C1E9FF
:1001E00002028DEDC80BB1EE430BDDE9C802C1E997
:1001F0000402206B8DEDD20BB1EE420B01EBC0027D
:10020000DDE9D23741F8303057608DEDD00BB1EEDB
:10021000440BDDE9D003C2E902038DEDCE0BB1EE54
:10022000460BDDE9CE03C2E90403206B8DEDD40B50
:10023000B1EE450B02EBC003DDE9D47642F8307035
:100240005E608DEDD80BB1EE470BDDE9D802C3E956
:1002500002028DEDD60BDDF804A0DDE9D602C3E97C
:10026000040245F68872206B4D5945F69C7351F88F
:1002700002E045F68C7200EB400051F8028045F632
:1002800090728F5845F694728E5845F6987251F8D0
:1002900002C00AEBC0024AF8305045F6B070C2E91D
:1002A00001E8C2E90376C2F814C051F800C045F66F
:1002B000A070276BCB5851F8008045F6A47002EB74
:1002C000C7050E5845F6AC7051F800E045F6A87029
:1002D000085842F83730C5E9030E45F6C870C5F82E
:1002E00014C0C5E9018651F800C045F6C470236BFF
:1002F00045F6B47751F800E045F6C07005EBC3024F
:10030000CF5951F8008045F6BC700E5845F6B870CC
:10031000085845F83370131DC2F814C045F6E07252
:1003200083E8414151F802C045F6DC72206B8B58DE
:1003300045F6D87200EB40008F5845F6D4720AEBB0
:10034000C0008E5845F6D0728D5845F6CC728A584A
:1003500040F8182F021D0361C0F814C0E0C245F632
:10036000F872276B45F6E47651F80B5051F802E02D
:1003700045F6F47200EBC7038E5951F802C045F6FA
:10038000F07251F8028045F6E8728A5840F83760FA
:10039000181DC3F814E046F2080746F2040680E888
:1003A000241146F2100046F20C02256B51F807802A
:1003B00051F800C04FF4C04045F6FC7751F802E018
:1003C00003EBC5028E590858CF5943F83570131DF9
:1003D000C2F814C046F2240746F21C0C83E84141DF
:1003E000206B46F2280346F2180E46F2140800EB82
:1003F000400051F80C5051F80E6046F2340C0AEBF4
:10040000C00251F803A0CB5946F2200751F808006A
:1004100046F2300ECF5942F8300FC2E90165C2E909
:100420000373C2F814A046F23C07236B46F2400067
:1004300046F2380651F80C5046F22C0C51F807A041
:1004400002EBC30751F8008051F806B051F80E00D6
:1004500046F2480E51F80C6042F833603A1D46F2FD
:100460004C0CC7E904A882E82108226B46F2540329
:1004700046F2580046F2500651F80C5046F2440C31
:1004800051F803A007EBC20351F8008051F806B001
:1004900051F80E0009F1200E51F80C6047F8326057
:1004A0001A1DC3E904A882E82108206BDDF804A026
:1004B00045F68432D9F8145000EB4000D9E901C365
:1004C0000AEBC000A258D9E9037640F8602FC0E9D2
:1004D00001C3C0E903764561D9F82C80226BD9E9C4
:1004E000067600EBC2039EE8205040F83270C3E964
:1004F0000165C3E903CEC3F8148009F1380E206BFF
:10050000D9F84480D9E90C7603EBC0029EE820506C
:1005100043F8307046F27003C2E90165C2E903CEC8
:10052000C2F8148046F26C07206B46F2640C46F267
:10053000600E46F25C0800EB400051F80C5051F898
:100540000E6046F27C0C0AEB001251F803A0CB5966
:1005500046F2680751F8080046F2780ECF5942F883
:10056000180FC2E90165C2E90373C2F814A046F28C
:100570008407236B46F288004FF4C14651F80C50B3
:1005800046F2740C51F807A002EBC30751F8008043
:1005900051F806B051F80E0046F2900E51F80C607A
:1005A00042F833603A1D46F2940CC7E904A882E889
:1005B0002108226B46F29C0346F2A00046F2980600
:1005C00051F80C5046F28C0C51F803A007EBC20313
:1005D00051F8008051F806B051F80E0046F2AC0E0A
:1005E00051F80C6047F832601A1D46F2B807C3E9AB
:1005F00004A882E82108206B019A46F2A80351F86A
:1006000007A000EB400046F2B40746F2B00C46F2F9
:10061000A40802EB0012C858CF5951F80C5046F20A
:10062000C40C51F80E6046F2C00E51F8083042F882
:10063000303FC2E9010602F10C0046F2C80680E82C
:10064000A004236B46F2CC0746F2D00051F80C50C0
:1006500046F2BC0C51F807A002EBC30751F800802A
:1006600051F806B051F80E0046F2D80E51F80C6061
:1006700042F833603A1D46F2DC0CC7E904A882E870
:100680002108226B46F2E40346F2E80046F2E00657
:1006900051F80C5046F2D40C51F803A007EBC203FA
:1006A00051F800808E5951F80E0051F80C1047F89F
:1006B0003210191DC3F81480DDF800C081E8610410
:1006C000216BBCF1160FD9E9DE02CDE9DA0201EBAC
:1006D000C100019E06EBC0009DEDDA0B80ED120B10
:1006E000D9E9E023CDE9DC2301F1010200F1480062
:1006F00000EBC2009DEDDC0B80ED000BD9E9E23789
:10070000CDE9DE3700EBC2009DEDDE0B80ED000B86
:10071000D9E9E403CDE9E00301EB410006EB401029
:10072000E2AE9DEDE00B80ED180BD9E9E637CDE99F
:10073000E23700F1600000EBC20096ED000B80EDA7
:10074000000BD9E9E837CDE9E43700EBC20096EDBC
:10075000020B80ED000B16D0BCF1140F40F0AE8000
:10076000D9E91002D9E97037CDE98E379DED8E0BAE
:10077000CDE98C0204EB01109DED8C1B20EE410BAA
:1007800080ED340BF1E1D9F8C401A390D9F8C00190
:10079000A29099E88D009DEDA20BCDE990029DED10
:1007A000905BCDE9A03720EE459BD9F814009DED74
:1007B000A01B9F9020EE411BD9F810009E90D9F805
:1007C0001C009DED9E2B9D90D9F818009C90D9F8A7
:1007D00024009DED9C3B9B90D9F820009A90D9F87D
:1007E0002C009DED9A4B9990D9F828009890D9F853
:1007F00034009DED986B9790D9F830009690D9F819
:100800003C009DED967B9590D9F838009490D9F8EE
:1008100044009DED948B9390D9F84000929020462F
:100820009DED925B8DEDA89BDDE9A82340F8D02FCC
:1008300043608DEDA61B20EE421BDDE9A623C360BD
:1008400082608DEDA41B20EE431BDDE9A4234361F0
:10085000026100EBC1028DEDAA1B20EE441BDDE915
:10086000AA3740F8313057608DEDAC1B20EE461BA7
:10087000DDE9AC13D36091608DEDAE1B20EE471B1C
:10088000DDE9AE13C2E9041350F8A00C8DEDB01BE6
:1008900020EE481B02EBC00120EE450BDDE9B0372E
:1008A00042F830304F608DEDB41BDDE9B402CA6010
:1008B00088608DEDB20BDDE9B20254E1BCF11C0F92
:1008C000C0F25381D9F8B4015590D9F8B0015490D1
:1008D00099E88D009DED54ABCDE93E029DED3E3B88
:1008E000CDE952372AEE43CBD9F814009DED520BD7
:1008F0005190D9F810005090D9F81C009DED501B74
:100900004F90D9F818004E90D9F824009DED4E8BE9
:100910004D90D9F820004C90D9F82C009DED4C2B2F
:100920004B90D9F828004A90D9F834009DED4A4BF5
:100930004990D9F830004890D9F83C009DED485BCB
:100940004790D9F838004690D9F844009DED466BA1
:100950004590D9F840004490D9F8BC019DED447B06
:100960004390D9F8B8014290D9F8C4019DED42BB3B
:100970004190D9F8C001409020469DED409B8DEDFF
:100980005ACB2AEE40CBDDE95A2340F8D02F436002
:100990008DED58CB2AEE41CBDDE95823C360826050
:1009A0008DED56CB2AEE48CBDDE95623436102613B
:1009B00000EBC1028DED5CCB2AEE42CBDDE95C376A
:1009C00040F8313057608DED5ECB2AEE44CBDDE947
:1009D0005E13D36091608DED60CB2AEE45CBDDE9EF
:1009E0006013C2E9041350F8A01C8DED62CB2AEE0F
:1009F00046CB02EBC1032AEE47ABDDE9627642F853
:100A000031705E608DED66CBDDE96612DA6099606B
:100A10008DED64AB2BEE43AB29EE433BDDE9641275
:100A20005A61196101468DED68AB2BEE40AB29EEA2
:100A3000400BDDE9682341F8182F4B608DED6AAB60
:100A40002BEE41ABDDE96A23CB608A608DED6CABA8
:100A50002BEE48ABDDE96C23C1E9042350F8A02C50
:100A60008DED6EAB2BEE42AB01EBC203DDE96E7692
:100A700041F832705E608DED72AB2BEE44ABDDE978
:100A80007227DF609A608DED70AB2BEE45ABDDE930
:100A90007027C3E9042750F8A02C8DED74AB2BEE22
:100AA00046AB03EBC207DDE9746543F832607D6055
:100AB0008DED78AB2BEE47ABDDE97823FB60BA60B8
:100AC0008DED76ABDDE976237B613A618DED7A3B86
:100AD000DDE97A2341F8182F4B608DED7C0B29EE70
:100AE000410BDDE97C23CB608A608DED7E0B29EE26
:100AF000480BDDE97E23C1E9042350F8A02C8DEDDD
:100B0000800B29EE420B01EBC203DDE9807641F850
:100B100032705E608DED840B29EE440BDDE98412AA
:100B2000DA6099608DED820B29EE450BDDE98212CA
:100B3000C3E9041250F8A00C8DED860B29EE460B8C
:100B400003EBC001DDE9862743F830204F608DEDCF
:100B50008A0B29EE470BDDE98A02CA6088608DEDB9
:100B6000880BDDE988024A610861BCF1220FC0F2FE
:100B70000881D9F8CC011990D9F8C801189099E8E2
:100B80000F009DED182BCDE902019DED02BBCDE9D3
:100B9000162322EE0BBBD9F814009DED165B1590C1
:100BA000D9F810001490D9F81C009DED140B139087
:100BB000D9F818001290D9F824009DED129B1190DD
:100BC00022EE099BD9F820001090D9F82C009DED59
:100BD000104B0F90D9F828000E90D9F834009DEDF5
:100BE0000E1B0D90D9F830000C90D9F83C009DED0B
:100BF0000CAB0B90D9F838000A90D9F844009DED61
:100C00000A6B0990D9F840000890D9F8D4019DEDFD
:100C1000083B0790D9F8D0010690D9F8DC019DED8A
:100C2000067B0590D9F8D8010490206B00EB4001B9
:100C300004F138009DED048B8DED1EBB22EE05BB4B
:100C400000EBC101DDE91E2341F8E02F4B608DED83
:100C50001ABB22EE00BBDDE91A23CB608A608DED62
:100C60001CBBDDE91C23C1E90423226B8DED209B15
:100C700022EE049B01EBC203DDE9207641F83270DD
:100C80005E608DED249B22EE019BDDE92412DA608B
:100C900099608DED229B22EE0A9BDDE92212C3E9C9
:100CA0000412216B8DED269B22EE069B03EBC10205
:100CB00022EE032BDDE9267643F8317056608DED88
:100CC0002A9BDDE92A13D36091608DED282B25EE58
:100CD000072BDDE92813C2E90413216B8DED302BBE
:100CE00020EE072B01EB410120EE080B00EBC100C9
:100CF000DDE9301240F8F81F42608DED2C2BDDE964
:100D00002C12C26081608DED2E0B24EE070BDDE905
:100D10002E12C0E90412216B8DED320B21EE070B70
:100D200000EBC102DDE9323740F8313057608DED1C
:100D3000360B21EE080BDDE93601D16090608DEDB8
:100D4000340B26EE070BDDE93401C2E90401206B08
:100D50008DED380B23EE070B02EBC001DDE93837D0
:100D600042F830304F608DED3C0B23EE080BDDE98F
:100D70003C02CA6088608DED3A0BDDE93A02C1E9B8
:100D800004020DF5667DBDEC0A8B01B0BDE8F08F65
:100D90002DE9F0412DED108BFCB046F2DC0245F65A
:100DA000843341F2D86C0244122900EB03048444DA
:100DB000C0F29381D4F824324793D4F8203246937A
:100DC000D4F81C329DED46AB4593D4F818324493C9
:100DD000D4F814329DED449B4393D4F810324293DF
:100DE000D4E900E3D4E902569DED42BBCDE92EE300
:100DF0009DED2E0B8DED0C0BCDE9405663699DEDFD
:100E0000403B3F932AEE030B23693E93E3699DED3C
:100E10003E1B3D9399EE010BA3693C93636A9DEDE4
:100E20003C5B3B93236A3A93E36A9DED3ADB39934B
:100E3000A36A3893636B9DED38CB3793236B36935E
:100E4000E36B9DED367B3593A36B3493636C9DED23
:100E5000346B3393236C329392E84840D5689DED10
:100E6000328BCDE930369DED302B8DED062BCDE963
:100E700056E5536900F5B75E9DED562B8DED042BBD
:100E8000559313695493D3699DED542B8DED022B2B
:100E9000539393695293536A9DED522B8DED0E2B14
:100EA0005193136A5093D36A9DED502B8DED082B0F
:100EB0004F93936A4E93536B9DED4EFB4D93136B83
:100EC0004C93D36B9DED4C2B8DED0A2BB0EE412B4B
:100ED0004B93936B4A93536C9DED4AEB4993136C80
:100EE00048938DED001BDCF800309DED484B8DEDF7
:100EF000580B9DED0C1B0EEBC3032AEE410BDDE9F5
:100F00005865CCF8845092EE4B0BCCF880608DED98
:100F10005C0B2BEE430BB0EE432B91EE490BDDE95E
:100F20005C65CCF88C50CCF888608DED5A0B2AEEBD
:100F30000D0B99EE0C0BDDE95A65CCF89450CCF80A
:100F400090608DED620B2AEE450BDDE962569CEE5A
:100F50004B0B43F8785F5E608DED600B2BEE4D0B15
:100F600095EE490BDDE96056DE609D608DED5E0B10
:100F70002AEE060B5E9D99EE080B5F9EC3E90456B0
:100F8000DCF800508DED640B2AEE470B03EBC50631
:100F900098EE4B0BDDE9647843F83570C6F80480B1
:100FA0008DED680B2BEE460B97EE490BDDE96835AE
:100FB000F560B3608DED660B9DED049B9DED063BEA
:100FC00025EE090BDDE96635756133619DED02ABF8
:100FD000A3EE010BDCF800309AEE470B8DED6E0BA3
:100FE0002DEE090B03EB43030EEBC303A3EE020B41
:100FF000DDE96E769AEE460B43F8787F5E608DED04
:101000006A0B2CEE090B9DED009BA3EE090B9AEEEB
:10101000480BDDE96A76DE609F608DED6C0B9DED1F
:1010200008AB9DED0E3B25EE0A0BDDE96C765E61AB
:10103000A3EE010B1F619FEE470BDCF800708DEDF6
:10104000700B2DEE0A0B03EBC706A3EE020B9FEE0F
:10105000460BDDE9705E43F83750C6F804E08DEDCD
:10106000740B2CEE0A0BA3EE090B9FEE480BDDE987
:101070007437F760B3608DED720B25EE0E0B9DEDAE
:101080000A3BA3EE010BDDE9723794EE470B776163
:101090003361DCF800308DED760B2DEE0E0B06EB98
:1010A000C307A3EE020B94EE460BDDE9765E46F82D
:1010B0003350C7F804E08DED7A0B2CEE0E0BA3EE47
:1010C000090B94EE480BDDE97A36FE60BB608DEDCE
:1010D000780BDDE97836C7E904361329C0F297802A
:1010E00092E88A00D668CDE91013D4F85C129DED21
:1010F000101B2D91D4F858122C919DED2C0BCDE99D
:101100002076D4F8641204F5FC779DED203B2B91FA
:10111000D4F860122A9151699DED2A4B1F9123EE5C
:10112000043B11691E91D4F86C12A1EE003B9DEDB9
:101130001E2B2991D4F868122891D1699DED285B66
:101140001D9192EE453B91691C91516A9DED1C6B7E
:101150001B91116A1A91D16A9DED1A8B199124EE97
:10116000088B916A1891516BA6EE008B9DED187B50
:10117000179197EE458B116B1691D16B9DED169BD8
:101180001591916B1491516C9DED14BB1391116CE1
:1011900012918ECF9DED12ABCDE926120CF1980283
:1011A0009DED26CBCDE92437B1EE4CCBD4F80C1213
:1011B0009DED24DB2391B1EE4D1BD4F80812229152
:1011C000DCF8001002EBC1029DED22EB8CED26CB8A
:1011D00082ED001B24EE0B1B02EBC102B1EE4E4B65
:1011E00001EB410382ED004B00EBC30041F2707252
:1011F000A9EE001B10449AEE451B80ED003B00EB6E
:10120000C10000EBC10180ED008B81ED001B7CB0C3
:10121000BDEC108BBDE8F0817047000000000000BD
:101220002DE9F04F81B02DED108BADF5896D0546A0
:1012300046F2C83005EB000A43F65C47284689466B
:101240000DF5747B45F6A448EE19FCF70DFA43F64C
:10125000444045F664322918A818F7F7A5FA06F1B4
:10126000040CB9F1120F9CE80E10E191E959E091DC
:1012700045F6DC5105EB01079DEDE00B7C68DF9442
:101280006C58DE949DEDDE1B31EE400B8DEDEC0BCA
:10129000DDE9EC406C50786045F6E450CDE9CA23B6
:1012A00005EB00014A689DEDCA0BCD922A58CC92FD
:1012B0009DEDCC1B31EE400B8DEDE20BDDE9E22321
:1012C0002A5070694B60CDE9CEC045F6EC5005EB75
:1012D00000019DEDCE0B4A68D1922A58D0929DED27
:1012E000D01B31EE400B8DEDE40BDDE9E4232A50F9
:1012F000F0694B60D790B069D69045F66C6005EB0D
:1013000000019DEDD60B4A68D9922A58D8929DEDDE
:10131000D81B31EE400B8DEDE80BDDE9E8232A50B8
:10132000706A4B60DB90306ADA9045F6746005EBCA
:1013300000019DEDDA0B4A68DD922A58DC929DEDA2
:10134000DC1B31EE400B8DEDEA0BDDE9EA232A5080
:10135000F06A4B60D390B06AD29045F67C6005EBA2
:1013600000019DEDD20B4A68D5922A58D4929DED8A
:10137000D41B31EE400B8DEDE60BDDE9E6232A5060
:101380004B60D6E90C01CDE9F00145F6846005EB30
:1013900000019DEDF00B4A68EF922A58EE929DED08
:1013A000EE1B30EE010B8DEDF20BDDE9F2232A503E
:1013B0004B60D6E90E01CDE9F60145F68C6005EBF0
:1013C00000012A589BED020BF4924A68F5929BEDBE
:1013D000001B30EE010B8BED040BDDE9F8232A50E6
:1013E0004B60D6E91001CDE9FC0145F6946005EBB0
:1013F00000012A589BED080BFA924A68FB929BED7C
:10140000061B30EE010B8BED0A0BDDE9FE232A50A3
:101410004B60D6E91201CDF8080445F69C60CDF882
:101420000C1405EB00012A589BED0E0BCDF800249F
:101430004A68CDF804249BED0C1B30EE010B8BEDBC
:10144000100BDDF81024DDF814342A504B60D6E977
:101450001401CDF8200445F6A460CDF8241405EB62
:1014600000012A589BED140BCDF818244A68CDF8DA
:101470001C249BED121B30EE010B8BED160BDDF8DF
:101480002824DDF82C342A504B60D6E91601CDF81B
:10149000380445F6AC60CDF83C1405EB00012A5841
:1014A0009BED1A0BCDF830244A68CDF834249BED1F
:1014B000181B30EE010B8BED1C0BDDF84024DDF822
:1014C00044342A504B6041DB06F1600357460FCB92
:1014D000CDE9BC0157F82CCF384650F8104D9DEDA2
:1014E000BC0BC2944468C3949DEDC21B30EE010B4B
:1014F0008DEDC80BDDE9C841C0E90041CDE9BA2353
:10150000384650F8081D9DEDBA0BC0914168C19155
:101510009DEDC01B30EE010B8DEDC60BDDE9C61253
:10152000C0E90012706FB990306FB8909DEDB80BA4
:10153000CDF8F8C27868BF909DEDBE1B30EE010B70
:101540008DEDC40BDDE9C401C7E90001B9F1130F4A
:10155000A84413DBD6E91E01CDE9B401DAE90001A4
:101560009DEDB40BCDE9B2019DEDB21B30EE010B48
:101570008DEDB60BDDE9B601CAE90001B9F1160F30
:101580003ED0B9F1140F40F0EA80D6E92001CDE950
:101590007A01B7EE001B404650F8401F02469DED11
:1015A0007A0B52F8103D809331EE400B53688193D3
:1015B0009DED801B21EE001B8DED861BDDE986373E
:1015C000C2E90037024652F8083D7E9353687F9384
:1015D0009DED7E1B20EE011B8DED841BDDE9843724
:1015E000C2E900377C9141687D919DED7C1B20EE26
:1015F000010B8DED820BDDE98212C0E9001200E2E1
:1016000006F18003C646C44645460FCBCDE98E01A0
:10161000C24644469DED8E2BCDE98C23D6F894002E
:1016200043469DED8C0B8B90D6F890008A90D8E9BC
:1016300000019DED8A1BCDE988015EF8181F9DED24
:10164000886B9E91DEF804109F915CF8301F9DED31
:101650009E4B9C91DCF804109D9155F8081F9DED60
:101660009C3B9A91A2EE436B6968A0EE434B9B9121
:1016700053F8201F9DED9A9B9891596899915AF8BB
:10168000381F9DED987B9691DAF8041097914146AA
:1016900051F8107F9DED965B9497A2EE459B4F68A5
:1016A000A0EE457B959754F8287F9DED94BB9297CB
:1016B00067689397474657F8400F9DED92AB90901F
:1016C000786891909DED908B8DEDB06BA2EE48BB4C
:1016D000B7EE002BA0EE48ABDDE9B00232EE410BD5
:1016E000C8F80000C8F804208DEDAE9B20EE031B67
:1016F000DDE9AE0228606A608DEDACBBDDE9AC02CD
:1017000008604A608DEDAA4BDDE9AA01CEF8000021
:10171000CEF804108DEDA87BDDE9A80118605960B2
:101720008DEDA6ABDDE9A601206061608DEDA41B07
:1017300020EE051B20EE080BDDE9A401CCF800002B
:10174000CCF804108DEDA21BDDE9A201CAF800005F
:10175000CAF804108DEDA00BDDE9A0014FE1B9F14D
:101760001C0FC0F24E8106F18003C646C4464546B2
:101770000FCBCDE95601D6F89C00C24647469DEDF9
:1017800056DB5590D6F898005490D6F8B4009DEDED
:1017900054EB5390D6F8B00052909DED528BCDE9AA
:1017A0005023D6F8A40042469DED500B8DED120B50
:1017B0004F90D6F8A0004E90D6F8BC009DED4E0B91
:1017C0008DED0E0B4D90D6F8B8004C90D6F89400E5
:1017D0009DED4C0B8DED0C0B4B90D6F890004A9084
:1017E000D6F8AC009DED4A0B8DED100B4990D6F864
:1017F000A8004890D6F8C4009DED480B8DED0A0B6B
:101800004790D6F8C000469040F21860D8F8001013
:10181000C2F200009DED460B8DED080B90ED007BB4
:1018200090ED026B90ED045B90ED06BB90ED08CB64
:1018300090ED0A0B8DED020B90ED0C0B8DED060B70
:1018400090ED0EAB90ED100B8DED040B36EE4EEBE4
:10185000D8F80400CDE9441037EE4DDB5EF8180FE0
:1018600035EE487B9DED449B6690DEF80400679062
:101870005CF8300F9DED66FB64902EEE0F8BDCF86C
:10188000040065904046ADEE098B50F8081F9DEDB1
:10189000644B6291A7EE048B4168639155F8201F59
:1018A0009DED623B6091696861915AF8381F9DED2A
:1018B000602B5E91DAF804105F9152F8101F9DEDD5
:1018C0005E1B5C9151685D91414651F8284F9DED3A
:1018D0005C0B5A944C685B9457F8404F9DED5A5BF3
:1018E00058947C6859949DED586B8DED788B2EEE55
:1018F000028BADEE038BA7EE018BDDE97843C8F8D0
:101900000040C8F804308DED768B2EEE058B9DEDF2
:1019100012EB3BEE4EBB9DED0EEBADEE008B3CEEC5
:101920004ECBA7EE068BDDE976342CEE0F7B036001
:1019300044608DED748B9DED0C8B9DED02DBABEE69
:10194000097B3DEE488BDDE974031060A8EE047B53
:1019500053608DED727B2CEE027BABEE037BA8EE29
:10196000017BDDE97202CEF80000CEF804208DED97
:10197000707B2CEE057B9DED10CB9DED06DBABEE79
:10198000007B3DEE4CCB9DED0ADBA8EE067B3AEEEC
:101990004DABDDE9700228602AEE022B6A608DED06
:1019A0006E7B9DED088B9DED04BB2AEE0F7B3BEE1D
:1019B000488BDDE96E02ACEE097B0860A8EE047B83
:1019C0004A608DED6C7BACEE032BA8EE012B2AEE6A
:1019D000051BDDE96C01CCF80000ACEE001BCCF877
:1019E00004108DED6A2BA8EE061BDDE96A01CAF82A
:1019F0000000CAF804108DED681BDDE9680138604D
:101A00007960B9F1220FC0F2E080B7EE00EB06F189
:101A1000C8030FCBCDE91E019DED1E9BCDE91C2314
:101A20003EEE49FBD6F8E4009DED1C1B1B90D6F85A
:101A3000E0001A90D6F8DC009DED1A4B1990D6F80C
:101A4000D8001890D6F8EC009DED183B1790D6F80A
:101A5000E8001690D6F8F4009DED162B1590D6F8F8
:101A6000F000149058F888CF4046C146C64650F85A
:101A7000401D47469DED140B8DED120B30914546F0
:101A80004168319159F8281D9DED305B2E912FEE64
:101A9000050BD9F804102F915EF8103D9DED2E6BCB
:101AA0002C93DEF804302D9357F8383D9DED2C7BB8
:101AB0002A937B682B9355F8203D9DED2A8B289324
:101AC0006B682993434653F8086D9DED28AB269625
:101AD0005E682796464656F8304D9DED26BB249409
:101AE00074682594444654F8181D9DED24CB22912A
:101AF000616823919DED22DBCDF880C0D8F80410F9
:101B000021919DED209B8DED360B2FEE080BDDE92D
:101B10003612C0E900128DED340B3EEE440B2FEE71
:101B20000C4BDDE93401386079608DED324B20EEED
:101B3000064BA1EE454BDDE93201306071608DED61
:101B40003C4B20EE0A4B20EE0D0BA1EE484BDDE99D
:101B50003C01A1EE4C0BC9F80000C9F804108DED52
:101B60003A4BDDE93A01286069608DED380B9DED57
:101B7000121B26EE020B3EEE411BDDE93801A3EEFF
:101B8000050B206091EE070B61608DED420B2AEE94
:101B9000020BA3EE080B91EE0B0BDDE94201CEF830
:101BA0000000CEF804108DED400B2DEE020BA3EEDD
:101BB0000C0B91EE090BDDE94001186059608DEDC9
:101BC0003E0BDDE93E01C8E900010DF5896DBDEC74
:101BD000108B01B0BDE8F08F7047000000000000DE
:101BE0007047000000000000704700000000000087
:101BF0002DE9F04F81B02DED108BADF56E6D834664
:101C000045F634000BEB000943F6186045F64C0727
:101C10000BEB00060BEB070045F66455F8F75CF993
:101C200043F6506043F654615BF800205BF8011006
:101C300001324BF800208A4206DBDBF80000016924
:101C4000584688470020B063DBF80000DBF814102A
:101C5000D9E90823CDE9B623C26858460BEB050441
:101C6000DDF8485F9DEDB60B9047DBF818000128C2
:101C700055DB43F26011594404E000BF013801F123
:101C800008014CD0D9E90823CDE9B2230A4652F81D
:101C9000A43F9DEDB20BAE935368AF939DEDAE1B89
:101CA00030EE010B8DEDB40BDDE9B437C2E900373E
:101CB000D2F81037B193D2F80C37B0939DEDB00B3A
:101CC000B5EE400BF1EE10FA0FDDD9E90837CDE99A
:101CD000AA3702F20C729DEDAA1B30EE410B8DED7E
:101CE000AC0BDDE9AC37C2E90037D1E90023CDE91F
:101CF000A8239DEDA80BB5EE400BF1EE10FABDDD6B
:101D0000D9E90823CDE9A4239DEDA41B30EE410BB6
:101D10008DEDA60BDDE9A623C1E90023AEE7012D79
:101D20004FF00000F06204DB706BA842D8BF756B07
:101D300000E0756B3046D9F82070D9E9002350F8DF
:101D4000081FB4468562D9F82460CDE99476012D48
:101D50009DED940B8C914768C1698D9701F101014C
:101D60009DED8C1B30EE010B8DED9E0BDDE99E761B
:101D7000C0E90076D9F82C709397D9F8287092971B
:101D80009DED920B8DED9A0BDDE99A76CBE901760C
:101D9000DBF81C7007F10107CBF81C70CDE9882334
:101DA00094E88C00E6689DED880BCDE98A234A46CD
:101DB00052F8083F9DED8A1B909330EE010B53685B
:101DC00091934B469DED902BCDE9987653F8107F7B
:101DD0009DED983B8E975F688F9767699DED8E4B61
:101DE0009797276996979DED961B8DED9C0B32EE8C
:101DF000030BDDE99C76C9F80070C9F804608DED2D
:101E0000A20B34EE010BDDE9A27617605660664640
:101E10008DEDA00BDDE9A027C3E90027C161C0F269
:101E2000818645F2EC6045F2486142F67C530BEB4B
:101E3000000C0BEB01080BEB030145F2A45043F639
:101E400058625844199001F10C001D9045F67C50E1
:101E500001F5AA771E915844189041F2D46045F2DA
:101E60004861AA465A440BF68C33E2AD5844B7EEAB
:101E7000008B0990B0EE08BB0BEB01000E9045F211
:101E80004C60B6EE00DB45F20451584403900BEB76
:101E9000010006909FEDEA9B9FEDEBAB9FEDECCB35
:101EA00002F10C00179005F10C001C9003F10800E2
:101EB0000B90B8A80BF5AA4ECDF8408008F10C01A4
:101EC000D046049100F10C0114910BF5B751089123
:101ED00045F2F8614FF0000A169759441F920430FA
:101EE00013930D910EF10C01CDF844E00C910CF11F
:101EF0000C01CDF848C007910BF130011591291D57
:101F00001B9102900BF5365005901A9618E000BF11
:101F1000A4221E98E2A9EEF7AAFC8DED84EB1A9E8E
:101F2000DDE98401C6E900010020C6E902000AF1EA
:101F3000010A306AC24500F10100306280F2F28588
:101F4000316A481C00F0C080881C40F00781706A2C
:101F5000002800F0E785189D01EE100AD4E9001270
:101F6000E291A168E392E268E4912169E5926269F5
:101F7000CDE9E612D5E90012B891A968B992EA68EC
:101F8000BA912969BB926A69CDE9BC1299E88E00C1
:101F9000CDE96C12B8EEC11B9DED6C0B88EE012BE8
:101FA0006F976E9309F5BA73D9F8140022EE000BFF
:101FB0009DED6E1B719022EE011BD9F81000709000
:101FC0009DED703B8DED720B22EE032BDDE972016E
:101FD000616020608DED741BDDE97401E160A0603B
:101FE0008DED762BDDE97601C4E9040142F2002192
:101FF000C2F200010868C9F800004868C9F8040086
:102000008868C9F80800C868C9F80C000869C9F8E8
:1020100010004869C9F81400002070620FCBCDE9A8
:102020007C019DED7C3BCDE97A2330EE030BD9F8A2
:1020300088019DED7A4B7990D9F8840178909DEDD7
:10204000783B8DED820B31EE040BDDE98201E1611D
:10205000A0618DED800B32EE030BDDE98001616242
:1020600020628DED7E0BDBF80020DDE97E01E16270
:10207000DBF81410A062584612689047DBF80000A5
:10208000816858468847DBF80000DBF81410426886
:1020900058469047E2982060E3986060E498A0601A
:1020A000E598E060E6982061E7986061B89828605C
:1020B000B9986860BA98A860BB98E860BC98286135
:1020C000BD98686133E700BFD6E90201CDE986011A
:1020D000DBE90B01DBF83420012A9DED86EBE3916F
:1020E00000FB01F1E290E49114DBE2AB159F03EBFE
:1020F000C2021B9B0C3200BF97ED020B03F11006CE
:1021000003F108052EEE000B0837964283ED020B13
:102110002B46F1D30129E2AE0FDB06EBC101082209
:102120000C3102EBC0001C9A92ED000B30EE080B54
:1021300082ED000B02448A42F6D340F654321F98D7
:102140003146EEF794FB1E9BD3F84C0101283AD19F
:10215000D3F84801E290012037E000BFDBF814001B
:10216000814280F28E801F984268012AFFF6DFAE1E
:1021700002FB01F0A44643F66464C646B046139DD4
:102180000BEBC00344F6B81018441C4400EBC2012A
:1021900004EBC203B0EE490BDBF8842BD6002F46CC
:1021A000224600BF97ED002BB2EC021BA1EE020B02
:1021B0009A423744F6D3A0EC020B884205F1080599
:1021C000E8D36446A9E00121E291E390D3F85001FD
:1021D000DDE9E21201281D9D02FB01F1E49112DB11
:1021E0000BEBC00042F6D06108441B99169A00BF61
:1021F000B2EC020B2EEE000B01F10803824281EDDE
:10220000020B1946F4D3A42219983146EEF72FFB9E
:102210001F980168E29101294FF00100E390E491D9
:10222000FFF676AE1E98E2AA02EBC10142F6885391
:1022300000680C31179E0BEBC0021A441C9B12E085
:102240000000000000000000A281F0FFFFFFAF3C93
:10225000DE8BACCC8E793546B0EE490BA3EC020B8D
:102260008B42BFF455AE0128F6DBB0EE490B2F468A
:10227000B6EC021BB7EC022BA1EE020B9742F7D390
:10228000ECE7B1EB400F4BDA1F9AC646B046A1EB24
:10229000000CD2F8587B012F1EDB07FB0CF144F633
:1022A000B8150BEBC10101F68C32294402EBC703D0
:1022B000179D01EBC70600BFB0EE490B0F4600BFEC
:1022C000B7EC021BB5EC022BA1EE020BB742F7D321
:1022D000A2EC020B9A42EFD30BEBCC0145F2B053C8
:1022E000CA180CFB00C0C9582091516821910BEB12
:1022F000C000D0F88C1B9DED200BD0F8902BCDE9C1
:1023000022129DED221B30EE010B8DED240BDDE939
:102310002412C0F88C1BC0F8902B4646F04606E607
:10232000DBF818201044B1EB400F78DADBF82C0012
:10233000DBF82020DBF82830A1EB400000EBD07068
:10234000471003EA02000123BB40184000F0B280AE
:10235000C90740F0B2801398E2AECDF83C80D0F8C7
:102360004C5B012D17DBF800099900FB05100821D3
:1023700001EBC701089A05FB012100F114028A4212
:1023800088BF1146091A4A1F00F10C0122F007020A
:102390003046EEF76CFA10980A97129F4FF001083A
:1023A000C0F8A48098220D983146C7E90155EEF790
:1023B0005EFAA422B8A83946EEF759FA38680190B7
:1023C000B990DBF8800B7E680128CDE9E208119D09
:1023D00042F67018B896E490C0F29D80E2A91C9A6B
:1023E00001EBC000B8A901EBC6010C300C31139B06
:1023F00007E000BFB0EE490BA2EC020B824280F076
:102400008A80012EF6DBB0EE490B149FB3EC021B61
:10241000B7EC022BA1EE020B8F42F7D3ECE74000A2
:10242000814239D15846FAF7D7FDDBF8881B0229DB
:10243000FFF67DADDBF8840B139A0A94344602EB69
:10244000C006CDF83C8002EBC10C0821C30000F1AE
:10245000010E01EBC007DDF82C80314608E000BF1B
:1024600008EBCE083E44E04501EBC00180F08980D6
:10247000884532464546F3D295ED000B92ED001BA0
:1024800030EE010B20EE0D0B82ED000B1A44A5EC93
:10249000020B8D42F0D3E3E740F001008142FFF6EA
:1024A00046ADDBF800004169584688476FF00200EE
:1024B00030623CE508F10108B2E2B16A002980EA25
:1024C0000201CBF8201000F050820BEBC70343F25F
:1024D000601299189A586A9249686B919DED6A0B3F
:1024E000B4EE4A0BF1EE10FA80F23F82F16ACDF8B9
:1024F0003C800843F062D6E90601CDE96801109AF4
:1025000056689DED680B012E40F029811068E2901D
:102510000120E39026E1A4222846E2A9EEF7A7F9DC
:102520006868019DCDE9E25000FB05F1012DE491C1
:1025300008BF01282AD01298DDF830C08068012831
:1025400045DB0BEBC00145F2F86045F20C52084444
:102550001144079A1C9B00BF92ED000B083B674695
:10256000B7EC021B20EE011B03F108068F4283ED3E
:10257000021B3346F4D3083206F108038242EBD340
:1025800025E026460A9CDDF83C80D0E4B0EE490BFD
:10259000012EDDF830C014DBB0EE490B069800BF09
:1025A00050F8081F013E4268D0E97B37CDE95C371F
:1025B0009DED5C1BCDE95E129DED5E2BA1EE020B45
:1025C000EED18DED5A0BDDE95A01CDE9E5019DED26
:1025D000E50B8DED580B0A98012D1A9B0BEBC000F3
:1025E000DDE95812196142F62C6101445A6191EDFE
:1025F000000B1E994968CDE9E25101FB05F2E49216
:1026000008BF012923D012998968012942DB0BEB0D
:10261000C10245F2F86142F6885311441A44079BFF
:102620001C9F00BF93ED001B083F1D9EB6EC022BC4
:1026300021EE022B07F10805964287ED022B2F466B
:10264000F4D3083305F108078B42EBD322E0B0EE58
:10265000491B12994968012916DBB0EE491B059AFE
:1026600052F8083F02EB080752F8086054967F685A
:10267000559701399DED542B5693536857939DED13
:10268000563BA2EE031BEBD18DED521BDDE952123E
:10269000CDE9E5129DEDE51B43F66C0330EE410BF1
:1026A0008DED4E0B1A9EDDE94E12C6E90612C118D9
:1026B0000122B2624A685192C2585092DDF83C80C1
:1026C0009DED501BB4EE4A1BF1EE10FA40F366810B
:1026D00043F61013C218C3584C9352684D929DEDA7
:1026E0004C1BB4EE4A1BF1EE10FA80F25781D6E98A
:1026F0000423CDE9462343F22473C218C3589DED49
:10270000461B48934FF45A5390EE001B526849926F
:1027100000F55A52C3589DED482B4A9381FE020B97
:1027200052684B929DED4A1BB4EE410BF1EE10FA4C
:1027300040F383808DED3E1B42F67475DDF828E092
:10274000421943F2C878DDE93E3743510BEB8E0363
:102750004FF4765557605A5901325A5195E001208D
:10276000CDE9E206DDE9E2019268484390460BEBD1
:10277000C201E49045F25460012A01EB00050CDB34
:102780001B980499B1EC021B20EE011B00F108021A
:10279000A94280ED021B1046F4D31E9801930A97BC
:1027A0008068012811DB0BEBC00042F68851084419
:1027B0001B9A1D9992ED020B91ED001B083230EE31
:1027C000010BA1EC020B8142F4D3119FA422B8A803
:1027D0003946EEF74CF810997868B890386809686F
:1027E000B990CDE9E21001FB00F20129E49208BFA3
:1027F000012874D04146B8F1010F1A9EDDF83C80E3
:10280000C0F29180B8A81C9A00EBC10004990C306A
:1028100091ED000B083A149BB3EC021B20EE011B58
:1028200002F10807834282ED021B3A46F4D30831D5
:1028300007F10802A942EBD375E043F2C87842F6EB
:10284000747500EB080250F80830409352684192CA
:10285000421943599DED401B429338EE412B53687A
:1028600020EE010B43939DED421BA2EE010B8DED7B
:10287000440BDDF828E0DDE9443757600BEB8E02AE
:1028800043514FF476550023535100EB080350F8A1
:10289000082038925A68399243F66C0282589DEDAE
:1028A000380B3A920BEB8E0249683B919DED3A1B37
:1028B00030EE011B80EE010B8DED3C0BDDE93C178A
:1028C00040F808105F605159002963D043F6CC539B
:1028D000D25891424FF00001C8BF01215BE0B0EE39
:1028E000490B012E16DBB0EE490BDDE9020100BFFA
:1028F00051F8082F64924A68659250F8082F013EFB
:102900009DED641B6692426867929DED662BA1EE79
:10291000020BEDD18DED620B1A9EDDF83C80DDE9F6
:102920006201CDE9E501DBF8880B012814DB0BEB34
:10293000C0001B9A00F68C30139900BF92ED020B79
:1029400091ED001B01F10803083231EE400B834288
:1029500081ED000B1946F1D343F20821019A0020C2
:102960000A9F505043F2042150500BEBC70043F232
:10297000DC52811880586090486861909DED600B32
:10298000B4EE4C0BF1EE10FA4ADA58463946FAF733
:10299000EBFE45E00121DDF83C80B162D6E904128E
:1029A000CDE9361242F6747143F218020144104424
:1029B000119B9DED360B91ED001B90ED002B58689F
:1029C000012803D11868E290012001E00121E29181
:1029D000E3909868DDE9E2120A9F012802FB01F109
:1029E000E49118DB81EE021B0BEBC00045F20C51A9
:1029F000624608441B9930EE010B88EE000B00BFC5
:102A0000B2EC021B20EE011B01F10803824281EDB2
:102A1000021B1946F4D3A4220E98E2A9EDF727FF72
:102A200096F82000C0077FF482AA0BEBC70043F69C
:102A30001012811882583492496835919DED340BFB
:102A4000B4EE4A0BF1EE10FABFF671AA31683746C0
:102A50007268CDE92A1243F2BC02811882589DEDBA
:102A60002A0B2C924FF45A5249682D9142F67471F8
:102A7000461841589DED2C2B2E9171682F9100F531
:102A80005A5182589DED2EEB309243F20422496850
:102A90003191811882589DED301B329249683391F3
:102AA0009DED323BB4EE4B3BF1EE10FA32DDB4EE6D
:102AB0004C2BF1EE10FA2DDA43F66C028118805897
:102AC0002890486829909DED283BB5EE403BF1EEFB
:102AD00010FA1FDDB4EE41EBF1EE10FA1ADA2EEE29
:102AE000011B80EE023BB4EE402BF1EE10FAB1EE8A
:102AF000C10B33FE08FBB4EE400BF1EE10FA0CD61E
:102B000030EE000BA0EE0FEB8DED26EBDDE926019C
:102B1000C6E900013E46FFF70ABAB0EE410B02F0EB
:102B20009FF9EDE7DBF80000816958468847F06AB5
:102B3000DBF824100143CBF824100DF56E6DBDECCD
:102B4000108B01B0BDE8F08F70B52DED0A8BB6B0DB
:102B5000D1E900C3D1E902E4CDE900C392E86010F5
:102B6000D3689DED009BCDE902569DED020BCDE9AA
:102B70000CE4D6699DED0C8B1D9696691C964E69EA
:102B80009DED1C1B0B9628EE013B0E690A96566BB9
:102B9000A9EE003B9DED0AAB1B96166B1A969DEDB8
:102BA0001A2BAAEE023B8DED223BDDE92265C0E93E
:102BB0000065CDE918C3536A9DED183B1793136A5E
:102BC0001693D36B9DED164B159328EE046B936B08
:102BD0001493A9EE036B9DED145BAAEE056B8DEDCE
:102BE000206BDDE92036C0E902365369139313697F
:102BF0001293D36A01F130069DED126B1193936A23
:102C00001093536C9DED107B0F9328EE07BB126C55
:102C10000E92A9EE06BB9DED0E8BAAEE08BB8DEDC4
:102C20001EBBDDE91E23C0E90423CA6909928A6933
:102C300008924A6A9DED089B07920A6A0692CA6A40
:102C40009DED06AB059221EE0ABB8A6A0492A9EEBD
:102C500000BB9DED04CBACEE02BB8DED28BB24EE9A
:102C60000ABB27EE0AABA9EE03BB289AACEE05BB64
:102C7000299BC0E906238DED26BBA9EE06ABACEE81
:102C800008AB269A279BC0E908238DED24ABCD6BBA
:102C9000DDE92423C0E90A234CCECDE92A239DEDAA
:102CA0002A9BCDE92C650A6C9DED2CAB2E9221EE72
:102CB0000A1B496C2F91A9EE001B24EE0A0B9DED17
:102CC0002EBBABEE021B8DED341BA9EE030BABEE5E
:102CD000050B3499359AC0E90C128DED320B27EEB5
:102CE0000A0BA9EE060B3299ABEE080B339AC0E93A
:102CF0000E128DED300BDDE93012C0E9101236B046
:102D0000BDEC0A8B70BD0000B0B58CB090E80C50E3
:102D1000CDE9002391E83C009DED000BCDE90223B5
:102D20009DED021BCDE906CE30EE410B9DED062B4D
:102D3000CDE90A4542699DED0A3B059232EE431BFF
:102D40000069049048699DED044B0990086908905A
:102D50009DED085B34EE452B0CB0B0BD00000000CB
:102D600086B090E80610C368CDE900129DED001B07
:102D7000CDE904C321EE003B41699DED042B039195
:102D800022EE001B006902909DED024B24EE002B09
:102D9000B0EE430B06B0704701A000F02DF800BF65
:102DA00050757265207669727475616C2066756EF7
:102DB0006374696F6E2063616C6C65642100000050
:102DC00018B1C1B219B101200FE00020704710F412
:102DD0007F4102D0090A092007E010F47F0102D0E8
:102DE000090C112001E0010E192045F66062C0F6C1
:102DF0000102515C08447047EEF7A2F800000000A1
:102E000080B501F02AFCF2F797FD4CF2C8000121D1
:102E1000C2F20000002201604CF2CC00C2F20000BD
:102E200002604CF2DC00C2F20000016080BD0000D4
:102E300010B586B0044600200090EFF71DF804F1AD
:102E40007840B0F5E01F05D2400C43F63F71C14019
:102E5000C9070CD100200022CFF6EE70C0F60C029C
:102E600004EA00010720914208BF062005E045F66C
:102E7000E441C0F6010151F82000220D0021802A12
:102E80004FF0010201914FF020010591694688BF82
:102E90000222CDE902200120049001A8EEF75CFE99
:102EA0000446EEF769FF204606B010BD00000000A2
:102EB0004FF0010C62B11318B3F1026F08D8013959
:102EC00010F8013B013A01F8013FF9D14FF0000C35
:102ED00060467047000000002DE9F04188B00446CC
:102EE0001044B0F1026F03D9012008B0BDE8F081B1
:102EF000164682B10D460020012102E001308642D3
:102F000007D0225C2B5C9A42F8D0FF2A07D100211F
:102F1000F4E7012903D1002008B0BDE8F0814FF0AB
:102F2000010888F31088EEF7A7FF770915D0012F65
:102F300098BF4746E84600BF202240462946EDF7A5
:102F400051FC012021464246EEF72EFFE0B9013F39
:102F500004F1200405F12005EED116F01F0219D06E
:102F60006E460020CDE90600CDE90400CDE902005F
:102F7000CDE9000030462946EDF734FC012021461A
:102F80003246EEF711FF28B1EEF7F6FE002080F38F
:102F90001088A9E7EEF7F0FE002080F3108808B053
:102FA000BDE8F08100000000704700000000000054
:102FB0002DE9F04186B04EF614544FF000504FF01A
:102FC00000614FF48062CEF200044FF00055EDF73F
:102FD0004EFC44F80C5C2068800312D4BFF34F8F82
:102FE000BFF36F8F0020C4F83C02BFF34F8FBFF3D5
:102FF0006F8F206840F400302060BFF34F8FBFF325
:103000006F8F2068C00327D400202067BFF34F8F45
:10301000E06E43F6E07CC0F3C902C0F34E3102F12A
:10302000010E93070CEA41151A46704642EA05065E
:10303000013802F14042C4F84C62F7D10029A1F1F5
:103040000101EFD1BFF34F8F206840F48030206042
:10305000BFF34F8FBFF36F8F44F23844C5F60204BD
:10306000F1F746FAEFF7B4F8F2F7DAF954F80C0C86
:10307000202140F4002044F80C0C54F80C0C20F0F3
:10308000C00044F80C0C54F80C0C20F0200044F85C
:103090000C0C54F8100C61F3113044F8100C20683B
:1030A000FF2161F3080020602068012161F34F20B7
:1030B0002060206861F316402060206861F31E6084
:1030C000206054F8380C40F0806044F8380C00BFA1
:1030D00054F8380C0001FBD5D4F8A40040F000509F
:1030E000C4F8A400D4F8A40000F0005000900098A8
:1030F000D4F8A40040F08040C4F8A400D4F8A400A0
:1031000000F0804000900098F1F7CAFAF1F774FAE5
:10311000F1F7A6FEF1F7BCFFF1F762FCF1F794FDC1
:10312000F1F72EFCF1F7ACFC01F09CFA40F26C00D8
:103130008C21C3F20000EDF7D4FBEFF745FFFFF75A
:103140005FFE4EF614500221C2F200004FF000085C
:1031500001704CF2C400C2F20000C0F80080F2F727
:1031600017F94EF608504EF6A441C2F20000C2F222
:1031700000014EF698424EF60453C2F20002006877
:103180000968C2F2000312684843186002FB01F0AC
:103190004EF69C41C2F2000108604CF268204CF2ED
:1031A0008021C2F20000C2F20001D0E900230A60CF
:1031B00086684B60C5688E600469CD604769C1E967
:1031C00004474DF2B821C2F2000190EC060B81E8F1
:1031D0004C00C1E903544F614DF62071C2F2000169
:1031E0006846C1E90088C1E90288C1F81080C1F8C9
:1031F0001480F9F7D9FE44F66C14C2F20004254697
:10320000DDE9000145F8100F4CF25840C2F2000011
:1032100061610299A16190EC060B059860626846B5
:103220000399E16104992162F9F7BEFE22460198F3
:10323000E06202982063039860630498A06300989A
:1032400042F8280F0598E063012320462946FAF743
:1032500023FBEFF759FA45F6C5214009C0F67C215A
:10326000A0FB0101C809EFF71BFD44F60000C4F202
:10327000000000BF50E8001F41F0806140E80012EC
:10328000002AF7D147F60000C4F2000050E8001F02
:1032900041F0806140E80012002AF7D101F0E7F91F
:1032A0004FF08040016841F0010101604CF2D00014
:1032B0000121C2F200000170F1F75AFA002006B0B5
:1032C000BDE8F08100000000B0B545F67C7445F61D
:1032D0007870C0F60104C0F60100A04209D245F69C
:1032E0007875C0F6010500BF55F8040B8047A5426C
:1032F000FAD3FFF75DFEB0BDB0B545F6787445F67C
:103300007470C0F60104C0F60100A04228BFB0BD31
:1033100045F67475C0F6010555F8040B8047A542C3
:10332000FAD3B0BD0000000080B5EDF753F848F2C5
:103330008021C2F201010A8801320A80EDF74EF8BD
:1033400080BD00000000000080B5EDF743F848F2B2
:103350008021C2F201010A88013A0A8013B2002BCF
:1033600002DDEDF73BF880BD00220A80EDF736F86C
:1033700046F6EC50C2F201000068002808BF80BD8C
:1033800000F0EAF880BD000080B5EEF721FFF2F70B
:1033900047F8F2F7DDF8EFF75FF945F6C521400988
:1033A000C0F67C21A0FB0101C809EFF779FCFFF70B
:1033B000A3FF80BD0000000080B547F6F011C2F207
:1033C0000101096821B128308847002808BF80BD65
:1033D000FEE700000000000070B504324BF6EF6419
:1033E00022F0070E8446AEF144006FF04702CDF69E
:1033F000AD6400BF0EEB02050432161D6C60F9D1FE
:103400004EF8201C00214EE907114EE905114EE946
:10341000033C4FF080724EF8042C4EF8441C70BDF3
:1034200080B5ECF7D7FF48F2F811C2F201010A7833
:1034300001320A70ECF7D2FF80BD000000000000EE
:1034400080B5ECF7C7FF48F2F811C2F201010A7823
:10345000013A0A70ECF7C2FF80BD000000000000D6
:1034600010B5042A044617D314F0030014D1C8B2CF
:103470004FF001334343102A10D3A4F1100000BFD2
:10348000103A40F8103F0F2A43608360C360F7D8BA
:103490001030042A06D20AE0204608E02046042A1A
:1034A00005D300BF043A40F8043B032AFAD822B1FE
:1034B000CBB211461A46EDF70CFA204610BD0000BB
:1034C00010B5044600202072ECF784FF54F80C1F5E
:1034D00062684A6062681160C4E90044ECF77EFFEC
:1034E00010BD000000000000F0B581B00E4640F2B3
:1034F0005841154604460020C2F200010A5CB2425F
:1035000004D010303028F9D1002700E00F18FFF761
:103510000BFF0437384600BF0068B842FCD1FFF704
:1035200013FF46F08000207208222046294600F052
:103530003FF9ECF74FFF396844F80C1F3C604C60D2
:103540006760ECF74BFF01B0F0BD00000000000029
:10355000007AC0097047000010B5ECF73BFF48F255
:1035600080210446C2F20101098819B12046ECF716
:1035700035FF10BD48F28C30C2F201000068FFF741
:103580001FFC421E48F28C20C2F2010046F6EC5CA1
:10359000C2F2010C50F832E0AEF11403DCF8000086
:1035A0009842E3D046F6E851CCF80030C2F201016F
:1035B0001C300A7048F2F811C2F2010109780029A2
:1035C0000EF1080102D0ECF70CFFCFE7ECF709FF92
:1035D000CCE700000000000010B50446ECF7FAFE4E
:1035E00094F8351048F28C22C2F2010202EBC101BC
:1035F00094F834204B6802F0F002013284F8342051
:1036000004F114021A60A3614A60A26B616148F27E
:103610008C31C2F201010B681A430A60ECF7DEFE3E
:1036200010BD000000000000B0B50546ECF7D2FE6A
:10363000294651F8142F4B6891F8214053604B688C
:1036400049601A6048F28C22C2F20102096002EB62
:10365000C40352F834209A4202D0ECF7BFFEB0BD4A
:1036600048F28C31AA6BC2F201010B6823EA020214
:103670000A60ECF7B3FEB0BD70B515460A460221EC
:103680001C460646FFF730FF06F11400B583C6E975
:1036900005000020747270BDF0B581B00546ECF7EE
:1036A00099FE2E46044656F8147FB74204D030687F
:1036B000143800F09DF90CE0A88B013081B28142F2
:1036C00006D02046ECF78AFE6FF0020001B0F0BD94
:1036D000A8832046ECF782FEB74201D0FFF73CFFFB
:1036E000002001B0F0BD00002DE9F04182B0064697
:1036F0000191ECF76FFEB18B804641B1481EB0835B
:103700004046ECF76BFE002002B0BDE8F081019866
:1037100008B300F091F905460020747A06F1140709
:103720002863284600F000FAECB1012C22D138467B
:103730000068B84217D095F8351090F821209142D2
:10374000F6D2143805F114028169A961826114303E
:103750000A6068610EE04046ECF740FE6FF0010041
:1037600002B0BDE8F081B06905F11401A861016003
:10377000B1616F610198012809DB05F1440601AAD6
:103780000021304600F0BCFA304600F019FB4046FC
:10379000ECF724FEFFF7E0FE286B002808BF0020AE
:1037A00002B0BDE8F081000070470000000000009A
:1037B00010B5044662B1C2F10102601C0B7800F83A
:1037C000013C3BB101320131012A00F10100F5D188
:1037D000204610BD002AFBD05142EDF782F820466A
:1037E00010BD00000000000048F280210020C2F25D
:1037F0000101088048F28C21C2F201010A180A5026
:103800000830B0F5807F5260F8D146F6E8501F21AD
:10381000C2F20100017046F6EC50C2F20100002134
:10382000016048F28C30C2F20100016048F284204D
:10383000C2F20100C0E90000704700000000000073
:1038400080B548F28C30C2F201000068FFF7B8FA88
:1038500048F28C2146F6EC52C2F20101C2F201029A
:1038600001EBC00050F8080CA0F114010830116001
:10387000ECF7FDFD80BD000048F21840C2F20100E7
:10388000C0E9000070470000704700000000000021
:1038900080B500F0D9F8002080BD000000000000D5
:1038A00070B546F6EC50C2F201000568ECF792FDE7
:1038B0000446ECF78FFD296F064609B12846884774
:1038C0003046ECF78BFD2846FFF7AEFE042085F866
:1038D000340005F1440000F03FFA2846FFF738FEB7
:1038E000012803D12846FFF7EBFD09E048F28420C8
:1038F000C2F20100016845F8141F05604D60686060
:10390000FFF72AFE2046ECF769FD70BD00000000BD
:10391000FEE700000000000010B584B04EF25C2409
:1039200048F29030C2F2000443F61112C2F20100D4
:103930000090802001901F20029007A1C0F6010294
:10394000002320200390204600F00AF8204600F0D3
:10395000BBF804B010BD00BF7469646C6500000062
:103960002DE9F04782B00DF1280A16460A460121DA
:103970001D460446DDF834909AE88005FFF7B4FD53
:1039800004F114002321C4E9050038464246C4E985
:103990000865C4E90A78FFF763FDD4E90A120A440E
:1039A00043F6A103206A616A043AC0F60103FFF7F7
:1039B00013FD43F67132E06184F836A0002184F8EB
:1039C00035A004F14400C4E90E19C4F84090C0F6D3
:1039D00001022163234684F83410C4E91C110091CC
:1039E0000191214600F0D0F9002002B0BDE8F08737
:1039F000B0B5044690F8340000F00F00022817D14B
:103A0000ECF7E8FC2146A369054604F1440051F8AF
:103A1000142F5360A369A1611A60096000F018FABD
:103A20002846ECF7DBFC2046FFF7D6FD0020B0BDB2
:103A30004FF0FF30B0BD000046F6EC50C2F201007E
:103A40000068704700000000F0B581B00090ECF70E
:103A5000C1FC46F6EC510546C2F201010C6894F82F
:103A6000341001F00F01012913D1ECF7B3FC064625
:103A70002046FFF7D9FD94F8340000F0F000023042
:103A800084F8340004F1440000F0E2F93046ECF729
:103A9000A5FC04F144066A4600213046002700F0E8
:103AA0002FF9304600F08CF92846ECF797FCFFF729
:103AB00053FD206B02304FF0000008BF276301B0B8
:103AC000F0BD000000000000B0B5044690F83600DC
:103AD000012184F8350001FA00F0A063022084F887
:103AE0003400ECF777FC2146A369054604F1440055
:103AF00051F8142F5360A369A1611A60096000F0A6
:103B0000A7F92846ECF76AFC2046FFF765FD46F664
:103B1000EC50C2F20100006808B1FFF71DFD002063
:103B2000B0BD000000000000B0B5044690F83400BD
:103B300000F00F00012815D1ECF74CFC054620469B
:103B4000FFF772FD94F8340000F0F000023084F8C2
:103B5000340004F1440000F07BF92846ECF73EFC09
:103B60000020B0BD4FF0FF30B0BD000000000000ED
:103B700080B50146836951F8142F53606FF001033B
:103B8000D0F818C003638161CCF800200960FFF70A
:103B900023FDFFF7E1FC80BD80B5ECF71BFC46F68A
:103BA000EC51C2F20101096891F8342002F00F02D1
:103BB000012A24D10A4652F814CF53689C451ED0DE
:103BC00091F835E08B69CCF8043048F28C23C2F2CE
:103BD000010303EBCE03D1F818E08A61CEF800C0F0
:103BE000D3F804C04A61CCF80020C1F818C05A606C
:103BF0004B61ECF7F3FBFFF7AFFC002080BDECF767
:103C0000EDFB002080BD000048F21440C2F201002C
:103C1000006870470000000080B548F21440C2F20E
:103C20000100016801310160FFF706FF016C0139F5
:103C3000016402D000F008F880BDC16B0164FFF799
:103C4000ABFF00F001F880BD2DE9F04383B001AE79
:103C5000CDE90166FFF7D8FF0546ECF7BBFB48F25C
:103C600018478046C2F201073968B9423FD04FF683
:103C7000FE79C7F6FF7902E03868B84237D03C6871
:103C80006069281A484532D8D4E90010486014F811
:103C90000B0C6268646011608107246003D400F03B
:103CA000FE0004F80B0C0198206001944460D4E9F4
:103CB000021066608847FFF7A7FF01990546B142E9
:103CC000DAD0D4E90001416014F80B1C626864602A
:103CD000106001F0030003282460CDD1A4F114008A
:103CE00001F0FE0104F80B1C00F06AF8C4E740463E
:103CF000ECF774FB03B0BDE8F083000000000000A7
:103D000070B514460E460546ECF764FB042E1CD82D
:103D1000DFE806F0030C0F1406002168696214E066
:103D2000697AC9070FD1002121600EE0696A21601C
:103D30000BE0697A01F0FD01697206E0697A41F0F1
:103D40000201697201E001212160ECF747FB0020CC
:103D500070BD00000000000010B50446ECF73AFB0F
:103D60002146A36951F8142F5360A369A1611A6019
:103D7000627A096002F0FE016172ECF72FFB2046C7
:103D8000FFF79EFB002010BD2DE9F04115460A46C5
:103D90000A211C460646DDE90687FFF7A5FB07F06A
:103DA000FE00707206F11400C6F82480C6E9050012
:103DB000C6E907540020B062BDE8F08100000000B1
:103DC000F0B581B00446ECF705FB2646074656F8E9
:103DD000141F72684A6072687660116016F80B1CD6
:103DE000366001F0FE0006F80B0CFFF70DFF48F2FD
:103DF00018413369C2F20101184470614A688A426D
:103E000010D048F218414FF6FE73C043C2F20101D0
:103E1000C7F6FF730D686D6905449D4202D30968BA
:103E20009142F7D148F220400B68C2F20100636171
:103E30005E6002680E6001320260607AA16140F04B
:103E4000010060723846ECF7C9FA002001B0F0BDFD
:103E500010B50446407AC00702D14FF0FF3010BDC4
:103E6000ECF7B8FA54F8141F62684A60626864603C
:103E7000116014F80B1C246001F0FE0104F80B1C07
:103E8000ECF7ACFA002010BD0020704700000000E5
:103E90000020704700000000002070470000000074
:103EA0000020704723F07F4720F07F4C80EA03001A
:103EB00000F00040ACEB070303F57C5303F1FF0374
:103EC0002DE9804909B44FEA144324EA03484FEA34
:103ED000154B25EA0B4E0FF2042606EB13273E780E
:103EE00003FB0667C7F5000707FB06F64FEAD64651
:103EF00006F102064FEA543707FB066CCCF1005C72
:103F00004FEA1C472CEA074C0CFB06F507FB06F4AE
:103F100004EB15464FEA961649085FEA320234BFB1
:103F200000204FF000404FEAD13706FB07FC4FEA74
:103F30001C4C0CFB0BF7D21B03FB0CF761EB0701CE
:103F40000CFB0EF7B0EB074072EB17420CFB08F7C7
:103F500034BFA2EB0742B2EB074261EB17414FEAD5
:103F60000C444FEA910706FB07FC4FEA1C4C0CFB84
:103F70000BF7B0EBC74072EB573203FB0CF734BFC3
:103F8000A2EBC742B2EBC74261EB57310CFB0EF715
:103F9000B0EBC70072EB57720CFB08F734BFA2EB13
:103FA000C702B2EBC70261EB57714FEA816141EA88
:103FB00092114FEA826242EA90124FEA806004EB6B
:103FC000CC04039F4FEAD13706FB07FC4FEA1C4C99
:103FD0000CFB0BF7D21B03FB0CF761EB07010CFB8F
:103FE0000EF7B0EB074072EB17420CFB08F734BF3B
:103FF000A2EB0742B2EB074261EB17414FEA8C5547
:1040000004EB9C244FEA910706FB07FC4FEA1C4C8B
:104010000CFB0BF7B0EBC74072EB573203FB0CF70E
:1040200034BFA2EBC742B2EBC74261EB57310CFB86
:104030000EF7B0EBC70072EB57720CFB08F734BFFA
:10404000A2EBC702B2EBC70261EB57714FEA816185
:1040500041EA92114FEA826242EA90124FEA80608E
:1040600015EB4C2544F100044FEAD13706FB07FC61
:104070004FEA1C4C0CFB0BF7D21B03FB0CF761EB5C
:1040800007010CFB0EF7B0EB074072EB17420CFB7D
:1040900008F734BFA2EB0742B2EB074261EB1741CE
:1040A0004FEA813141EA92414FEA823242EA90423C
:1040B0004FEA80304FEA0C7615EB1C1544F10004F2
:1040C00048EA03434EEA0B484FF0000EB2EB080CEF
:1040D00071EB030724BF624639464EEB0E0E4FF0DC
:1040E000000B0018524149414BEB0B0BB2EB080C93
:1040F00071EB03077BF1000B24BF624639464EEBA0
:104100000E0E4FF0000B0018524149414BEB0B0BC8
:10411000B2EB080C71EB03077BF1000B24BF624686
:1041200039464EEB0E0E51EA020718BF46F0010663
:1041300016EB0E7655F1000254F1000103D5BDE8EF
:104140008901BDE80088BDE88901BDE80048B619CD
:10415000524141EB0101A3F10103704780807F7E52
:104160007D7C7B7A797877767675747372717170ED
:104170006F6E6E6D6C6C6B6A6A696868676666659F
:104180006464636362616160605F5F5E5E5D5D5C2D
:104190005C5B5B5A5A59595858575756565555559E
:1041A0005454535352525251515050504F4F4F4EFE
:1041B0004E4D4D4D4C4C4C4B4B4B4A4A4A4949494C
:1041C000484848474747474646464545454444448E
:1041D00044434343434242424241414110B546EACF
:1041E00006464FEA164646EA42564FEAD22242EACD
:1041F00041524FEAD121A3F57053A3F1010300F01E
:104200002FF820F0004000F0004700F1020CBCF550
:10421000006F01EB0050114640EA070000D210BDCC
:10422000BAF1000F0AD01CB503B44FF004004FF0F0
:1042300004014FF000000FBCBDE810404FF000013A
:10424000BBF1010FB9BF04484FF0FF310348002113
:1042500040EA070010BD00BFFFFFEF7F0000F07FC6
:104260009C46002B30D477002BD04FEA37071CB583
:1042700003B44FF010004FF01001BAF1000F06D058
:10428000BCF1000FDCBF40F0080040F008014FF027
:1042900000000FBCBDE810400BF1010BBBF1010F9A
:1042A00008BF5FEA170722BF12F1010211F10101F5
:1042B0004FF0004143F1000300F0004043EA0000EA
:1042C0007047F9D35708D0E746EA06464FEA164644
:1042D00013F1400F1FDD13F1200FDFBF16430A4615
:1042E000002120335B42BED0C3F1200746EA0646D8
:1042F0004FEA164602FA07F746EA070622FA03F2E1
:10430000C3F1200701FA07F742EA070221FA03F195
:104310004FF00003A7E746EA020646EA06464FEAE0
:10432000164646EA0106BCBF46EA0646360C4FF082
:1043300000034FF000024FF0000194E72DE9804C9C
:1043400070B49A46934691E8380007C831EA400CA9
:1043500048BF34EA430C03D5FFF7A4FDFFF780FF05
:10436000F0BCBDE8008C2DE9804C70B49A469346B1
:1043700091E8380007C831EA400C48BF34EA430CE2
:1043800003D5FFF78FFDFFF729FFF0BCBDE8008CD8
:104390002DE9804C70B49A46934691E8380007C8DE
:1043A00010F0804F08BF13F0804F03D100F01AF8CF
:1043B000FFF756FFF0BCBDE8008C2DE9804C70B4CF
:1043C0009A46934691E8380007C810F0804F08BF1E
:1043D00013F0804F03D100F005F8FFF7FFFEF0BCAB
:1043E000BDE8008C20F07F4723F07F4C80EA03007B
:1043F00000F0004007EB0C03A3F57C53A3F1FE0390
:1044000092F0000F00F0B38095F0000F00F077807D
:104410002DE901494FEA114021EA00484FEA1446CC
:1044200024EA064700FB06FC08FB06F607FB08F833
:1044300018EB06484CEB164C00FB07F718EB074847
:104440004CEB17404FEA124B22EA0B4E4FEA15464F
:1044500025EA06470BFB06FC0EFB06F607FB0EFEE5
:104460001EEB064E4CEB164C0BFB07F71EEB074EF4
:104470004CEB174B18EB0B0840F1000018EB0E0B40
:1044800058EB000840F100008F1A4FF000014FF088
:1044900000063CBFC943661B14BFB5EB040C0021EA
:1044A0003CBFC943F61B4FEA174427EA04454FEACD
:1044B0001C472CEA074C04FB076205FB07F70CFBC3
:1044C00005F616EB074642EB174204FB0CFC16EB15
:1044D0000C4642EB1C421BEB060658EB0202414124
:1044E0004EEA8E0E46EA9E0601D5BDE80189B61950
:1044F000524141EB0101A3F10103BDE801894FEAFB
:10450000144524EA05464FEA114721EA074C05FB0A
:1045100007F406FB07F70CFB06F111EB074144EB30
:10452000174405FB0CFC11EB0C4144EB1C444FEA17
:10453000124722EA074C05FB07F206FB07F70CFBC4
:1045400006F616EB074642EB174205FB0CFC16EB92
:104550000C4642EB1C456A1854F1000148BF7047F5
:10456000B619524141EB0101A3F10103704795F0E7
:10457000000F37D04FEA114221EA02464FEA1447B2
:1045800024EA074C02FB07F106FB07F70CFB06F4D5
:1045900014EB074441EB174102FB0CFC14EB0C44F9
:1045A00041EB1C414FEA154725EA074C02FB07F592
:1045B00006FB07F70CFB06F616EB074645EB17451F
:1045C00002FB0CFC16EB0C4645EB1C42121951F198
:1045D000000148BF7047B619524141EB0101A3F1F8
:1045E000010370474FEA144524EA05464FEA114794
:1045F00021EA074C05FB07F106FB07F70CFB06F267
:1046000012EB074241EB174105FB0CFC12EB0C428D
:1046100051EB1C414FF0000648BF7047921841EB28
:104620000101A3F10103704742F2713CC0F2000C9A
:10463000604743F6096CC0F2000C604740F2012C61
:10464000C0F2000C604741F6997CC0F2000C604754
:1046500041F6613CC0F2000C604742F2F14CC0F2FE
:10466000000C604740F2890CC0F2000C604740F239
:10467000811CC0F2000C604703B40198410000980F
:1046800050EAC12018BF04204A0D18BF40F00100B5
:1046900040F2FF72B2EB515F08BF40F00200012808
:1046A00008BF052002B0704730B52DED048B81B0F6
:1046B000B0EE409B6A4651EC190B01F04DF80098A2
:1046C0007E30B7EEC98B0090002819DCB5EEC09B98
:1046D000F1EE10FA14D0002140F608004FF000006F
:1046E00040F60801014040F608004FF00000B5EE2A
:1046F000C08AF1EE10FA04BF0220ECF75AF92AE062
:10470000FF2828DB002108464FF0000000F4400598
:10471000B5EEC09BF1EE10FAB4BF002401240220D4
:10472000ECF747F99FED0F8A4DB1002C0CBF4FF409
:1047300000004FF48000A84218BF9FED0B8A0421AF
:1047400008464FF00000002C01BFB1EE480A01B04E
:10475000BDEC048B30BDB0EE480A01B0BDEC048B5B
:1047600030BD00000000807FFFFF7F7F0000000061
:1047700070B56B482DED020B2DED0A8B82B00D9DAF
:1047800025F000449FED68CB9FED699B84422EDBB2
:10479000A4F140510C98A1F17F6108430FD0664805
:1047A000844202DC18D10C98B0B19DED0C0B02B024
:1047B000BDEC0A8B02B0BDE8704000F029BF9DED52
:1047C0000C0B20EE0C0B9DED0C1B01EE090B02B047
:1047D000BDEC0A8B02B070BD0120ECF7EAF802B024
:1047E000BDEC0A8B02B0BDE8704000F019BF534821
:1047F000B7EE008B844230DA9DED0C0BB4F1795F9B
:104800000ADA51EC100BFFF737FF042808BF00F05D
:104810001FFF9DED0C0BDAE720EE009BB0EE490B7D
:1048200047480621784400F075FD20EE09ABB0EE54
:10483000490B44480421784400F06CFD09EE008BDC
:104840008AEE080B8DED000B9DED0C0B9DED0C1B06
:104850009DED002B01EE020BB9E79DED0C0B51EC29
:10486000100B00F06CFF41EC100B38EE400B8DED9F
:10487000000BB6EE001B20EE01ABB0EE4A0B324847
:104880000621784400F046FD20EE0ABBB0EE4A0B4C
:104890002E480421784400F03DFD0AEE008B51ECD7
:1048A0001A0B00F09FFF41EC110B2948B0EE000BF2
:1048B000A0420EDC8BEE082B8DED002B9DED003B16
:1048C000B0EE412B01EE032B12EE009B3CEE490BA8
:1048D00021E08DED001B002000909DED002B9DED53
:1048E000003B02EE43AB31EE023B8AEE032B8BEE34
:1048F000083B02EE409B21EE001B11EE039B9DED59
:10490000003B9FED152BB0EE421B03EE401B39EE32
:10491000410B32EE400B002DD8BFB1EE400B56E7F5
:104920000000F03F00000000182D4454FB21F93F27
:10493000075C143326A6913C0000F07F0000E03FA6
:10494000B0110000CE1100005211000070110000E3
:104950003333EF3F00000000182D4454FB21E93FA2
:1049600070B565482DED020B2DED048B059D25F0EE
:104970000044A04218DC6148844202DC0AD1049859
:1049800040B19DED040BBDEC048B02B0BDE870405E
:1049900000F03EBE002DCCBF9FED590B9FED5A0B92
:1049A000BDEC048B02B070BD5948A04215DD5948DA
:1049B000A042D8BF4FF0FF3455DD9DED040B51EC04
:1049C000100BFFF759FE042808BF00F041FE9DEDD3
:1049D000040BBDEC048B02B070BD9DED040B51ECDB
:1049E000100B00F0ACFECDE904014B48B7EE000B14
:1049F000A0421CDD4948A0420BDD9DED042B0024A4
:104A0000B0EE001B12EE010B32EE011B80EE012B0B
:104A100027E09DED041B012431EE401B9DED042B8E
:104A200032EE000B81EE002B8DED042B1BE03C4899
:104A3000A0420FDD9DED042B0224B7EE081B32EEE1
:104A4000412B9DED043B03EE010B82EE001B8DED2F
:104A5000041B08E09DED040B0324BFEE001B81EE58
:104A6000002B8DED042B9DED040B20EE009B29EE19
:104A7000098BB0EE480B2B480621784400F04AFC25
:104A800020EE099BB0EE480B27480521784400F042
:104A900041FC20EE080B002C0BDA39EE001B9DEDDB
:104AA000040B9DED042B02EE410BBDEC048B02B018
:104AB00070BD1E48784400EBC40090ED001B39EE39
:104AC000000B9DED042B12EE001B9DED040B31EE4F
:104AD000400B1748784400EBC40090ED001B31EE0A
:104AE000400B002DB8BFB1EE400BBDEC048B02B003
:104AF00070BD000000000000000010440000F07FC6
:104B0000182D4454FB21F93F182D4454FB21F9BFC3
:104B10000000DC3F0000203E0000F33F0000E63FC5
:104B20000080034012100000D80F0000900F00001A
:104B3000500F00000000000070B5614E2DED040B19
:104B40002DED028B82B0DDF81CC0DDE905235C424F
:104B50002CF000411C4341EAD474049D22F0004033
:104B6000B44205D86C422C4340EAD474B4420BD909
:104B70009DED061B9DED040B02B0BDEC028B04B055
:104B8000BDE8704000F047BDACF14054A4F17F6433
:104B90001C430BD0022404EAAC7444EAD2740543EB
:104BA0009FED498B9FED4A2B0DD016E09DED040B38
:104BB00051EC100B00F0BBFD41EC100B02B0BDEC52
:104BC000028B04B070BD002C14BF012C9DED040BB2
:104BD000F4D0022C2ED0032C2FD00B439FED3E1B84
:104BE0009FED3F0B0AD0B1421DD1B04209D121F057
:104BF000804120F080400791059014E0002ADDDA22
:104C000015E0394B7B44002C08BF93ED000BD5D049
:104C1000012C04BF93ED000BB1EE400BCED0022C63
:104C200008D0032C09D0B0420AD1002AC6DAB0EE6F
:104C3000410BC3E7B0EE480BC0E7B0EE420BBDE757
:104C4000401A00153C28C8BF8DED000B17DCBCF1E5
:104C5000000FBEBF10F13C0F9FED250B8DED000B3B
:104C60000DDB9DED041B9DED062B81EE020B51EC3F
:104C7000100B00F064FD00F05AFDCDE9000194B185
:104C8000012C0CD09DED001B9FED1B0B022C31EE77
:104C9000400B0CBF38EE400B30EE480B8EE701980E
:104CA00080F0004001909DED000BB5EEC00BF1EEE1
:104CB00010FA04BF0220EBF77CFE9DED000B7DE7B0
:104CC0000000F07F00000000182D4454FB21094033
:104CD000182D4454FB2109C0182D4454FB21F9BF61
:104CE000182D4454FB21F93FE80E0000000000009D
:104CF0000000000000000000075C143326A6A13C61
:104D000010B529499FED261B2DED020B84B00598A7
:104D100020F000408842D8BF9DED040B2DDD2349D3
:104D2000884209D1049840B94FF00100EBF741FEE9
:104D300000F076FC06B010BD05DB9DED040B30EEF7
:104D4000000B06B010BD68469DED040B00F0FCF8AA
:104D500010F0030004BF9DED021B9DED000B0CD075
:104D600001280ED09DED021B9DED000B022810D0F6
:104D7000012000F009FB06B010BD00F069FA06B092
:104D800010BD9DED021B9DED000B012000F0FCFA13
:104D900001E000F05DFAB1EE400B06B010BD00007E
:104DA0000000000000000000FB21E93F0000F07F50
:104DB00010B529499FED261B2DED020B84B00598F7
:104DC00020F000408842DCBF00209DED040B2EDD6A
:104DD0002249884209D1049840B94FF00100EBF70D
:104DE000E8FD00F01DFC06B010BD05DB9DED040BD9
:104DF00030EE000B06B010BD68469DED040B00F0D0
:104E0000A3F810F003000DD0012814D09DED021B73
:104E10009DED000B022816D000F01AFAB1EE400BFF
:104E200006B010BD9DED021B9DED000B012000F0B2
:104E3000ABFA06B010BD9DED021B9DED000B00F01E
:104E400007FA06B010BD012000F09EFAE6E7000068
:104E50000000000000000000FB21E93F0000F07F9F
:104E600000B52DED028B83B0B1EEC08B18EE100AA9
:104E700018EE901A8DED008B002818BF0120084312
:104E800020F00040C0F17F6000F1E040C00F14D07E
:104E900010EE101A10EE900A8DED000B002918BFCD
:104EA0000121084320F00040C0F17F6000F1E040A4
:104EB000C00F04BF0120EBF77CFDB0EE480B03B040
:104EC000BDEC028B00BD000010B51D499FED1A1B03
:104ED0002DED020B84B0059820F000408842DCBF25
:104EE00001209DED040B21DD1649884209D104986B
:104EF00040B94FF00100EBF75CFD00F091FB06B00C
:104F000010BD05DB9DED040B30EE000B06B010BDAF
:104F100068469DED040B00F017F800F00100012138
:104F2000A1EB40009DED021B9DED000B00F07CFA13
:104F300006B010BD000000000000000000000000EE
:104F4000FB21E93F0000F07F2DE9F14F04462DEDF4
:104F5000020B2DED048B94B09FED9D0B80ED020BA9
:104F6000199E9D4826F0004585420ADC9DED180BF0
:104F7000002084ED000B14B0BDEC048B03B0BDE841
:104F8000F08F96489FED969B9FED978BA84225DD6D
:104F900097489FED991B9FED9A2B9DED180B002EC6
:104FA0000DDD30EE490B854212BF30EE480B30EE7E
:104FB000410B30EE420B84ED000B0120DBE730EEBD
:104FC000090B854212BF30EE080B30EE010B30EEBC
:104FD000020B84ED000B4FF0FF30CCE78A48A8426B
:104FE00053DB9DED180B51EC100B00F0A8FB41ECCE
:104FF000100BB0EE401B9FED862BB6EE000B01EEC2
:10500000020BFDEEC00B10EE903A00EE903AB8EEB7
:10501000E02BB0EE410B02EE490B22EE081BDFF84D
:10502000F8C1290D0120FC4430EE411B84ED001B2A
:1050300003281DD011EE902A00EB4015113DC2F35C
:105040000A528A1A954213DAB0EE403B0CEB00127A
:1050500092ED000B20EE021B33EE410B33EE403B92
:1050600033EE411B92ED023B12EE031B401CDBE7CB
:10507000002EA8BF1846BFF67EAF94ED000BB1EE30
:10508000400B84ED000B584275E7C6F3130040F463
:10509000801EC6F30A50A0F2F530471100F01F053C
:1050A000C5F12000DDF860B0139000200890099051
:1050B00005200DF1080C5949002D07EB0002794439
:1050C00008BF51F8221009D051F8223001EB8201BB
:1050D000AB404A68139922FA01F11943A1FB0E264D
:1050E000A1FB0B131A449A4234BF0123002303EBA4
:1050F00006080CEB8003D3E901A60E448E4234BFB0
:105100000121002192448A4411B1924502D903E061
:10511000924501D2012100E00021C3E901A64144EA
:105120004CF82010011EA0F10100C4DC04989DED94
:10513000050A00F10050810F0498DDED060A800099
:105140009DED072A01EE100AB8EEC13BB8EE401BF8
:105150009FED334B21EE041BB8EE600B9FED324BFD
:1051600020EE040BB8EE422B9FED314B22EE042BC8
:1051700030EE024B34EE014B34EE034B8DED004B21
:10518000002000909DED004B34EE433B33EE411B7D
:1051900031EE400B32EE401B9DED000B9FED262BB8
:1051A00020EE020B9FED262B01EE020B9DED001B66
:1051B0009FED252B01EE020B199810F0004F1CBF3C
:1051C0004942B1EE400B84ED000B0846D3E60000E7
:1051D0000000000000000000FB21E93F7CD90240F4
:1051E00000004054FB21F93F3163621A61B4D03DA5
:1051F000FB21F93F000000000000601A61B4D03DBF
:105200007370032E8A19A33BFB2139410000000073
:1052100083C8C96D305FE43FCE0A0000660A000013
:10522000000000000000103E000000000000103CE4
:10523000000000000000103A3326A611460B113C76
:10524000182D4454FB21F93D00000054FB21F93D89
:1052500010B52DED040B2DED048B82B0B0EE419B0B
:10526000079820F00044B4F1795F0FDA9DED060B4A
:10527000BDEEC00B10EE100A002801BFB7EE000B08
:1052800002B0BDEC048B04B008BF10BD9DED060B51
:1052900020EE008BB0EE480B1B480621784400F04E
:1052A00039F820EE080B28EE000B9DED061B01EEF1
:1052B000490BB6EE001B28EE011B1448B7EE002B7D
:1052C0008442BCBF31EE400B32EE400B16DB10487F
:1052D000A042BCBFB5EE023B8DED003B06DBA4F562
:1052E00000100190002000909DED003B31EE431B2B
:1052F00032EE432B31EE400B32EE400B02B0BDECF0
:10530000048B04B010BD0000200800003333D33FED
:105310000000E93FB0EE401B491E00EBC10292EDD8
:10532000000B31F006020DD0491E00EBC10292EDD8
:10533000002BB0EE403BB0EE420B03EE010B31F020
:105340000602F1D1022914D004290AD0062918BF77
:10535000704790ED0A2B00EE012B90ED080B02EE4A
:10536000010B90ED062B00EE012B90ED040B02EEED
:10537000010B90ED022B00EE012B90ED000B02EEE5
:10538000010B70470000000031B504462DED040B01
:105390002DED068BB0EE419B07989DED060B20F09E
:1053A0000040B0F1795F0DDA51EC100BFFF764F9B2
:1053B000042808BF00F04CF99DED060BBDEC068BF0
:1053C00005B030BD20EE008B28EE00ABB0EE480BF0
:1053D000114805217844FFF79DFF9FED111B8CB10B
:1053E000B6EE002B29EE022B0AEE402B18EE029BA4
:1053F0000AEE419B9DED060B30EE490BBDEC068B92
:1054000005B030BD08EE001B9DED060B0AEE010B4A
:10541000BDEC068B05B030BDF007000000000000B9
:10542000495555555555C5BFF1B505462DED040BEC
:105430002DED0A8B84B0B0EE418B0F9E684826F0AC
:105440000044B7EE009BBFEE00AB844207DA9DED4F
:105450000E0BBDEEC00B10EE100A00287BD0614F82
:10546000A7421DDC002E07DA9DED0E0BB1EE400BBE
:105470008DED0E0BB1EE488B9DED0E0B9FED5A1B83
:1054800031EE400B8DED000B9FED590B30EE480BCC
:105490009DED001B31EE000B8DED0E0B9FED568B3D
:1054A0009DED0E0B20EE000B8DED000B20EE00CBE2
:1054B000B0EE4C0B524806217844FFF72BFFB0EEBC
:1054C00040BBB0EE4C0B4F4806217844FFF722FF5B
:1054D0009DED001B20EE012B9DED000B9DED0E1BA5
:1054E00020EE011B3BEE022BB0EE480B01EE020B4F
:1054F0009DED002B02EE008B9FED430B01EE008B28
:105500009DED0E0B30EE080BA74248DC01EE105A61
:10551000B8EEC11B20EE002B30EE013B82EE030BF8
:1055200030EE480B9DED0E2B32EE400BB0EE002B13
:1055300000EE421B022000EAA670C0F1010000EE5E
:10554000100AB8EEC00B21EE000B04B0BDEC0A8BC4
:1055500005B0F0BDFFE7691C0E982143084306D053
:10556000012D0FD09DED0E1B8AEE010BEDE79DED99
:105570000E0B51EC100B00F0E2F841EC110B89EE30
:10558000010BE2E79DED0E0B51EC100BFFF774F8E9
:10559000042808BF00F05CF89DED0E0BD5E7012D47
:1055A000D3D08DED000B002000909DED001B9DEDF4
:1055B0000E2B31EE421B38EE411B8AEE002B8DED97
:1055C000022B02909DED020B9DED003B00EE039B34
:1055D00000EE019B02EE090BB7E70000000000009F
:1055E0000000303E2894E53F182D4454FB21E93F4C
:1055F000075C143326A6813C000000000000000078
:105600003407000052070000635555555555D53FE6
:1056100030EE000B704730EE010B704700000000C9
:105620009FED031B81EE010B70470000000000009E
:1056300000000000000000009FED030B20EE000BB7
:105640007047000000000000000000000000007033
:105650009FED030B20EE000B7047000000000000E0
:10566000000000000000001010B5044691ED000B92
:10567000FFF71AF884ED000A10BD30B504462DED91
:10568000028B85B090ED008B40F2FF7518EE900A0A
:105690000A468DED008B35EA10501CBFB5EEC08B6D
:1056A000F1EE10FA23D051EC180B00F047F941EC61
:1056B000180B18EE900A8DED008B35EA10501CD0B7
:1056C000B5EEC08BF1EE10FA11D10220EBF771F9B3
:1056D000FFF7BEFF10EE901A18EE900A8DED000B4A
:1056E0008DED028B61F31E0001909DED008B84ED2A
:1056F000008B05B0BDEC028B30BD0220EBF759F9F1
:10570000FFF79AFF10EE901A18EE900A8DED000B3D
:105710008DED028B61F31E0001909DED008BE6E79D
:1057200030380A2801D2012070470020704710B598
:1057300041EC100BFFF714F951EC100B10BD82B0C7
:10574000CDE9000121F0004001909DED000B02B079
:1057500051EC100B7047000082B04FF0000CCDE907
:105760000001009BC2F800C0DFF864C021F00040D7
:10577000604529DA034327D0B0F5801FA8BF13681E
:105780000EDA9DED000B9FED141B20EE010B10EEC9
:10579000901A8DED000B6FF0350321F0004013607F
:1057A000DFF83CC06FF31E510CEB20501844106022
:1057B00041F0FF5040F0005001909DED000B00BF04
:1057C00051EC100B02B070479DED000BF8E70000A4
:1057D0000000F07F000000000000000000005043C7
:1057E00002FCFFFF00B541EC100B2DED028B83B0E6
:1057F000B1EEC08B18EE100A18EE901A8DED008BEA
:10580000002818BF0120084320F00040C0F17F604D
:1058100000F1E040C00F14D010EE101A10EE900A04
:105820008DED000B002918BF0121084320F0004036
:10583000C0F17F6000F1E040C00F04BF0120EBF732
:10584000B8F851EC180B03B0BDEC028B00BD0000A2
:1058500010B500290AD00878002807D005487844F8
:10586000ECF74EF8002801D0002010BD0248784423
:1058700010BD0000820700007A07000010B5002963
:105880000AD00878002807D005487844ECF738F8A3
:10589000002801D0002010BD0248784410BD00004F
:1058A000720700006A07000002494FF0000000F094
:1058B00013B800BF0000F87FF1EE100A4FF6FF7139
:1058C000C0F2C03120EA010040F04070E1EE100A61
:1058D00070474FF0000070470CF00F03092B08BF12
:1058E000082000F05F800A2B0BD0082B18BF7047F0
:1058F00008BF1CF0400F0AD04FF000004FF000012D
:1059000070471CF0400F18BF4FF0004070471CF06C
:10591000100F08D000F07F4220F0704342EAD3011C
:105920004FEA4370704700F0604021F07F4242EA46
:10593000000201F07F4040EA727070474FF0FF0CA8
:105940004CF4E06C1CEA11531CBF9CEA030C944518
:10595000C2BFDA4201EB02517047002B0DD0BCF1FF
:10596000000F0FD001F00041002AA4BF41F0E04138
:1059700041F07F614FF00000704701F000414FF0AF
:105980000000704750EA01334FF09B0C18BF4CF0F9
:10599000806C7FF489AF7047EBF746B9EBF768BDD1
:1059A000EBF7F6BE1CF4801F11D01CF4E02F03D0DF
:1059B0006FEACC31490070474FF04050EFF300825E
:1059C00022F0704242EA000282F3008870474FF0F2
:1059D0000000704700000000555555555555C53F0E
:1059E0007D6FEB0312D6D4BF5544880E55C1C93F15
:1059F0003B8F68B52882A4BF88B20175E0EF493FAC
:105A000009F7FD0DE13D023F4B2D8A1C273A03C0EB
:105A1000C88A599CE52A004059018D1B6C06E6BFD7
:105A200082922EB1C5B8B33F4FBB610567ACDD3F75
:105A3000182D4454FB21E93F9BF681D20B73EF3FB5
:105A4000182D4454FB21F93FE2652F227F2B7A3C2D
:105A5000075C143326A6813CBDCBF07A8807703CE6
:105A6000075C143326A6913CC4EB98999999C9BF59
:105A7000711623FEC671BCBF6D9A74AFF2B0B3BF8E
:105A80009AFDDE522DDEADBF2F6C6A2C44B4A2BF4E
:105A90000D5555555555D53FFF8300922449C23FBA
:105AA0006E204CC5CD45B73F513DD0A0660DB13FEE
:105AB000EB0D76244B7BA93F11DA22E33AAD903F00
:105AC0004C5555555555A53F7751C1166CC156BF1C
:105AD0009015CB19A001FA3EAD529C804F7E92BE2C
:105AE000C4B1B4BD9EEE213ED43888BEE9FAA8BD4B
:105AF000000000000000000000004054FB21F93FBE
:105B00003163621A61B4D03D0000601A61B4D03DC7
:105B10007370032E8A19A33B0000002E8A19A33B41
:105B2000C14920259A837B39000000000000000055
:105B30006E83F9A22915444ED15727FCC0DD34F5F8
:105B4000999562DB4190433CAB6351FE61C5BBDE7E
:105B50003A6E24B7E0D24D42EA2E49061C92D10992
:105B60001CEB1DFE3EA729B1F53582E88444BB2E0F
:105B700026709CE9417E5FB439D69139F43953835C
:105B80008B5F849C3B28F9BDFF97F81F0F9805DEBB
:105B90008B112FEF1F6D0A5ACF7E366DB709CB27B9
:105BA000663F464F2DEA5F9EC7BA27757BF1E5EB4E
:105BB000F739073DEA92528AB15FFB6B085D8D1F92
:105BC0004630035600000000A6F810111111813F65
:105BD000D561C119A0012ABF7DFEB157E31DC73EA3
:105BE000EB9C2B8AE6E55ABE7CD5CF5A3AD9E53DE7
:105BF0007AFE10111111C13F37D60684F464963F26
:105C0000280356C9226D6D3F0165F2F2D844433F27
:105C1000A69237A0887E143F735360DBCB75F3BE2A
:105C2000FE41B31BBAA1AB3F93846EE9E326823FEA
:105C30001583E0FEC8DB573F68108D1AF726303F0A
:105C4000E9A7F0320FB8123FD47ABF74702AFB3E36
:105C500002400000000000A000000000054000001D
:105C6000000000C8000000000C4000000000409C44
:105C700000000000194000000020BCBE0000000031
:105C800034400000BFC91B8E00000004B540000076
:105C9000504BCFD06607E2CF010000006C410000FE
:105CA0003E8251AADFEEA73401000000D942000075
:105CB000DCB5A0E23A301F97FFFFFFFFB4450000BC
:105CC000FD25A0C8E9A3C14FFFFFFFFFFF3F000074
:105CD0000000008000000000FF3F00000000008086
:105CE00000000000000000000100000002000000B1
:105CF0000300000004000000050000000000000098
:105D00000000000000000000010000000200000090
:105D10000300000004000000050000000000000077
:105D20000102030401020304060708090000000041
:105D30000102030401020304060708090000000031
:105D400000000000992D0108992D0108992D0108E6
:105D500069D600080000000000000000E9FE00080D
:105D6000910D01081912010821120108E91B01080F
:105D7000D91B0108E11B0108000000000000000021
:105D8000E9FE0008910D010819120108211201080D
:105D9000E91B0108D91B0108E11B010800000000F4
:105DA00000000000992D0108992D0108992D010886
:105DB00069D60008E91B0108D91B0108E11B01088D
:105DC000555555555555E53F0000000000000000B1
:105DD00000000000000000000000000000000000C3
:105DE000CDCCCCCCCCCCDC3F9A9999999999F53F04
:105DF00000000000000000000000000000000000A3
:105E0000500775500775E03F9CC0099CC009EC3FE6
:105E1000E0044EE0044E00400000000000000000DE
:105E2000F0FBBEEFFBBEDF3FABAAAAAAAAAAF03FD7
:105E3000298AA2288AA2F43F354DD3344DD3054098
:105E40000000000000000000000000000000000052
:105E50000000000000000000000000000000000042
:105E60000000010002000100030001000200010027
:105E70000400010002000100030001000200010013
:105E80000500010002000100030001000200010002
:105E900004000100020001000300010002000100F3
:105EA00006000100020001000300010002000100E1
:105EB00004000100020001000300010002000100D3
:105EC00005000100020001000300010002000100C2
:105ED00004000100020001000300010002000100B3
:105EE00007000100020001000300010002000100A0
:105EF0000400010002000100030001000200010093
:105F00000500010002000100030001000200010081
:105F10000400010002000100030001000200010072
:105F20000600010002000100030001000200010060
:105F30000400010002000100030001000200010052
:105F40000500010002000100030001000200010041
:105F50000400010002000100030001000200010032
:105F6000102840587088A0B86D61696E000000006C
:105F7000A13E0108913E0108893E0108993E0108B1
:105F800010610108000400209000000010030008C8
:105F9000A061010800000000584000001003000844
:105FA000F8A1010800000024C8110000D402000874
:105FB0001CA2010800000030100E0000D4020008EE
:105FC000A061010890040020C89801002C0300087B
:105FD000000000000000F07FFFFFFFFFFFFFEF7FEA
:105FE0001C00000043000000F8FFFFFF0C00000051
:105FF0000E0000000F0000002E0000001001000045
:1060000043000000F8FFFFFF004040404040404098
:10601000404041414141414040404040404040407B
:10602000404040404040404040050202020202021F
:10603000020202020202020202202020202020206E
:106040002020200202020202020290909090909082
:106050001010101010101010101010101010101040
:1060600010101010020202020202888888888888B4
:1060700008080808080808080808080808080808A0
:1060800008080808020202024000000000000000A8
:106090000000000000000000000000000000000000
:1060A00000000000000000000000000000000000F0
:1060B00000000000000000000000000000000000E0
:1060C00000000000000000000000000000000000D0
:1060D00000000000000000000000000000000000C0
:1060E00000000000000000000000000000000000B0
:1060F00000000000000000000000000000000000A0
:10610000000000000000000000000000CD02FFFFC2
:106110000090D0030090D0030100000001000000B7
:10612000010000000100000001000000000000006C
:10613000000000000000F03F2EACA47003A5FFBFDC
:10614000EACC0EA3064CEF3FB50E49571CFC0F3F9F
:10615000FF0E49571CFC1F3FB50E49571CFC0F3F53
:106160000024F44800002041010000005C040020ED
:106170005C04002078000000020000006C04002095
:106180006C040020200000000A0000007C040020B5
:106190007C0400202C000000010000001000000022
:1061A0002DE9F04184B0044640F200084FF6FF7735
:1061B0000820CFF6F078C0F20F0702F0B9FA0646D1
:1061C0000B2002F0B5FA05460E2002F0B1FA0021CC
:1061D000320201914FEA161101D4394001E041EA3F
:1061E000080101912A02019921604FF000010291FA
:1061F0004FEA151101D4394001E041EA080102914A
:1062000002024FEA1010029961604FF00001039101
:1062100002D43840039002E040EA0800039003985B
:10622000A06004B0BDE8F081B0B584B000241021B6
:10623000C5F602040122204603F026FF142003F0D5
:1062400028FF10210022204603F01EFF58208DF861
:1062500009004EF2F0000DF10901C2F2000002AA9D
:106260000123FF25009503F019FF00284FF081005E
:1062700018BF8DF808508DF80B004EF2F000C2F2F6
:1062800000000DF10B010DF10A020123009503F04E
:1062900005FF00284FF010011CBFFF208DF80A00F9
:1062A0000122204603F0F0FE142003F0F2FE10213C
:1062B0000022204603F0E8FE50208DF80D004EF23B
:1062C000F0000DF10D01C2F2000003AA0123FF2529
:1062D000009503F0E3FE00284FF0030018BF8DF88F
:1062E0000C508DF80F004EF2F000C2F200000DF1DC
:1062F0000F010DF10E020123009503F0CFFE0028DF
:106300004FF010011CBFFF208DF80E000122204627
:1063100003F0BAFE142003F0BCFE04B0B0BD0000D0
:1063200070B582B000242D20C5F6020402F0C0F939
:1063300000F0FE0510210022204603F0A5FE5A20A1
:106340008DF805004EF2F0000DF10501C2F20000DB
:1063500001AA0123FF26009603F0A0FE00284EF2BA
:10636000F000C2F200000DF107010DF106024FF03E
:10637000010318BF8DF804608DF80750009603F0F4
:106380008DFE00284FF010011CBFFF208DF8060085
:106390000122204603F078FE02B070BD000000002C
:1063A00010B52DED0C8B91ED029B91ED00CBB0EE75
:1063B000490B044691ED04BB03F075FEB0EE408B33
:1063C000B0EE490B03F074FEB0EE40ABB0EE4B0BF9
:1063D00003F069FEB0EE409BB0EE4B0B03F068FE9D
:1063E000B0EE40BBB0EE4C0B03F05DFEB0EE40DB18
:1063F000B0EE4C0B03F05CFE2AEE0B1B28EE0B3BC1
:1064000029EE405B21EE402B23EE004B21EE0D1BCD
:1064100023EE4D3BA8EE0D2BA8EE001BAAEE003B91
:106420002AEE490BAAEE0D4B29EE0D6B84ED0C0BF9
:1064300028EE090B84ED002B84ED025B84ED044B08
:1064400084ED061B84ED086B84ED0A3B84ED0EBBE6
:1064500084ED100BBDEC0C8B10BD000000000000A3
:1064600030B4ADF5566D0DF61850482103F025FEF9
:106470000DF54D60482103F020FEB6EE009B4DF275
:1064800058264CF2900544F6F8529FED118B4CF2D1
:1064900020244CF2284A4CF2C01944F66C18C2F27F
:1064A0000006C2F20005C2F2000245F64C0045F6B5
:1064B0006431C2F20004C2F2000AC2F20009C2F260
:1064C00000081044049050180590C1E000BF00BFC0
:1064D000000000000000000040F2F84048F21051B7
:1064E000C2F2000048F268420223C2F2010190EDBC
:1064F000000B0498C2F2010203F0E4FD44F6F857E1
:10650000C2F20007059803F0E2FD8DED420B47F261
:10651000782EDDE94201C5E900018DED441BDDE97E
:106520004401C5E902018DED462B07EB0E01D1E9CF
:10653000033C4698479AC5E90402D1E90108359021
:1065400042F2104257F80E003490C2F2000245F6B3
:106550006C6E9DED340B82ED000BCDE936834869FE
:106560009DED360B82ED020BCDE938C0C8699DED7B
:10657000380B82ED040B3B9088693A9007EB0E00D4
:1065800000F1040C9DED3A0B82ED060B9CE80E1019
:106590003D9157F80E103C919DED3C0B84ED0C0B9A
:1065A000CDE93E2340699DED3E0B84ED0E0BCDE918
:1065B00040C09DED400B84ED100B44F66C18C2F208
:1065C000000800BF68690990286908904CF218110A
:1065D000C2F20001D5E900079DED080B81ED000B2B
:1065E000D5E90223CDE90A239DED0A0B81ED020BCB
:1065F000CDE906070DF6185738469DED060B81EDDF
:10660000040BFFF7CDFE0DF54D6B42F2C84203209F
:106610000323CDE90000029058463946C2F2000239
:1066200001F02AFF3846594602F0B2FADDF8180D9B
:106630002060DDF81C0D6060DDF8200DA060DDF845
:10664000240DE060DDF8280D2061DDF82C0D60617F
:106650004EF2D4204FF0FF31C2F2000003F03CFDB7
:106660004DF61870C2F2000090ED000BB4EE490B2D
:10667000F1EE10FA0ADC4DF24820C2F2000090ED73
:10668000000BB4EE490BF1EE10FA05DD4CF20010F0
:106690000021C2F2000001604EF6B8474DF2D0234F
:1066A000C2F20007C2F20003386800EB400101307B
:1066B00000F07F00386003EBC10253F83110316005
:1066C000536873609168B160D368F360116952696F
:1066D000C6E9041202F098F801F00EFC4CF2C40076
:1066E000C2F20000006800286ED040F2144100227F
:1066F000C2F20001087800284EF6285018BF0A7030
:106700004EF69C41C2F20000C2F200010068096826
:10671000884236D140F20C40C2F20000006880B3DB
:106720004EF6345044F6F857C2F200004346C2F227
:10673000000747F26022B0EE480B02210160B81852
:1067400053F8101F0DF5C07BB95059684160996826
:106750008160D968C160196901615969416103F2B9
:106760003C4103F11802584603F0BBFC00223846B6
:10677000594603F0BBFC40F20C400022C2F200007C
:1067800002604EF628504EF60451C2F20000C2F2EA
:10679000000100680968884210D140F21041C2F23D
:1067A0000001096851B14EF634510423C2F20001D0
:1067B0000B6040F21041C2F200010A604EF628510F
:1067C0000130C2F2000108604CF2C000C2F20000C9
:1067D000006800283FF4F6AEDAF82000C9F820007F
:1067E000DAF82400C9F82400DAF82800C9F82800EB
:1067F000DAF82C00C9F82C00DAF80000C9F800001B
:10680000DAF80400C9F80400DAF80800C9F808004A
:10681000DAF80C00C9F80C00DAF81000C9F810001A
:10682000DAF81400C9F81400DAF81800C9F81800EA
:10683000DAF81C00C9F81C004CF260104946C2F29C
:10684000000002F0B5F800F09FFF4EF63450C2F29F
:1068500000000068042807D14CF21010C2F20000BA
:10686000006808B100F008FF4CF2C400C2F200005A
:10687000006800283FF4A6AE4EF63450C2F2000085
:106880000068013805283FF69DAE4EF6E84340F219
:10689000F442C2F20003C2F200021878126801301A
:1068A0001870C1B28A4224DC4EF6E84242F2B1735B
:1068B000C2F20002C2F200030021117044F610116E
:1068C000986DC2F200010128A4BF01389865086CD8
:1068D0000128A4BF0138086444F6C000C2F20000D9
:1068E000806C012805DB44F6C0010138C2F20001CA
:1068F00088644CF260175AAEC2F2000707F1180024
:1069000090EC060B304603F0F6FB40F2F845C2F27D
:10691000000595ED000B03F0F3FB8DED600B95ED9D
:10692000000B4CF2C850C2F200008DED621B8DEDE1
:10693000642B03F0E5FB54A80DF5C07B54A980EC53
:10694000060B584603F0E1FB42F2AC7848F21054D3
:10695000C2F20008C2F20104D8F800008DED480B25
:1069600000EB400004EBC001DDE9482344F830208F
:106970004B608DED4C1BDDE94C02C1E902028DED4F
:106980004A2B97EC060BDDE94A02086130464A6162
:1069900003F0B1FB95ED000B03F0B2FB8DED600B46
:1069A00095ED000B4CF28840C2F200008DED621BA9
:1069B0008DED642B03F0A4FB54A854A980EC060BC6
:1069C000584603F0A2FBD8F8000048F268468DED67
:1069D0004E0B00EB4001C2F2010601304CF2900573
:1069E00006EBC1024CF22024DDE94E3746F8313087
:1069F0004DF258265760C2F200068DED521BC2F2CE
:106A00000005C2F20004DDE95213C2E902138DED64
:106A1000502BDDE9501353614EF65053C2F2000380
:106A2000C8F8000044F66C1811611B68C2F2000837
:106A30009842FFF6C7AD4CF2D4000021C2F200002C
:106A4000006848B14CF25840C2F20000C0E90011A1
:106A5000C0E90211C0E904114EF6345042F2AC72A2
:106A6000C2F20000C2F200024CF2D8070068C2F283
:106A700000070428116000F0B080022800F03C817B
:106A8000012840F00E823868B0B34CF26820C2F2A0
:106A9000000090EC060B60A803F02DFB6099C8F88D
:106AA00010106199C8F814106299C8F81810639909
:106AB000C8F81C106499C8F820104CF25841C2F272
:106AC000000191EC060B6599C8F8241003F013FB44
:106AD0006098C8F828006198C8F82C006298C8F837
:106AE00030006398C8F834006498C8F83800659896
:106AF000C8F83C000020386040F2F84048F21051DD
:106B0000C2F2000048F268420223C2F2010190ED95
:106B1000000B08F1280000904046C2F2010203F089
:106B2000F9FA08F24C4003F0D2FA8DED1A0B08F195
:106B30001003DDE91A01C5E900018DED1C1BDDE93B
:106B40001C01C5E902018DED1E2BDDE91E01C5E921
:106B50000401D8F850040D90D8F84C040C9042F27F
:106B60001041D8F85804C2F200019DED0C0B81EDE4
:106B7000000B0F90D8F854040E90D8F860049DEDE7
:106B80000E0B81ED020B1190D8F85C041090D8F830
:106B900068049DED100B81ED040B1390D8F864048C
:106BA00012909DED120B81ED060B0FCBCDE9140178
:106BB0009DED140B84ED0C0BCDE91623D8F82400C1
:106BC0009DED160B84ED0E0B1990D8F8200018904F
:106BD0009DED180B84ED100BF4E44EF64850C2F214
:106BE00000000068002800F06E8140F2F840B846CE
:106BF000C2F2000044F6F857C2F2000748F2105102
:106C000090ED000B48F268420223052000903846C0
:106C1000C2F20101C2F2010203F081FAD8F80000C9
:106C200000283FF46FAC4CF2682560A8C2F2000562
:106C300095EC060B03F05FFA47F260236099FA18AF
:106C400095EC060BF95061995160629991606399D6
:106C5000D160649911616599516103F04CFA45F670
:106C6000706545F66C63DDE96021795145F6746520
:106C7000FA50629A7A5145F67862639907EB030BF2
:106C8000B95045F67C626499B9504CF25842C2F250
:106C90000002659992EC060B4FF4BD42B95003F027
:106CA0002AFA45F6E05345F6DC52DDE96001B0EE24
:106CB000480BF95045F6E453B85062983A44F850FE
:106CC00045F6E85063994CF29005395045F6EC5181
:106CD0006498C2F20005785045F6F05165987850F6
:106CE0003846594603F020FA4CF2D8010020C2F28F
:106CF00000010860FFF706BC386844F6F858002821
:106D0000C2F2000845F66C6555D04CF26820C2F21C
:106D1000000090EC060B60A803F0EDF945F67063F7
:106D200008EB050BDDE9602148F8031045F67463B4
:106D300048F80520629A48F8032045F6786263997E
:106D400048F8021045F67C62649948F802104CF24B
:106D50005842C2F20002659992EC060B4FF4BD4214
:106D600048F8021003F0C7F945F6E05345F6DC5247
:106D7000DDE96001B0EE480B48F8031045F6E45336
:106D800048F802006298424448F8030045F6E8508B
:106D9000639948F8001045F6EC51649848F80100F2
:106DA00045F6F051659848F801004046594603F011
:106DB000BBF90020386040F2F84048F21051C2F2AE
:106DC000000048F268420223C2F2010190ED000B7C
:106DD000052000904046C2F2010203F0A0F947F2FC
:106DE000782508EB050B584603F071F98DED2E0B55
:106DF0004CF290070BF10403C2F2000745F66C6CED
:106E0000DDE92E01C7E900018DED301BDDE9300120
:106E1000C7E902018DED322BDDE93201C7E904013A
:106E20000FCB219058F80500209042F21045C2F295
:106E300000059DED200B85ED000BCDE92212DBF85E
:106E400014009DED220B85ED020BCDE92430DBF81B
:106E50001C009DED240B85ED040B2790DBF818003A
:106E6000269045F66C604044031D9DED260B85ED94
:106E7000060B0ECB0569299158F80C1028919DED51
:106E8000280B84ED0C0BCDE92A2340699DED2A0BDC
:106E900084ED0E0BCDE92C503D469DED2C0BFFF7FC
:106EA0008ABB4EF634500121C2F20000016040F26C
:106EB0000C40C2F20000016040F21040C2F200003B
:106EC0000160FFF77FBB386800283FF405AB4CF248
:106ED000682B60A8C2F2000BB8469BEC060B03F0CF
:106EE0000AF944F6F85747F26023C2F200076099A6
:106EF000FA189BEC060BF950619951606299916008
:106F00006399D160649911616599516103F0F3F857
:106F100045F66C626099B95045F670626199B95056
:106F200045F674626299B95045F678626399B95032
:106F300045F67C626499B9504CF25841C2F20001A6
:106F40004FF4BD4291EC060B6599B95003F0D3F8AC
:106F500045F6DC516098785045F6E05161987850DC
:106F600045F6E4516298785045F6E85163987850B8
:106F700045F6EC516498785045F6F0516598785094
:106F80000020C8F80000FFF7A7BA000000000000CA
:106F90008AB0F1EE048A40F6582542F2D06442F2FB
:106FA000B86842F2A07742F2C5699FED0FBB9FED32
:106FB00010CB9FED11DB9FED12EB9FED13FBC2F2A7
:106FC0000045C2F20004C2F20008C2F200079FEDC1
:106FD000F08AC2F200099FEDEF9A4FF0010B9FED8E
:106FE000EEAA15E000BF00BF399D52A246DF913FD7
:106FF000182D4454FB21F93F182D4454FB21F9BFAF
:10700000182D4454FB210940182D4454FB2109C07C
:107010004EF2B8004FF0FF31C2F2000003F05CF80E
:107020002846DEA103F085F80646002842F2C86033
:10703000C2F20000066000F03781A021204603F074
:107040007DF844F250013046C0F20001224603F0C0
:107050007AF842F2807142F2C860C2F20001C2F2D4
:107060000000CDE9081842F2C46142F27C72C2F21B
:107070000001009142F278710068C2F200010191B2
:1070800042F2B961C2F20002C2F20001029142F280
:10709000A8713B46C2F20001039142F2A971C2F20B
:1070A0000001049142F2A471C2F20001059142F282
:1070B000BC61C2F20001069142F2C061C2F200015D
:1070C0000791B8A103F03FF8002089F8000020469E
:1070D00003F03EF858B10021002200BF635C01318B
:1070E000CEB2B04282EA0302F8D889F8002099F8BB
:1070F000000098F80010884240F0D68097ED000A12
:1071000042F2C46080EE090AC2F200004CF2D001E3
:107110000078C2F20001B6EEC01A532842F2747031
:10712000C2F2000081F800B030EE410A80EE0A0A97
:1071300030EE010A80ED000A03D1B1EE400A80ED85
:10714000000A90ED000A42F2CC61B7EEC00AC2F22A
:10715000000120EE0B0BB7EEC01B80ED001AB7EE5E
:10716000C10AB4EE4C0BF1EE10FA0ADAB4EE4D0B94
:10717000F1EE10FAC2BF4DF2B820C2F2000080ED6D
:10718000000B42F27870C2F2000090ED000A42F269
:10719000B96080EE090AC2F200000078B6EEC01AAB
:1071A000572830EE410A80EE0A0A30EE010A81EDDE
:1071B000000A03D1B1EE400A81ED000A91ED000A08
:1071C000B7EEC00A20EE0B0BB7EEC01B81ED001A24
:1071D000B7EEC10AB4EE4E0BF1EE10FA0ADAB4EED5
:1071E0004F0BF1EE10FAC2BF4DF2B820C2F2000010
:1071F00080ED020B42F2A47142F2A970C2F20001CA
:10720000C2F2000091ED001A42F2BC610078C2F2B5
:10721000000181EE092A00EE100A91ED003A42F2D7
:10722000C0610528C2F20001B8EE400A91ED004AA3
:107230004DF2B82133EE043AC2F2000132EE002AD8
:10724000B7EEC30A81ED040B40F26C0112EE100A96
:10725000C3F20001C86727D342F2A870C2F200004F
:10726000007808B3B4EE681AF1EE10FA1CDA4CF2AA
:10727000D8000121C2F200004FF0010B032201608F
:107280004DF2B820C2F2000090EC041B4CF26820D2
:10729000C2F2000080EC041B80ED040B42F2B170DE
:1072A000C2F200008265C16528464BA102F041FF91
:1072B0008246002842F27070C2F20000C0F800A0BE
:1072C0003FF4A6AE4021204602F038FF44F25001C0
:1072D0005046C0F20001224602F035FF42F27070C3
:1072E00042F27471C2F20000C2F20001CDE900174F
:1072F00042F2807142F2CC6242F27C730068C2F2C8
:107300000001C2F20002CDE9021835A1C2F2000369
:1073100002F019FF002089F80000204602F018FF53
:1073200058B10021002200BF635C0131CEB2B042EF
:1073300082EA0302F8D889F8002099F8000098F84A
:10734000001088427FF464AE42F2B170C2F20000D5
:10735000806D0128FFF65CAE97ED000A4DF62076B1
:1073600080EE080AC2F200063046B7EEC00A00F00E
:1073700037F94CF25840C2F2000096EC060B80EC54
:10738000060B42F2B170C2F20000C0F860B03FE6F6
:10739000666666400000C8429A99193F24475047E4
:1073A000474100002447504747412C25662C25665D
:1073B0002C25632C25662C25632C25642C25642C18
:1073C00025662C25662C4D2C25662C255B5E2A5DBA
:1073D0002A253278252A00002447505654470000B9
:1073E0002447505654472C25662C542C25662C4D8A
:1073F0002C25662C4E2C25662C255B5E2A5D2A25C5
:107400003278252A0000000070B5056804461F2D5B
:107410004FF0FF30C8BF70BD05EB450304EB83168A
:10742000C6E90212C6F8C00006F11000582102F0A9
:1074300044FE06F16800582102F03FFE681C2060FF
:10744000284670BD00000000B0B5844640680B2897
:107450002FDCB82341F6080500FB03CE00294EF8C7
:1074600005100ED44B1CA2F10804AE440EF1080521
:10747000013B94ED020B04F108048EED020BAE46C5
:10748000F4D1002911D4B82300FB03C54B1C02EB37
:10749000C10105F5C352083991ED040B82ED020BD1
:1074A0000832013B01F10801F6D1411CCCF804106F
:1074B000B0BD4FF0FF30B0BD002A15D4844600297E
:1074C0004FF0FF300FD4DCF804309342D8BF704740
:1074D000DCF80000884207DD01EB41000CEB801076
:1074E000C0F8C020104670474FF0FF3070470000D2
:1074F0002DE9F047D0F800E0BEF1010FB8BFBDE8BC
:10750000F08741F66801A0F108049FED330B00EB12
:10751000010C00F1680300214FF0B80841F608099A
:1075200006E000BF0131C034714503F1C00350D003
:1075300001EB410200EB8216D6F8C020002AF1D4FC
:10754000B56802FB080795ED001B07EB090586ED02
:10755000041B95ED182B57F809A021EE021BBAF178
:10756000010F17DBB0EE402B02FB08C52246574641
:1075700092ED083B92ED1E4B95ED025B15ED146B01
:10758000A3EE051B0835A4EE062B013F02F108020D
:10759000EED101E0B0EE402B31EE421BF268BAF1C1
:1075A000010F86ED1A1B82ED001BBBDB0AF1010205
:1075B00003EBCA05013AA5F1080615ED021B15ED0E
:1075C000182B05ED162B012A85ED001B3546F1DC45
:1075D000A8E7BDE8F08700BF000000000000000041
:1075E00070B52DED048B9CB0B0EE408B4DF278253C
:1075F000C2F20005044695ED001BB0EE410B02F00F
:1076000057FD20EE089B4DF28826C2F2000696ED4B
:10761000000B02F048FD29EE001B95ED000B8DEDEF
:10762000161B02F040FD20EE089B96ED000B02F0C9
:107630003AFD29EE001B96ED000B8DED181B02F0B4
:1076400037FD42F2104104AD20EE080BC2F20001FA
:1076500028468DED1A0B00F0B7FF032016AACDE9DE
:1076600000000323012002902046294600F004FF79
:107670001CB0BDEC048B70BDF0B58FB04EF6545508
:107680004CF25846C2F200054DF218200023C2F217
:1076900000062A68C2F20000511C296003E000BF06
:1076A0000833182B08D0002AFAD1F718C41897ED20
:1076B000000B84ED000BF3E742F24042C2F20002FD
:1076C000126802EB8202914258DB4DF6B072A0F1D3
:1076D0000801C2F20002A6F108039FED291B92EDFA
:1076E000000B032293ED022B91ED023B01F1080701
:1076F000083332EE432B013A22EE012B82EE002BAF
:1077000081ED022B3946EDD142F210446946C2F2B6
:10771000000408AA90EC040BB1EE400B2068009026
:1077200060680190A0680290E0680390206904906E
:1077300060690590E0690790A069069020468DED8C
:10774000081B8DED0A0B0027CDE90C7702F088FBB2
:10775000204600F0FDFE42F278402146C2F20000D1
:1077600000F032FF4CF210102F60C2F20000C6E9A8
:1077700000770760C6E90277C6E904770FB0F0BD6D
:107780009A9999999999C93F2DE9F0472DED028B66
:107790009CB040F218404CF29018C2F20000C2F2C5
:1077A0000008016839B342F6180440F22042C2F2E0
:1077B000000400270760C2F2000202212046C4E94B
:1077C0000077FFF741FE4CF260160546C2F2000654
:1077D00003E000BF0837302F0DD0F11908EB070286
:1077E0002046FFF711FE0028F4D4014620462A4621
:1077F000FFF762FEEEE742F61800C2F20000FFF764
:1078000077FE40F2EC6C40F27860C2F2000C40F27D
:10781000A8644CF2181340F29065DCF800E040F2E6
:10782000C062BEF1000FC2F20000C2F20004C2F258
:107830000003C2F20005C2F2000234D0002100BFF2
:10784000461808EB010796ED001B97ED060B5F1835
:10785000B4EE401BF1EE10FAB8BF86ED000B6618CF
:1078600096ED001BB4EE401BF1EE10FAC8BF86ED9A
:10787000000B6E1897ED000B96ED001BB4EE401B4D
:10788000F1EE10FAB8BF86ED000B5618083196EDF0
:10789000001BB4EE401BF1EE10FAC8BF86ED000BE2
:1078A0001829CDD129E0D8F81890C0F80090D8F860
:1078B0001C604660D8F820708760D8F82410C1603A
:1078C000D8F828A0C0F810A0D8F82C80C0F81480F0
:1078D00018682860C4E90096C4E90271C4E904A8E4
:1078E000596869609C68AC60DE68EE601F692F6152
:1078F0005B696B6182E8D30053614EF6A4484DF298
:107900009820C2F20008C2F2000004EE10EA40F231
:10791000906398ED000A40F2A866B8EEC03B40F2D2
:10792000786490ED001B9FEDEA2B9FEDEB0B21EEB1
:10793000021B40F2C06023EE002B0022B8EEC43BD5
:10794000C2F200009FEDE64B9FEDE75B9FEDE86B19
:10795000C2F20003C2F20006C2F2000409E000BF56
:10796000013208300833032A06F1080604F108043E
:1079700043D094ED007B96ED008B0021002737EE7D
:10798000487B90ED008BB4EE417B93ED007BF1EEF4
:1079900010FA37EE487BD8BF012137EE048BB4EEE6
:1079A000457BF1EE10FA38FE077BB0EEC77BB4EEF4
:1079B000467BF1EE10FAD8BF01273942D0D1B4EEA0
:1079C000432BF1EE10FACBDC4CF2E4000121C2F2C1
:1079D00000000023016040F2E060C2F2000003609A
:1079E00040F2D860C2F2000003604CF2E800C2F23C
:1079F00000000160032A03D225E00322032A22D3D8
:107A000040F2E060D8F80010C2F2000001EB810102
:107A10000268013202608A4215DB4CF2E40240F255
:107A2000D863C2F20002C2F20003002101601160BB
:107A30001A68032A02F10100186004DB4CF2E80026
:107A4000C2F200000160D8F80060002106EB860059
:107A500086454CF2B800C2F200000068B8BF0EF1D3
:107A600001010028CCF8001000F026814CF2E4005F
:107A70004EF6345CC2F200004EF66C41C2F2000CCD
:107A8000C2F200010368E3B9DCF80020042A18D12F
:107A90000A68012A15DB4CF21012C2F200021268C9
:107AA0007AB94CF25842C2F2000292EC061B21EE67
:107AB000001B22EE002B23EE000B82EC041B82ED58
:107AC000040B4CF2F80440F2E867C2F20004C2F280
:107AD000000722681A434EF64852C2F2000216D13D
:107AE0004EF61C553868C2F20005013038602D682A
:107AF0006E43B0420BDB012020604FF496700860AB
:107B00004EF668400026C2F2000016600660012BA7
:107B100001D100203860012B1AD12068012817D12B
:107B20004EF668430020C2F200032060086018602F
:107B30004EF64C53C2F200031B6813604CF2301334
:107B4000C2F20003C3E90600C3E90800C3E90A0062
:107B5000206820B14FF4967008600020106008681B
:107B60000128A4BF00201060DCF8000004286CD1BC
:107B700042F210410AACC2F20001204600F024FD9E
:107B80004CF260120320CDE90000C2F2000204A80A
:107B9000032321460126029600F06EFC4DF6B070DC
:107BA000C2F200009DED040B90ED001B9DED082B33
:107BB000B0EEC03B9FED500B32EE411BB4EE403BAC
:107BC000F1EE10FA8DED081B2DDC9DED062BB0EECD
:107BD000C22BB4EE402BF1EE10FA24DCB0EEC11B48
:107BE000B4EE401BF1EE10FA1DDCD8F800004EF6A2
:107BF0000C524FF41671C2F20002484311688142E0
:107C000001F10103136005DB4CF2BC020023C2F258
:107C100000021360814218DB4EF61C5040F68C21A6
:107C2000C2F2000010E04CF2BC004FF49671C2F2B8
:107C3000000006604EF61C50C2F2000001604EF6D5
:107C40000C50C2F200000021016042F2B17040F21B
:107C5000DC61C2F20000C2F20001806D002840F237
:107C6000E460C2F200000FD144F6C002C2F200028A
:107C7000926C4AB944F61012C2F20002126C1AB9A0
:107C80000A6801320A6002E000220A600260D8F845
:107C900000200968C2EB0213B1EBC30F0CDB0168D3
:107CA00001310160914207DB002101604CF2D800F4
:107CB0000121C2F2000001604CF2E400C2F20000B7
:107CC00000681CB0BDEC028BBDE8F08700BF00BFB0
:107CD000399D52A246DF913F9A9999999999B93F56
:107CE000182D4454FB2119C0182D4454FB21094080
:107CF000F561B70371985C3F33333333333313404B
:107D000090ED000A9FED201AB0EEC00A0146B4EED5
:107D1000410AF1EE10FA0ADC91ED010A9FED1B1AFF
:107D2000B0EEC00AB4EE410AF1EE10FA01DD002017
:107D300000E00120B2EE040A043903229FED141A78
:107D400091ED132AB0EEC22A91ED1F3AB0EEC33A7C
:107D50000431B4EE402AF1EE10FAB8BF0020B4EEC0
:107D6000412AF1EE10FAC8BF0020B4EE403AF1EE1D
:107D700010FAB8BF0020B4EE413AF1EE10FAC8BFD5
:107D80000020013ADCD170470000B44200003443C7
:107D900000401C46000000002DE9F047012B3CDBB1
:107DA000A2F1080CA0F1080E4FF0FF384FF0000AC6
:107DB00000250BE0B5EE400BF1EE10FA2AD0A846F4
:107DC00001359A449D4289ED000B26D051F825409B
:107DD00002EBC50918F1010602EBC40499ED001B82
:107DE00094ED000B84ED001BE4D0A845E8DA08EB25
:107DF0000A040CEBC80647460EEBC40494ED021BC4
:107E000096ED022B01370834A1EE420B0836BD4235
:107E1000F4D1D5E74FF0FF38D2E7012BB8BFBDE86A
:107E2000F08703FB03F75D1E05FB03F16FF0070608
:107E3000A6EBC30C4FF0000A00EBC707A7F1080E32
:107E400002EBC50914E000BF4C19002DA5F1010596
:107E5000A1EB030100EBC4040AF1010AE644A9F115
:107E6000080994ED001B80EE010B88ED000B14DD7A
:107E700002EBC5086C1C9C4298ED000BE4DA4C4602
:107E80007746564697ED021B94ED022B08370834CF
:107E9000A1EE420B013EF5D1D6E7BDE8F087000028
:107EA0002DED048B00F1180190EC040B91EC062BE6
:107EB00023EE033B4DF2A02124EE044BC2F200015D
:107EC00022EE022B91EC067B33EE046B32EE044B78
:107ED00032EE032B90ED045B07EE060B02EE095B1E
:107EE00004EE081B80EC040B80ED045BBDEC048BFE
:107EF00070470000000000002DE9F0474CF2C00080
:107F0000C2F200000068002808BFBDE8F0874CF20C
:107F1000E0004EF6704CC2F200004CF2006E4CF2E3
:107F20002848C2F2000C0168C2F2000EC2F200083A
:107F3000C1B9012101600020AEF10801CCF80000B8
:107F400008EBC0020B4692ED000B402203F108043F
:107F5000013A83ED020B2346F8D1013001F500719F
:107F60000628EDD14EF6FC404CF2B401C2F20000FE
:107F7000C2F200010024D0F800900868DCF800107C
:107F8000CA46002818BF4FF0010A0CE000EE106A44
:107F9000013495ED001B062CB8EEC00B81EE000BF2
:107FA00085ED000B24D008EBC4054E46032C0EEBE8
:107FB000442795ED000B38BF564607EBC100022E53
:107FC00080ED000BE2DB95ED000B7242084600BF2E
:107FD000013802F10102B8BF3F2007EBC00393ED67
:107FE000001B531C31EE000BF2D185ED000BCDE7E9
:107FF000DCF80000411C3E28C8BF0021CCF800106E
:10800000BDE8F08700000000B0B50FF2241CDDF8D9
:1080100010E01CF8014004EB000C255825F0010588
:10802000255000BFDCF80040E407FBD1DCF8044039
:108030004FF6FF75AC432344CCF8043047F2FF738E
:10804000CCF80C20C4F200030EF128029E45CCF8B7
:10805000082013DC44F6FF32C4F20002964521DC0E
:1080600044F20042C4F20002964537D044F60002C2
:10807000C4F20002964548D12E2236E040F6FF7247
:10808000C4F2010296451BDC47F60002C4F200026E
:10809000964525D047F60042C4F20002964534D1F9
:1080A000522222E044F60042C4F20002964519D062
:1080B00045F20002C4F20002964526D1422214E0A5
:1080C00041F20002C4F2010296450DD041F2004295
:1080D000C4F20102964518D1482206E02C2204E0A1
:1080E000502202E0402200E02A220023C4F20203D0
:1080F00003EB8101984201F5026408BF01F50064B9
:10810000206820F0FF00104420600EF1080000BF3E
:1081100050E8001F41F0800140E80012002AF7D12A
:10812000DCF8000040F00100CCF80000B0BD00BF5A
:10813000102840587088A0B82DE9F04FADF6AC4D2E
:1081400090465243054640F60800D400C2F20000B3
:10815000224602F002F8B8F5C87F00DDFEE7B8F16C
:10816000010FC0F22881B7EE000B40F6080CC2F2F6
:10817000000C4FEAC8019FEDBE1BACF108070020C0
:10818000039700BFB0EE412BB8F1010F0DDBB0EE4D
:10819000412B3B46424600BF93ED023B0833013A78
:1081A000B0EEC33B83FE022BF6D1B5EE402BF1EED1
:1081B00010FA00F0558180EE022B0AAA02EBC002F1
:1081C000013040450F4482ED002BDBD1B8F1010FA7
:1081D000CDE90054C0F2F1800CEBC806C8F10005EF
:1081E0009FEDA31BA6F10800089008204FF001099D
:1081F000DDF80CA0E3464FF0000E00EBC800029043
:108200000020099012E000BF089A09980A440892D9
:10821000029A09F101090BF1080B8A44C64516447C
:1082200005F101054044099000F0C780CDE90556ED
:108230000020039D002706E0013740444F450D44D0
:1082400082ED002B16D000EB0E02002F0CEBC202C9
:1082500092ED002BF0D02B463E465C4693ED023B60
:1082600094ED004B0833013EA3EE442B0C44F5D1B2
:10827000E2E700BF0EF1010258464245F3460AAF5D
:10828000CDF810A007923DDAB0EE412BDDF81CA02E
:10829000089BF3460AFB08F61CE000BFB0EEC34B98
:1082A00007EBCA028CED003B92ED005B40F6080C38
:1082B000464424EE054B0B44C2F2000CB4EE424B94
:1082C00084FE022BF1EE10FAC8BFD3460AF1010A70
:1082D000C24517D006EB0E02BEF1000F0CEBC20C2C
:1082E0009CED003BDAD01D467246044695ED024BEC
:1082F00094ED005B0835013AA4EE453B0C44F5D102
:10830000CCE700BFDE45DDF810A023D0B8F1010FA7
:1083100017DB0BFB08F257460CEBC202A2F1080375
:10832000424600BF07F10806013A93ED022B97ED94
:10833000023B83ED023B03F1080387ED022B374636
:10834000F0D10AAB03EBCE0203EBCB0392ED002B93
:1083500083ED002B099A41F288437244C2F2000374
:108360000CEBC20243F82EB092ED002BB5EE402B81
:10837000F1EE10FA06D149F6A1470023C3F6C7373C
:10838000C2E90037DDF81CE08346C645DDE9055645
:10839000BFF63AAF92ED002B2A46334680EE022B11
:1083A00093ED003B013222EE033B571C83ED003B73
:1083B0000B44F5D128E7CDE90054B8F1010F42DBB9
:1083C00040F2687641F2D844C2F2000640F6080A4C
:1083D00041F288494FEAC807C2F20004C2F2000A1B
:1083E000C2F20009A6F108054FF0000B05E000BF3E
:1083F0000BF1010B0834C34525D0B8F1010F03DBA5
:108400003046394601F059FE06EBCB00002146F814
:108410003B100021C3F6F071416050464946324698
:108420004346FFF7B9FCB8F1010FE1DB2A464046AD
:10843000214600BF92ED020B81ED000B083201389E
:108440003944F7D1D4E741F2D841C2F20001DDE965
:10845000000201F082FE01200DF6AC4DBDE8F08F68
:1084600000200DF6AC4DBDE8F08F00BF00BF00BF8F
:1084700000000000000000002DE9F04FDDE909C711
:10848000BC453ED1DDF82CE00EFB03F8B8F1010F3E
:10849000B8BFBDE8F08F9FED1C0B4FEACE04A1F1F1
:1084A000080A4FEACC094FF0000B03E0F344CA443A
:1084B000C34526DABEF1010FF8DB002711460AE0BA
:1084C00007EB0B030137774501F1080100EBC3030C
:1084D00083ED001BEAD0B0EE401BBCF1010FEFDBD7
:1084E000B0EE401B564665460B4600BF96ED022B8C
:1084F00093ED003B0836013DA2EE031B2344F5D16A
:10850000DEE7BDE8F08F00BF0000000000000000C3
:1085100070B50C46514316460546012903DBC900D8
:10852000284601F0CAFDB442A8BF3446012CB8BFAA
:1085300070BD0820002100EBC600C3F6F0710022D8
:10854000C5E90021013C0544FAD170BD00000000DE
:1085500010B590ED000BA0F10804032020EE000BF5
:10856000214600BF91ED041B013801F10801A1EE85
:10857000010BF7D1B1EEC01BB4EE411BF1EE10FAC6
:1085800018D69FED0F0BB4EE401BF1EE10FAD8BFDA
:1085900010BDB7EE000B042080EE010B94ED021B22
:1085A00004F10801013820EE011B84ED021B0C468A
:1085B000F4D110BD01F0D6FDB0EE401BE1E700BFE5
:1085C000F168E388B5F8E43E2DED088B88B0002211
:1085D000EC4600BF8B1893ED000B0CEB0203083246
:1085E00020EE000B202A83ED000BF3D19DEC047BE1
:1085F00037EE089B9DED04AB91EC080B39EE4A9BDE
:1086000021EE024B20EE036B9DED06BB22EE005BDC
:1086100021EE000B21EE031B22EE032B39EE4B3B28
:1086200080ED003B34EE463B37EE487B35EE018B68
:1086300033EE033B80ED023B38EE083B37EE0A8B0E
:1086400080ED043B34EE063B38EE4B4B80ED084B9F
:1086500033EE033B32EE404B80ED063B37EE4A3BB8
:1086600031EE451B30EE020B34EE044B33EE0B3B88
:1086700031EE011B30EE000B80ED0A4B80ED103B1C
:1086800080ED0C1B80ED0E0B08B0BDEC088B704725
:1086900080B540F2000041F26001C0F61200C2F263
:1086A00000414FF4B47201F062FD80BD0000000093
:1086B000B0B582B000240546C5F6020410210022A0
:1086C000204601F0E1FC68000DF1050101308DF854
:1086D00005004EF2F00001AAC2F200000123FF25BE
:1086E000009501F0DBFC00284EF2F000C2F2000021
:1086F0000DF107010DF106024FF0010318BF8DF8CF
:1087000004508DF80750009501F0C8FC00284FF088
:1087100010011CBFFF208DF806009DF806500122B5
:10872000204601F0B1FC284602B0B0BD00000000B8
:10873000F0B583B000240546C5F6020410210022DE
:10874000204601F0A1FC68000DF1050101308DF813
:1087500005004EF2F00001AAC2F200000123FF253D
:10876000009501F09BFC00284EF2F000C2F20000E0
:108770000DF107010DF106024FF0010318BF8DF84E
:1087800004508DF80750009501F088FC00280DF189
:1087900009011CBFFF208DF806004EF2F0009DF885
:1087A0000650C2F2000002AA0123FF268DF80960DC
:1087B000009601F073FC00284EF2F00018BF8DF80F
:1087C00008609DF80870C2F200000DF10B010DF178
:1087D0000A0201238DF80B60009601F05FFC00286F
:1087E0004FF001021CBFFF208DF80A0038029DF8EF
:1087F0000A1040EA054045181021204601F044FCCB
:10880000284603B0F0BD0000F0B587B04EF2DC00A2
:108810009FED662AC2F2000090ED000A40F254403B
:10882000B8EEC01AC2F2000090ED000A4DF25820D6
:1088300081EE021AC2F20000D0E90012B4EE401A32
:108840000191F1EE10FA81680292C2680391016908
:108850004069CDE90421069036DCB7EEC11A42F238
:108860004840B7EEC00AC2F200004DF698711030D1
:10887000C2F20001034630EE410B0A1F032100BF84
:1088800092ED011A03F10806B7EEC11A043201395C
:1088900020EE011B83ED021B3346F1D101A901F14A
:1088A0000802032192ED010A131DB7EEC00A013937
:1088B00090ED021B00F1080030EE410BB7EEC00B4B
:1088C00082ED010A1A46EDD14EF68047C2F200074A
:1088D0003D6835B94CF228403021C2F2000001F069
:1088E000ECFB4CF2284101A8C2F20001041FA1F1E7
:1088F000080006222146034691ED010A03F108060D
:10890000B7EEC00A043193ED021B013A31EE000BC1
:1089100083ED020B3346EFD14DF6D0610622C2F251
:108920000001A1F1080300BF94ED010A03F1080161
:10893000B7EEC00A043493ED021B013A31EE000B8E
:1089400083ED020B0B46EFD148F244426E1CC2F29B
:1089500001023E6011784B1C40F2F041C2F200016E
:10896000137009688E4206DA4CF2C0000021C2F290
:108970000000016017E000EE101A4CF2C002C2F2D3
:108980000002002139600621B8EEC00B01231360FC
:1089900090ED021B00F10802013981EE001B80ED11
:1089A000021B1046F4D107B0F0BD00BF0000C84262
:1089B0002DE9F04F91B00AAA0E460446A2F1080133
:1089C00040F2507040F28052C2F20000C2F2000247
:1089D000A0F10803083A06F11007032097ED020BF7
:1089E00092ED021B01F10805083730EE410B083209
:1089F00093ED021B0833013880EE010B81ED020B71
:108A00002946EBD103210DF12809CDE900114EF2E1
:108A1000102104F11800C2F2000103230122029286
:108A20004A46FFF729FD4DF250214CF2E852002052
:108A3000C2F20001C2F2000203E000BF08301828B1
:108A400015D0231891ED000B93ED061B20EE010BC2
:108A500083ED060BB5EE400BF1EE10FAEEDA1718C7
:108A600097ED001BA1EE000B83ED060BE6E74CF241
:108A7000E0500DF1100BC2F20000ABF10801A6F1BD
:108A8000080290ED000B032092ED021B01F1080398
:108A9000083221EE001B013881ED021B1946F3D18B
:108AA00040F2F06640F220750020C2F20006C2F2E9
:108AB000000500BF0BEB0001321891ED000B92EDA9
:108AC000001B291830EE410B91ED001B21180830D6
:108AD00080EE010B182881ED000BEBD140F20877F6
:108AE0004FF0000AC2F200074FF00308002000BF59
:108AF0000BEB0001321891ED000B92ED001B3918C1
:108B0000221831EE400B91ED002B92ED003B29181D
:108B100023EE021B91EE430B91ED001B09EB0001CC
:108B2000083080EE010B182881ED000BE0D14EF2E9
:108B3000C8110323012002902046C2F200014A46D8
:108B4000CDE90088FFF798FC0AF1010ABAF1030F9A
:108B5000CCD12046FFF7A4F94CF23010A4F1080163
:108B6000C2F20000A0F10802062000BF92ED020B45
:108B700091ED021B01F10803083231EE400B013880
:108B800081ED020B1946F1D111B0BDE8F08F000064
:108B9000B0B591ED0E0B0D46044601F0EDFA84EDF3
:108BA000040B95ED0C0B95ED101BB1EE400B01F095
:108BB000E8FA84ED020B95ED020B95ED081BB1EE82
:108BC000400B01F0DEFA84ED000B9FED2B1B9FEDB7
:108BD0002C0B002021180830182891ED002B22EED4
:108BE000013BB6EEC33BA3EE002B81ED002BF1D190
:108BF00094ED001BB5EE401BF1EE10FA05DC9FED85
:108C0000222B31EE021B84ED001B94ED022B9FED15
:108C1000201BB4EE412BF1EE10FA03DB32EE002BF9
:108C200084ED022B94ED023B9FED1B2BB4EE423BF7
:108C3000F1EE10FA05DC9FED144B33EE043B84EDAE
:108C4000023B94ED043BB4EE413BF1EE10FA03DB42
:108C500033EE000B84ED040B94ED040BB4EE420BE9
:108C6000F1EE10FAC8BFB0BD9FED071B30EE010B4F
:108C700084ED040BB0BD00BF83C8C96D305FC43F35
:108C8000182D4454FB2119C0182D4454FB211940C0
:108C9000182D4454FB210940182D4454FB2109C0D0
:108CA0004EF60C500422CEF20000C0F2FA52BFF38E
:108CB0004F8F016801F4E06111430160BFF34F8FF2
:108CC00000BFFDE70000000086B040F258464EF6B7
:108CD000145A44F20049C2F2004644F6000BCEF2A8
:108CE000000AC4F2000921203146002543F6E0784D
:108CF000C4F2000B60F35F11009101E03580F57064
:108D00004CF2A0404FF0FF31C2F2000001F0E4F954
:108D1000BFF34F8F009831462038CAF854122028EC
:108D200001F12001F8DC40F20C00C2F20040BFF378
:108D30004F8FBFF36F8F0560CAF87050BFF34F8F2E
:108D4000DAF86C10C1F34E30C1F3C9014F1C8C0727
:108D500008EA40132246394642EA0305013902F186
:108D60004042CAF86052F7D10028A0F10100EFD1CB
:108D7000BFF34F8FBFF36F8F30460FF26C5101F08E
:108D8000D8F9002800F0B6804FF000604AF80C0CCB
:108D900001F0FCF9BFF34F8FBFF36F8FDAF80000DB
:108DA00020F40030CAF800000020CAF83C02BFF3EB
:108DB0004F8FBFF36F8FCAF87000BFF34F8FDAF891
:108DC000000020F48030CAF80000BFF34F8FDAF8BB
:108DD0006C10C1F34E30C1F3C9014F1C8C0700BFAA
:108DE00008EA40132246394642EA0305013902F1F6
:108DF0004042CAF86052F7D10028A0F10100EFD13B
:108E0000BFF34F8FBFF36F8F59E8000F20F08060E2
:108E100049E800010029F7D147F6000545F20002B4
:108E2000C4F20005C4F200025BE8000F20F080608D
:108E30004BE800010029F7D152E8000F20F08060D4
:108E400042E800010029F7D155E8000F20F08060CA
:108E500045E800010029F7D1D9F800004EF2F007EB
:108E600020F00100C9F80000D9F80004C2F20007A0
:108E700020F00100C9F80004D9F8000C09F580645D
:108E800020F00100C9F8000C09F540600590286841
:108E900020F001002860384601F07DF905F5184002
:108EA00001F07EF9484601F07BF9204601F078F99F
:108EB000284601F075F9059801F072F90C21C4F209
:108EC0000001086820F0010008604FF08041086848
:108ED00020F0010008604FF0804001F066F941F297
:108EE0000040C4F2000001F060F9384601F053F987
:108EF00001F060F930787178B37880F05500F2783D
:108F000081F0AA01084383F05501084382F0AA01C9
:108F1000327908430492377A82F05A0172790593C4
:108F2000B3790843039282F0A501F279084383F0F4
:108F30005A01084382F0A501019308430292747A12
:108F400096F80AE0337B96F80BC0717BB27B08BFC2
:108F5000BB2F15D1782C08BFBEF1560F10D1BCF134
:108F6000340F08BF122B0BD1782908BF562A07D11E
:108F7000F57B342D04D1357C122D00F0558100BFD6
:108F8000B0FA80F0A7F1DD05B5FA85F540096D0965
:108F900028400025012815D1402C08BFBEF1640FE0
:108FA00010D1BCF1000F08BFB02B0BD1042908BFB2
:108FB000582A07D14EF614500421C2F20000358021
:108FC000F57001703078DDE90121552826D17078DF
:108FD000AA2804BF0598552820D1F078AA2804BFF4
:108FE00004985A281AD10398A52808BF5A2A15D1DF
:108FF000A52908BF552F11D1782C08BFBEF1580FF5
:109000000CD1BCF13F0F08BF4E2B07D14EF61450C8
:109010003580C2F20000F570057000BF3078552829
:1090200016D17078AA2804BF0598552810D1F07879
:10903000AA2804BF04985A280AD10398A52808BF73
:109040005A2A05D1A52908BFCC2F00F0BA8000BF4D
:109050003078552804BF7078AA2879D1B07855287F
:1090600004BFF078AA2873D130795A2804BF7079E8
:10907000A5286DD1B0795A2804BFF079A52867D109
:10908000307AAE2864D106F108010020182200BF12
:1090900011F8013F013A1844FAD1C0B296F82110F4
:1090A000884253D1D6F80900D6F80D1000EE100A08
:1090B000D6F8190001EE100AD6F81D0002EE101ABB
:1090C00003EE100AD6F815004DF2B82430EE010A6E
:1090D000C2F2000432EE031A02EE100AD6F81100B2
:1090E0004DF62077B7EEC00A03EE100A4DF2482085
:1090F000B7EEC11AB7EEC22AC2F2000084EC060B2A
:10910000B7EEC30AC2F2000780ED000B3846FEF747
:1091100067FA4CF2D8000121C2F20000032294EC5D
:10912000060B01604CF26820C2F2000080EC060BD6
:109130004CF25840C2F2000097EC060B80EC060B94
:1091400042F2B170C2F200008265C1653580F570EF
:109150003078552804BF7078AA287FF4D1ADB07854
:10916000552804BFF078AA287FF4CAAD30795A2870
:1091700004BF7079A5287FF4C3ADB0795A2804BF25
:10918000F079A5287FF4BCAD307ADD287FF4B8AD46
:1091900006F108010020052211F8013F013A1844A8
:1091A000FAD1C0B2B17B88427FF4A8AD707A00F0EA
:1091B000F001302924D0202924D0102928D10121E0
:1091C00021E006F1080100204FF4B47211F8013FCC
:1091D000013A1844FAD1C0B296F8711188427FF46E
:1091E00037AF41F2600006F109014FF4B472C2F2E8
:1091F000004000F0E4FF00F0E7FF3580F57027E75E
:10920000032100E002214EF61452C2F20002117056
:1092100000F00F0004287FF471AD4EF634510420A5
:10922000C2F20001086069E500203080F07000BFE4
:1092300059E8000F20F0806049E800010029F7D1CB
:1092400047F6000245F20003C4F20002C4F2000334
:109250005BE8000F20F080604BE800010029F7D1A7
:1092600053E8000F20F0806043E800010029F7D1A7
:1092700052E8000F20F0806042E800010029F7D199
:10928000D9F800004EF2100420F00100C9F80000E7
:10929000D9F80004CEF2000420F00100C9F800045F
:1092A000D9F8000C002520F00100C9F8000C106866
:1092B00020F001001060012080F3108825606560B7
:1092C000A56000F086FF4FF0FF3000BF04EB850182
:1092D0000135082DC1F87001C1F87002F6D10120E6
:1092E00080F31388FFF7DCFC245550444154454D6E
:1092F00041494E000000000098B04EF6687944F2F3
:10930000004440F2440B40F2F80742F2B0764DF6CA
:10931000D0609FEDD98B9FEDDA9B9FEDDBAB9FED8E
:10932000DCBBCEF20009C4F20004C3F2000BC3F2AE
:109330000007C2F20006C2F200000CAD4FF0000AB6
:10934000083805904CF2C400C2F20000006840B139
:109350004EF63851C2F20001086840EAE070013070
:10936000086040F20843AA20C2F200038BF8000014
:109370003870A44678701878B870411CFF20CAB2C3
:10938000C82A88BF012119704EF63451C2F200017B
:10939000F8703078097800F00F00307040EA011062
:1093A0008BF802004CF220200599C2F2000090EDEB
:1093B000000B48F24440B1EE401BC2F2010038EE0F
:1093C000402BB5EE400BF1EE10FA007832FE010BA7
:1093D00001EE100A40F27850C2F20000B8EE411AD5
:1093E00080ED000B6FF0070091ED022B2A1808307A
:1093F000B7EEC22B2828C1E902AA01F1080182EECA
:10940000012AB7EEC22A82ED022BEDD19DED121B8F
:1094100048F24440BDEEC11BC2F201009DED0C2B91
:1094200080F800A011EE100ABDEEC22B9DED0E3BA0
:109430009DED104BCBF8100012EE103A9DED141B71
:10944000BDEEC11B11EE101ACBF814109DED161BCA
:10945000BDEEC11B11EE102ABDEEC31BBDEEC43B19
:10946000CBF8182011EE104ACBF81C3013EE106A1E
:10947000CBF82040CBF8246078604EF61450C2F24E
:109480000000B960FA603B617C61BE6100780F2822
:1094900000F23E83DFE810F0100058008100000168
:1094A0006C01AD01DF01110247027902A902EC0251
:1094B000F502FF02090326034EF638508BF801A08F
:1094C000C2F2000042F2B171C2F2000144F6C002E1
:1094D0000068CBF804004EF2D800C2F20002C2F2DB
:1094E00000000068CBF808004EF64850049BC2F21A
:1094F0000000006800284EF66C40C2F20000C8BFB1
:10950000102300680028C8BF2033886DC96D49004A
:109510000028C8BF013144F61010926CC2F200005E
:109520001944002A01F10C02006C0493C8BF1146D3
:1095300000284EF61450C8BF1146C2F20000CBF806
:109540000C1001210170E9E220EE090B01208BF8DB
:109550000100082120EE0A0BBDEEC00B10EE100A30
:10956000CBF804004CF22020C2F2000090ED040B76
:1095700090ED021B20EE090B21EE091B20EE0A0BD9
:1095800021EE0A1BBDEEC00BBDEEC11B10EE100A92
:10959000CBF8080011EE100A1FE220EE090B0221A1
:1095A0008BF8011020EE0A0BBDEEC00B10EE100A76
:1095B000CBF804004CF22020C2F2000090ED040B26
:1095C00090ED021B20EE090B21EE091B20EE0A0B89
:1095D00021EE0A1BBDEEC00BBDEEC11B10EE100A42
:1095E000CBF8080011EE100ACBF80C004CF260101A
:1095F000C2F2000090ED061B90ED083B21EE0A1B25
:1096000090ED0A4B23EE0A3B21EE091B24EE0A4B98
:1096100023EE093BBDEEC11B90ED000B24EE094B80
:10962000BDEEC33B90ED022B90ED045B20EE090BE9
:1096300022EE092B11EE100ABDEEC41BBDEEC00BCD
:1096400025EE094BCBF8100013EE100ACBF81400EE
:1096500011EE100ABDEEC21BCBF8180010EE100A76
:10966000BDEEC42BCBF81C0011EE100ACBF8200085
:1096700012EE100A54E100BF182D4454FB2119408A
:1096800000000000006AF840F8C1631ADCA54C40F5
:10969000000000000000594020EE090B4CF2202190
:1096A000C2F2000103228BF8012020EE0A0BBDEE6E
:1096B000C00B10EE100ACBF8040091ED040B91EDF5
:1096C000021B20EE090B21EE091B91ED062B20EE6B
:1096D0000A0B21EE0A1B91ED083BBDEEC00B22EEFA
:1096E000092BBDEEC11B23EE093B10EE100ABDEEA7
:1096F000C20BCBF8080011EE100ABDEEC32BCBF85D
:109700000C0010EE100ACBF8100012EE100ACBF885
:10971000140091ED0A0B20EE090BBDEEC00B10EE0C
:10972000100ACBF8180091ED0C0B20EE090B20EE7F
:109730000A0BBDEEC00B10EE100ACBF81C0091ED29
:109740000E0B20EE090B20EE0A0BBDEEC00B10EE47
:10975000100ACBF820004EF63850C2F20000006824
:10976000CBF824004EF61450C2F200000270D5E18E
:1097700004218BF801104EF6F04100EBC000C2F25C
:10978000000141F26002C2F200420978084402EB93
:10979000800050F8902C019250E9233650E9214E78
:1097A00050F87C2C039250E91E820292019ACBF869
:1097B0000420CBF80830CBF80C60CBF81040CBF885
:1097C00014E0039ACBF81820CBF81C80029ACBF84F
:1097D000202050F8700CCBF8240031B140F25040FA
:1097E000C2F200000068CBF804004EF614500521C8
:1097F000F7E005218BF801104EF6F04100EBC000B8
:10980000C2F200010978084441F26001C2F200414D
:1098100001EB8000A0F18C0650F8901C02914CCE18
:1098200050E9204E50F8781C039150F8748C02993E
:10983000CBF80410CBF80820CBF80C30CBF8106034
:10984000CBF81440CBF818E00399CBF81C10CBF8F8
:109850002080062162E006218BF801104EF6F041CF
:1098600000EBC000C2F200010978084441F2600137
:10987000C2F2004101EB8000A0F18C0650F8901C70
:1098800002914CCE50E9204E50F8781C039150F8CC
:10989000748C0299CBF80410CBF80820CBF80C306C
:1098A000CBF81060CBF81440CBF818E00399CBF854
:1098B0001C10CBF82080072130E007218BF8011025
:1098C0004EF6F04100EBC000C2F2000109780844F6
:1098D00041F26001C2F2004101EB8000A0F18C0670
:1098E00050F8901C02914CCE50E9204E50F8781C54
:1098F000039150F8748C0299CBF80410CBF808202F
:10990000CBF80C30CBF81060CBF81440CBF818E053
:109910000399CBF81C10CBF820800A2150F8700C6A
:10992000CBF824005BE044F6F85145F6DC52C2F275
:10993000000108208BF801008818061D895806913F
:109940004ECE07919DED060B20EE090BBDEEC00B30
:1099500010EE101ACBF80410CDE908239DED080B8A
:1099600020EE090BBDEEC00B10EE101ACBF808105C
:1099700009214069CDE90A609DED0A0B20EE090B33
:10998000BDEEC00B10EE100A27E009208BF8010095
:109990004CF220200B21C2F2000090ED0C0B90ED58
:1099A0000E1B20EE090B21EE091B90ED102B20EE73
:1099B0000A0B21EE0A1B22EE0B2BBDEEC00BBDEEF7
:1099C000C11BBDEEC22B10EE100ACBF8040011EE45
:1099D000100ACBF8080012EE100ACBF80C004EF675
:1099E0001450C2F20000017098E00A218BF80110B7
:1099F0004EF6F04100EBC000C2F2000141F26002FD
:109A0000C2F2004209780844002902EB800050E9C4
:109A100036E350E9346450F8C82C039250F8C42C53
:109A2000029250E930820192CBF804E0CBF8083082
:109A3000CBF80C60CBF81040039ACBF81420029AB4
:109A4000CBF81820CBF81C80019ACBF8202050F8D6
:109A5000B80CCBF824004EF61450C2F2000000F00F
:109A6000E58080F800A04EF6F040C2F2000053E01E
:109A70000B208BF8010042F2F0500C21C2F20000E2
:109A80001CE00C208BF8010042F2F0500D21C2F2D4
:109A90000000183012E00D208BF8010042F2F05067
:109AA0000E21C2F20000303008E00E208BF80100D9
:109AB00042F2F0500F21C2F20000483090EC060B49
:109AC000B7EEC00B4EF61450B7EEC11BC2F2000049
:109AD000B7EEC22B8BED010A8BED021A8BED032A38
:109AE00001701BE00F208BF8010042F2F050C2F22F
:109AF0000000603090EC060BB7EEC00BB7EEC11B58
:109B0000B7EEC22B8BED010A8BED021A8BED032A07
:109B10004EF61450C2F2000080F800A06646002005
:109B20004FF0FF310BEB0102013123295279104430
:109B3000F8D19BF801105C469BF8022008441044C1
:109B40008BF80300BFF34F8F0BF01F00483000BFAE
:109B50002038C9F800B020280BF1200BF8DC40F2C7
:109B6000004B4FF00068BFF34F8FC4F2020B06F5B5
:109B70008060BFF36F8FCBF808800321282300900B
:109B800058462246FEF740FA4FF608400321CFF62A
:109B9000FF7028234BF80080A34606F5DE305A46B6
:109BA00034460096FEF730FA42F2B0764EF2D80113
:109BB000C2F20006C2F2000130780988013030702C
:109BC0000802B883BB20F87700204FF0FF3100BFB8
:109BD0007A1801311929527980EA0200F8D1B87750
:109BE00007F01F00BFF34F8F443039462038C9F8C3
:109BF0000010202801F12001F8DC40F20042202072
:109C0000BFF34F8FC4F202020021BFF36F8F906049
:109C100004F540602023009010463A46FEF7F4F920
:109C20004FF47A7000F0DAFAFFF78CBB0421017070
:109C30004EF6F0412D20C2F2000108706EE70000E0
:109C400040F200054CF2FC094EF2E00A40F21847DF
:109C50004EF6BC4B4EF2D428C3F200050026C2F2E9
:109C60000009C2F2000AC2F20047C2F2000BC2F2BF
:109C7000000802E00A2000F0B1FA28880128F9D192
:109C80002E8089F800609AF80000C82880F0B08023
:109C900038788028EED100204FF0FF317A1801315A
:109CA0000E2992781044F9D1397C00F07F00884267
:109CB000E0D178783B79B9784EF2E404FA7800F094
:109CC0007F0001F07F01C2F20004890302F07F02ED
:109CD00041EA405003F07F0140EAC2107A79BB7933
:109CE000084402F07F01206040F31B0003F07F0274
:109CF000FB79920342EA4151CBF8140003F07F0252
:109D00003B7A012441EAC21103F07F0288184EF227
:109D1000E801C2F20001BA7A7B7B0860797A40F3ED
:109D20001B00CBF81000F87A01F07F0102F07F02EF
:109D3000920300F07F0042EA41513A7B41EAC010B1
:109D4000B97B02F07F02104440F21062C2F20002BE
:109D500001F07001890014704EF2EC0241EA4321D7
:109D6000C2F2000209B2106040F31B00CBF80C00F5
:109D700088114EF2D801C2F2000108604CF2AC0129
:109D8000C2F200014EF6B840C2F200000968CBF8FA
:109D900000104CF2A8010068C2F2000100EB400084
:109DA0000968CBF804104CF2B001C2F20001096856
:109DB000CBF808104DF2D021C2F2000101EBC00037
:109DC000011F6FF0030000BF0BEB000204301428EA
:109DD00092ED010A01F10402B8EEC00A81ED010A18
:109DE0001146F1D18A203874404600F0FCF941E771
:109DF000012080F31388FEF753FF000000000000ED
:109E000040F214454EF258264EF6A0474CF2C408D4
:109E100048F2A064C5F60205C2F20006C2F20007CD
:109E2000C2F200084FF00109C0F2010403E000BFD4
:109E3000204600F0D3F9286800F0800040EA004096
:109E400080F0800068603078013030703178386898
:109E50008842EDD2C8F800903070E9E700000000B9
:109E6000B0B52DED0A8B92ED02AB92ED00CB2AEE50
:109E70000A8B0D4692ED04BB0446ACEE0C8BABEEA8
:109E80000B8BB1EEC89BB4EE499BF1EE10FA78D67D
:109E90009FED3F0BB4EE409BF1EE10FA14DA9FED0C
:109EA0003E0BBCEE001B88EE000B9FED3D2BB6EE8B
:109EB000009B30EE011BB7EE000B88EE022BA8EEE4
:109EC000010BA8EE029B0DE0B6EE000B29EE008B15
:109ED000B0EE480B00F0ECF880EE099BB0EE480BBA
:109EE00000F0E1F82CEE093B95ED024B2AEE092B30
:109EF00023EE444B95ED005B2BEE091B95ED046BB7
:109F000095ED067BA0EE054BA2EE464BA1EE474B2E
:109F100084ED004B95EC044B23EE044B95ED067B52
:109F200095ED046BA0EE054BA2EE074BA1EE464B60
:109F300084ED024B95ED064B95ED046B23EE444BFF
:109F400095ED005B95ED027BA0EE064BA2EE054B76
:109F5000A1EE074B84ED044B95ED044B95ED026BA0
:109F600023EE043B95ED064B95ED005BA0EE043B24
:109F7000A2EE463BA1EE053B84ED063BBDEC0A8B11
:109F8000B0BDB0EE480B00F0EDF8B0EE409B7FE7BF
:109F90002342920CA19CC73B0000000000007840C7
:109FA000000000000000AE40B0B582B044F6581486
:109FB000C2F200042046FCF7F3F84CF2AC00012397
:109FC000C2F20000FF25D4E9001201604CF2A800A3
:109FD000C2F20000A168009502604CF2B000C2F22B
:109FE000000001AA016007208DF805004EF2F00084
:109FF000C2F200000DF1050100F050F800284FF00A
:10A00000060018BF8DF804508DF807004EF2F000DE
:10A010009DF80440C2F200000DF107010DF10602A7
:10A020000123009500F03AF8002840F61E011CBFFD
:10A03000FF208DF806009DF806009FED111B00F033
:10A040000F0044EA0020081A00EE100A42F21050F5
:10A05000C2F20000B8EEC00B20EE010BB7EEC00B51
:10A0600080ED000A44F66810C2F20000BDEEC01A8E
:10A0700011EE101A018002B0B0BD00BF00BF00BFDA
:10A08000E17D6B647519264042F2911CC0F6000C0C
:10A09000604742F6A97CC0F6010C604742F6312CBD
:10A0A000C0F6000C604744F6015CC0F6010C604746
:10A0B00044F6B15CC0F6010C604740F6271CC0F6C0
:10A0C000000C604749F6D96CC0F6000C604746F6B4
:10A0D000C96CC0F6000C604743F2E96CC0F6010C95
:10A0E00060474CF2315CC0F6000C60474EF6C94C3C
:10A0F000C0F6000C60474CF6A97CC0F6000C604727
:10A1000042F6615CC0F6010C604742F6095CC0F69D
:10A11000010C60474DF6192CC0F6000C60474EF25A
:10A12000F96CC0F6000C60474EF6B91CC0F6000C86
:10A13000604740F2837CC0F6000C604740F6271C65
:10A14000C0F6000C604740F2095CC0F6000C6047A6
:10A1500040F2A77CC0F6000C604740F66F0CC0F6DA
:10A16000000C604744F6616CC0F6010C604742F693
:10A17000B16CC0F6010C604744F2717CC0F6010C72
:10A18000604744F6393CC0F6010C604742F2413C5E
:10A19000C0F6000C604742F6811CC0F6000C604718
:10A1A00044F2312CC0F6000C604743F6A16CC0F6B7
:10A1B000000C604743F2D14CC0F6000C604740F2FF
:10A1C000E57CC0F6000C604746F2793CC0F6000C16
:10A1D000604742F2414CC0F6000C604743F6910CD8
:10A1E000C0F6010C604743F2996CC0F6010C604761
:10A1F00024255B5E2A5D000001FF01FF01FF01FFD6
:10A2000001FF01FF01FF01FF01FF01FF01FF01FF4E
:10A2100001FF01FF01FF01FF01FF01EB01FF01FF52
:10A2200001FF01FF01FF01FF01FF01FF01FF01FF2E
:0CA2300001FF01FF01FF01FF012D0000F4
:020000040812E0
:1000000000000000000000000000000000000000F0
:1000100000000000000000000000000000000000E0
:1000200000000000000000000000000000000000D0
:1000300000000000000000000000000000000000C0
:1000400000000000000000000000000000000000B0
:1000500000000000000000000000000000000000A0
:100060000000000000000000000000000000000090
:100070000000000000000000000000000000000080
:100080000000000000000000000000000000000070
:100090000000000000000000000000000000000060
:1000A0000000000000000000000000000000000050
:1000B0000000000000000000000000000000000040
:1000C0000000000000000000000000000000000030
:1000D0000000000000000000000000000000000020
:1000E0000000000000000000000000000000000010
:1000F0000000000000000000000000000000000000
:1001000000000000000000000000000000000000EF
:1001100000000000000000000000000000000000DF
:1001200000000000000000000000000000000000CF
:1001300000000000000000000000000000000000BF
:1001400000000000000000000000000000000000AF
:10015000000000000000000000000000000000009F
:10016000000000000000000000000000000000008F
:10017000000000000000000000000000000000007F
:10018000000000000000000000000000000000006F
:10019000000000000000000000000000000000005F
:1001A000000000000000000000000000000000004F
:1001B000000000000000000000000000000000003F
:1001C000000000000000000000000000000000002F
:1001D000000000000000000000000000000000001F
:1001E000000000000000000000000000000000000F
:1001F00000000000000000000000000000000000FF
:1002000000000000000000000000000000000000EE
:1002100000000000000000000000000000000000DE
:1002200000000000000000000000000000000000CE
:1002300000000000000000000000000000000000BE
:1002400000000000000000000000000000000000AE
:10025000000000000000000000000000000000009E
:10026000000000000000000000000000000000008E
:10027000000000000000000000000000000000007E
:10028000000000000000000000000000000000006E
:10029000000000000000000000000000000000005E
:1002A000000000000000000000000000000000004E
:1002B000000000000000000000000000000000003E
:1002C000000000000000000000000000000000002E
:1002D000000000000000000000000000000000001E
:1002E000000000000000000000000000000000000E
:1002F00000000000000000000000000000000000FE
:1003000000000000000000000000000000000000ED
:1003100000000000000000000000000000000000DD
:1003200000000000000000000000000000000000CD
:1003300000000000000000000000000000000000BD
:1003400000000000000000000000000000000000AD
:10035000000000000000000000000000000000009D
:10036000000000000000000000000000000000008D
:10037000000000000000000000000000000000007D
:10038000000000000000000000000000000000006D
:10039000000000000000000000000000000000005D
:1003A000000000000000000000000000000000004D
:1003B000000000000000000000000000000000003D
:1003C000000000000000000000000000000000002D
:1003D000000000000000000000000000000000001D
:1003E000000000000000000000000000000000000D
:1003F00000000000000000000000000000000000FD
:1004000000000000000000000000000000000000EC
:1004100000000000000000000000000000000000DC
:1004200000000000000000000000000000000000CC
:1004300000000000000000000000000000000000BC
:1004400000000000000000000000000000000000AC
:10045000000000000000000000000000000000009C
:10046000000000000000000000000000000000008C
:10047000000000000000000000000000000000007C
:10048000000000000000000000000000000000006C
:10049000000000000000000000000000000000005C
:1004A000000000000000000000000000000000004C
:1004B000000000000000000000000000000000003C
:1004C000000000000000000000000000000000002C
:1004D000000000000000000000000000000000001C
:1004E000000000000000000000000000000000000C
:1004F00000000000000000000000000000000000FC
:1005000000000000000000000000000000000000EB
:1005100000000000000000000000000000000000DB
:1005200000000000000000000000000000000000CB
:1005300000000000000000000000000000000000BB
:1005400000000000000000000000000000000000AB
:10055000000000000000000000000000000000009B
:10056000000000000000000000000000000000008B
:10057000000000000000000000000000000000007B
:10058000000000000000000000000000000000006B
:10059000000000000000000000000000000000005B
:1005A000000000000000000000000000000000004B
:1005B000000000000000000000000000000000003B
:1005C000000000000000000000000000000000002B
:1005D000000000000000000000000000000000001B
:1005E000000000000000000000000000000000000B
:1005F00000000000000000000000000000000000FB
:1006000000000000000000000000000000000000EA
:1006100000000000000000000000000000000000DA
:1006200000000000000000000000000000000000CA
:1006300000000000000000000000000000000000BA
:1006400000000000000000000000000000000000AA
:10065000000000000000000000000000000000009A
:10066000000000000000000000000000000000008A
:10067000000000000000000000000000000000007A
:10068000000000000000000000000000000000006A
:10069000000000000000000000000000000000005A
:1006A000000000000000000000000000000000004A
:1006B000000000000000000000000000000000003A
:1006C000000000000000000000000000000000002A
:1006D000000000000000000000000000000000001A
:1006E000000000000000000000000000000000000A
:1006F00000000000000000000000000000000000FA
:1007000000000000000000000000000000000000E9
:1007100000000000000000000000000000000000D9
:1007200000000000000000000000000000000000C9
:1007300000000000000000000000000000000000B9
:1007400000000000000000000000000000000000A9
:100750000000000000000000000000000000000099
:100760000000000000000000000000000000000089
:100770000000000000000000000000000000000079
:100780000000000000000000000000000000000069
:100790000000000000000000000000000000000059
:1007A0000000000000000000000000000000000049
:1007B0000000000000000000000000000000000039
:1007C0000000000000000000000000000000000029
:1007D0000000000000000000000000000000000019
:1007E0000000000000000000000000000000000009
:1007F00000000000000000000000000000000000F9
:1008000000000000000000000000000000000000E8
:1008100000000000000000000000000000000000D8
:1008200000000000000000000000000000000000C8
:1008300000000000000000000000000000000000B8
:1008400000000000000000000000000000000000A8
:100850000000000000000000000000000000000098
:100860000000000000000000000000000000000088
:100870000000000000000000000000000000000078
:100880000000000000000000000000000000000068
:100890000000000000000000000000000000000058
:1008A0000000000000000000000000000000000048
:1008B0000000000000000000000000000000000038
:1008C0000000000000000000000000000000000028
:1008D0000000000000000000000000000000000018
:1008E0000000000000000000000000000000000008
:1008F00000000000000000000000000000000000F8
:1009000000000000000000000000000000000000E7
:1009100000000000000000000000000000000000D7
:1009200000000000000000000000000000000000C7
:1009300000000000000000000000000000000000B7
:1009400000000000000000000000000000000000A7
:100950000000000000000000000000000000000097
:100960000000000000000000000000000000000087
:100970000000000000000000000000000000000077
:100980000000000000000000000000000000000067
:100990000000000000000000000000000000000057
:1009A0000000000000000000000000000000000047
:1009B0000000000000000000000000000000000037
:1009C0000000000000000000000000000000000027
:1009D0000000000000000000000000000000000017
:1009E0000000000000000000000000000000000007
:1009F00000000000000000000000000000000000F7
:100A000000000000000000000000000000000000E6
:100A100000000000000000000000000000000000D6
:100A200000000000000000000000000000000000C6
:100A300000000000000000000000000000000000B6
:100A400000000000000000000000000000000000A6
:100A50000000000000000000000000000000000096
:100A60000000000000000000000000000000000086
:100A70000000000000000000000000000000000076
:100A80000000000000000000000000000000000066
:100A90000000000000000000000000000000000056
:100AA0000000000000000000000000000000000046
:100AB0000000000000000000000000000000000036
:100AC0000000000000000000000000000000000026
:100AD0000000000000000000000000000000000016
:100AE0000000000000000000000000000000000006
:100AF00000000000000000000000000000000000F6
:100B000000000000000000000000000000000000E5
:100B100000000000000000000000000000000000D5
:100B200000000000000000000000000000000000C5
:100B300000000000000000000000000000000000B5
:100B400000000000000000000000000000000000A5
:100B50000000000000000000000000000000000095
:100B60000000000000000000000000000000000085
:100B70000000000000000000000000000000000075
:100B80000000000000000000000000000000000065
:100B90000000000000000000000000000000000055
:100BA0000000000000000000000000000000000045
:100BB0000000000000000000000000000000000035
:100BC0000000000000000000000000000000000025
:100BD0000000000000000000000000000000000015
:100BE0000000000000000000000000000000000005
:100BF00000000000000000000000000000000000F5
:100C000000000000000000000000000000000000E4
:100C100000000000000000000000000000000000D4
:100C200000000000000000000000000000000000C4
:100C300000000000000000000000000000000000B4
:100C400000000000000000000000000000000000A4
:100C50000000000000000000000000000000000094
:100C60000000000000000000000000000000000084
:100C70000000000000000000000000000000000074
:100C80000000000000000000000000000000000064
:100C90000000000000000000000000000000000054
:100CA0000000000000000000000000000000000044
:100CB0000000000000000000000000000000000034
:100CC0000000000000000000000000000000000024
:100CD0000000000000000000000000000000000014
:100CE0000000000000000000000000000000000004
:100CF00000000000000000000000000000000000F4
:100D000000000000000000000000000000000000E3
:100D100000000000000000000000000000000000D3
:100D200000000000000000000000000000000000C3
:100D300000000000000000000000000000000000B3
:100D400000000000000000000000000000000000A3
:100D50000000000000000000000000000000000093
:100D60000000000000000000000000000000000083
:100D70000000000000000000000000000000000073
:100D80000000000000000000000000000000000063
:100D90000000000000000000000000000000000053
:100DA0000000000000000000000000000000000043
:100DB0000000000000000000000000000000000033
:100DC0000000000000000000000000000000000023
:100DD0000000000000000000000000000000000013
:100DE0000000000000000000000000000000000003
:100DF00000000000000000000000000000000000F3
:100E000000000000000000000000000000000000E2
:100E100000000000000000000000000000000000D2
:100E200000000000000000000000000000000000C2
:100E300000000000000000000000000000000000B2
:100E400000000000000000000000000000000000A2
:100E50000000000000000000000000000000000092
:100E60000000000000000000000000000000000082
:100E70000000000000000000000000000000000072
:100E80000000000000000000000000000000000062
:100E90000000000000000000000000000000000052
:100EA0000000000000000000000000000000000042
:100EB0000000000000000000000000000000000032
:100EC0000000000000000000000000000000000022
:100ED0000000000000000000000000000000000012
:100EE0000000000000000000000000000000000002
:100EF00000000000000000000000000000000000F2
:100F000000000000000000000000000000000000E1
:100F100000000000000000000000000000000000D1
:100F200000000000000000000000000000000000C1
:100F300000000000000000000000000000000000B1
:100F400000000000000000000000000000000000A1
:100F50000000000000000000000000000000000091
:100F60000000000000000000000000000000000081
:100F70000000000000000000000000000000000071
:100F80000000000000000000000000000000000061
:100F90000000000000000000000000000000000051
:100FA0000000000000000000000000000000000041
:100FB0000000000000000000000000000000000031
:100FC0000000000000000000000000000000000021
:100FD0000000000000000000000000000000000011
:100FE0000000000000000000000000000000000001
:100FF00000000000000000000000000000000000F1
:1010000000000000000000000000000000000000E0
:1010100000000000000000000000000000000000D0
:1010200000000000000000000000000000000000C0
:1010300000000000000000000000000000000000B0
:1010400000000000000000000000000000000000A0
:101050000000000000000000000000000000000090
:101060000000000000000000000000000000000080
:101070000000000000000000000000000000000070
:101080000000000000000000000000000000000060
:101090000000000000000000000000000000000050
:1010A0000000000000000000000000000000000040
:1010B0000000000000000000000000000000000030
:1010C0000000000000000000000000000000000020
:1010D0000000000000000000000000000000000010
:1010E0000000000000000000000000000000000000
:1010F00000000000000000000000000000000000F0
:1011000000000000000000000000000000000000DF
:1011100000000000000000000000000000000000CF
:1011200000000000000000000000000000000000BF
:1011300000000000000000000000000000000000AF
:10114000000000000000000000000000000000009F
:10115000000000000000000000000000000000008F
:10116000000000000000000000000000000000007F
:10117000000000000000000000000000000000006F
:10118000000000000000000000000000000000005F
:10119000000000000000000000000000000000004F
:1011A000000000000000000000000000000000003F
:1011B000000000000000000000000000000000002F
:1011C000000000000000000000000000000000001F
:1011D000000000000000000000000000000000000F
:1011E00000000000000000000000000000000000FF
:1011F00000000000000000000000000000000000EF
:1012000000000000000000000000000000000000DE
:1012100000000000000000000000000000000000CE
:1012200000000000000000000000000000000000BE
:1012300000000000000000000000000000000000AE
:10124000000000000000000000000000000000009E
:10125000000000000000000000000000000000008E
:10126000000000000000000000000000000000007E
:10127000000000000000000000000000000000006E
:10128000000000000000000000000000000000005E
:10129000000000000000000000000000000000004E
:1012A000000000000000000000000000000000003E
:1012B000000000000000000000000000000000002E
:1012C000000000000000000000000000000000001E
:1012D000000000000000000000000000000000000E
:1012E00000000000000000000000000000000000FE
:1012F00000000000000000000000000000000000EE
:1013000000000000000000000000000000000000DD
:1013100000000000000000000000000000000000CD
:1013200000000000000000000000000000000000BD
:1013300000000000000000000000000000000000AD
:10134000000000000000000000000000000000009D
:10135000000000000000000000000000000000008D
:10136000000000000000000000000000000000007D
:10137000000000000000000000000000000000006D
:10138000000000000000000000000000000000005D
:10139000000000000000000000000000000000004D
:1013A000000000000000000000000000000000003D
:1013B000000000000000000000000000000000002D
:1013C000000000000000000000000000000000001D
:1013D000000000000000000000000000000000000D
:1013E00000000000000000000000000000000000FD
:1013F00000000000000000000000000000000000ED
:1014000000000000000000000000000000000000DC
:1014100000000000000000000000000000000000CC
:1014200000000000000000000000000000000000BC
:1014300000000000000000000000000000000000AC
:10144000000000000000000000000000000000009C
:10145000000000000000000000000000000000008C
:10146000000000000000000000000000000000007C
:10147000000000000000000000000000000000006C
:10148000000000000000000000000000000000005C
:10149000000000000000000000000000000000004C
:1014A000000000000000000000000000000000003C
:1014B000000000000000000000000000000000002C
:1014C000000000000000000000000000000000001C
:1014D000000000000000000000000000000000000C
:1014E00000000000000000000000000000000000FC
:1014F00000000000000000000000000000000000EC
:1015000000000000000000000000000000000000DB
:1015100000000000000000000000000000000000CB
:1015200000000000000000000000000000000000BB
:1015300000000000000000000000000000000000AB
:10154000000000000000000000000000000000009B
:10155000000000000000000000000000000000008B
:10156000000000000000000000000000000000007B
:10157000000000000000000000000000000000006B
:10158000000000000000000000000000000000005B
:10159000000000000000000000000000000000004B
:1015A000000000000000000000000000000000003B
:1015B000000000000000000000000000000000002B
:1015C000000000000000000000000000000000001B
:1015D000000000000000000000000000000000000B
:1015E00000000000000000000000000000000000FB
:1015F00000000000000000000000000000000000EB
:1016000000000000000000000000000000000000DA
:1016100000000000000000000000000000000000CA
:1016200000000000000000000000000000000000BA
:1016300000000000000000000000000000000000AA
:10164000000000000000000000000000000000009A
:10165000000000000000000000000000000000008A
:10166000000000000000000000000000000000007A
:10167000000000000000000000000000000000006A
:10168000000000000000000000000000000000005A
:10169000000000000000000000000000000000004A
:1016A000000000000000000000000000000000003A
:1016B000000000000000000000000000000000002A
:1016C000000000000000000000000000000000001A
:1016D000000000000000000000000000000000000A
:1016E00000000000000000000000000000000000FA
:1016F00000000000000000000000000000000000EA
:1017000000000000000000000000000000000000D9
:1017100000000000000000000000000000000000C9
:1017200000000000000000000000000000000000B9
:1017300000000000000000000000000000000000A9
:101740000000000000000000000000000000000099
:101750000000000000000000000000000000000089
:101760000000000000000000000000000000000079
:101770000000000000000000000000000000000069
:101780000000000000000000000000000000000059
:101790000000000000000000000000000000000049
:1017A0000000000000000000000000000000000039
:1017B0000000000000000000000000000000000029
:1017C0000000000000000000000000000000000019
:1017D0000000000000000000000000000000000009
:1017E00000000000000000000000000000000000F9
:1017F00000000000000000000000000000000000E9
:1018000000000000000000000000000000000000D8
:1018100000000000000000000000000000000000C8
:1018200000000000000000000000000000000000B8
:1018300000000000000000000000000000000000A8
:101840000000000000000000000000000000000098
:101850000000000000000000000000000000000088
:101860000000000000000000000000000000000078
:101870000000000000000000000000000000000068
:101880000000000000000000000000000000000058
:101890000000000000000000000000000000000048
:1018A0000000000000000000000000000000000038
:1018B0000000000000000000000000000000000028
:1018C0000000000000000000000000000000000018
:1018D0000000000000000000000000000000000008
:1018E00000000000000000000000000000000000F8
:1018F00000000000000000000000000000000000E8
:1019000000000000000000000000000000000000D7
:1019100000000000000000000000000000000000C7
:1019200000000000000000000000000000000000B7
:1019300000000000000000000000000000000000A7
:101940000000000000000000000000000000000097
:101950000000000000000000000000000000000087
:101960000000000000000000000000000000000077
:101970000000000000000000000000000000000067
:101980000000000000000000000000000000000057
:101990000000000000000000000000000000000047
:1019A0000000000000000000000000000000000037
:1019B0000000000000000000000000000000000027
:1019C0000000000000000000000000000000000017
:1019D0000000000000000000000000000000000007
:1019E00000000000000000000000000000000000F7
:1019F00000000000000000000000000000000000E7
:101A000000000000000000000000000000000000D6
:101A100000000000000000000000000000000000C6
:101A200000000000000000000000000000000000B6
:101A300000000000000000000000000000000000A6
:101A40000000000000000000000000000000000096
:101A50000000000000000000000000000000000086
:101A60000000000000000000000000000000000076
:101A70000000000000000000000000000000000066
:101A80000000000000000000000000000000000056
:101A90000000000000000000000000000000000046
:101AA0000000000000000000000000000000000036
:101AB0000000000000000000000000000000000026
:101AC0000000000000000000000000000000000016
:101AD0000000000000000000000000000000000006
:101AE00000000000000000000000000000000000F6
:101AF00000000000000000000000000000000000E6
:101B000000000000000000000000000000000000D5
:101B100000000000000000000000000000000000C5
:101B200000000000000000000000000000000000B5
:101B300000000000000000000000000000000000A5
:101B40000000000000000000000000000000000095
:101B50000000000000000000000000000000000085
:101B60000000000000000000000000000000000075
:101B70000000000000000000000000000000000065
:101B80000000000000000000000000000000000055
:101B90000000000000000000000000000000000045
:101BA0000000000000000000000000000000000035
:101BB0000000000000000000000000000000000025
:101BC0000000000000000000000000000000000015
:101BD0000000000000000000000000000000000005
:101BE00000000000000000000000000000000000F5
:101BF00000000000000000000000000000000000E5
:101C000000000000000000000000000000000000D4
:101C100000000000000000000000000000000000C4
:101C200000000000000000000000000000000000B4
:101C300000000000000000000000000000000000A4
:101C40000000000000000000000000000000000094
:101C50000000000000000000000000000000000084
:101C60000000000000000000000000000000000074
:101C70000000000000000000000000000000000064
:101C80000000000000000000000000000000000054
:101C90000000000000000000000000000000000044
:101CA0000000000000000000000000000000000034
:101CB0000000000000000000000000000000000024
:101CC0000000000000000000000000000000000014
:101CD0000000000000000000000000000000000004
:101CE00000000000000000000000000000000000F4
:101CF00000000000000000000000000000000000E4
:101D000000000000000000000000000000000000D3
:101D100000000000000000000000000000000000C3
:101D200000000000000000000000000000000000B3
:101D300000000000000000000000000000000000A3
:101D40000000000000000000000000000000000093
:101D50000000000000000000000000000000000083
:101D60000000000000000000000000000000000073
:101D70000000000000000000000000000000000063
:101D80000000000000000000000000000000000053
:101D90000000000000000000000000000000000043
:101DA0000000000000000000000000000000000033
:101DB0000000000000000000000000000000000023
:101DC0000000000000000000000000000000000013
:101DD0000000000000000000000000000000000003
:101DE00000000000000000000000000000000000F3
:101DF00000000000000000000000000000000000E3
:101E000000000000000000000000000000000000D2
:101E100000000000000000000000000000000000C2
:101E200000000000000000000000000000000000B2
:101E300000000000000000000000000000000000A2
:101E40000000000000000000000000000000000092
:101E50000000000000000000000000000000000082
:101E60000000000000000000000000000000000072
:101E70000000000000000000000000000000000062
:101E80000000000000000000000000000000000052
:101E90000000000000000000000000000000000042
:101EA0000000000000000000000000000000000032
:101EB0000000000000000000000000000000000022
:101EC0000000000000000000000000000000000012
:101ED0000000000000000000000000000000000002
:101EE00000000000000000000000000000000000F2
:101EF00000000000000000000000000000000000E2
:101F000000000000000000000000000000000000D1
:101F100000000000000000000000000000000000C1
:101F200000000000000000000000000000000000B1
:101F300000000000000000000000000000000000A1
:101F40000000000000000000000000000000000091
:101F50000000000000000000000000000000000081
:101F60000000000000000000000000000000000071
:101F70000000000000000000000000000000000061
:101F80000000000000000000000000000000000051
:101F90000000000000000000000000000000000041
:101FA0000000000000000000000000000000000031
:101FB0000000000000000000000000000000000021
:101FC0000000000000000000000000000000000011
:101FD0000000000000000000000000000000000001
:101FE00000000000000000000000000000000000F1
:101FF00000000000000000000000000000000000E1
:1020000000000000000000000000000000000000D0
:1020100000000000000000000000000000000000C0
:1020200000000000000000000000000000000000B0
:1020300000000000000000000000000000000000A0
:102040000000000000000000000000000000000090
:102050000000000000000000000000000000000080
:102060000000000000000000000000000000000070
:102070000000000000000000000000000000000060
:102080000000000000000000000000000000000050
:102090000000000000000000000000000000000040
:1020A0000000000000000000000000000000000030
:1020B0000000000000000000000000000000000020
:1020C0000000000000000000000000000000000010
:1020D0000000000000000000000000000000000000
:1020E00000000000000000000000000000000000F0
:1020F00000000000000000000000000000000000E0
:1021000000000000000000000000000000000000CF
:1021100000000000000000000000000000000000BF
:1021200000000000000000000000000000000000AF
:10213000000000000000000000000000000000009F
:10214000000000000000000000000000000000008F
:10215000000000000000000000000000000000007F
:10216000000000000000000000000000000000006F
:10217000000000000000000000000000000000005F
:10218000000000000000000000000000000000004F
:10219000000000000000000000000000000000003F
:1021A000000000000000000000000000000000002F
:1021B000000000000000000000000000000000001F
:1021C000000000000000000000000000000000000F
:1021D00000000000000000000000000000000000FF
:1021E00000000000000000000000000000000000EF
:1021F00000000000000000000000000000000000DF
:1022000000000000000000000000000000000000CE
:1022100000000000000000000000000000000000BE
:1022200000000000000000000000000000000000AE
:10223000000000000000000000000000000000009E
:10224000000000000000000000000000000000008E
:10225000000000000000000000000000000000007E
:10226000000000000000000000000000000000006E
:10227000000000000000000000000000000000005E
:10228000000000000000000000000000000000004E
:10229000000000000000000000000000000000003E
:1022A000000000000000000000000000000000002E
:1022B000000000000000000000000000000000001E
:1022C000000000000000000000000000000000000E
:1022D00000000000000000000000000000000000FE
:1022E00000000000000000000000000000000000EE
:1022F00000000000000000000000000000000000DE
:1023000000000000000000000000000000000000CD
:1023100000000000000000000000000000000000BD
:1023200000000000000000000000000000000000AD
:10233000000000000000000000000000000000009D
:10234000000000000000000000000000000000008D
:10235000000000000000000000000000000000007D
:10236000000000000000000000000000000000006D
:10237000000000000000000000000000000000005D
:10238000000000000000000000000000000000004D
:10239000000000000000000000000000000000003D
:1023A000000000000000000000000000000000002D
:1023B000000000000000000000000000000000001D
:1023C000000000000000000000000000000000000D
:1023D00000000000000000000000000000000000FD
:1023E00000000000000000000000000000000000ED
:1023F00000000000000000000000000000000000DD
:1024000000000000000000000000000000000000CC
:1024100000000000000000000000000000000000BC
:1024200000000000000000000000000000000000AC
:10243000000000000000000000000000000000009C
:10244000000000000000000000000000000000008C
:10245000000000000000000000000000000000007C
:10246000000000000000000000000000000000006C
:10247000000000000000000000000000000000005C
:10248000000000000000000000000000000000004C
:10249000000000000000000000000000000000003C
:1024A000000000000000000000000000000000002C
:1024B000000000000000000000000000000000001C
:1024C000000000000000000000000000000000000C
:1024D00000000000000000000000000000000000FC
:1024E00000000000000000000000000000000000EC
:1024F00000000000000000000000000000000000DC
:1025000000000000000000000000000000000000CB
:1025100000000000000000000000000000000000BB
:1025200000000000000000000000000000000000AB
:10253000000000000000000000000000000000009B
:10254000000000000000000000000000000000008B
:10255000000000000000000000000000000000007B
:10256000000000000000000000000000000000006B
:10257000000000000000000000000000000000005B
:10258000000000000000000000000000000000004B
:10259000000000000000000000000000000000003B
:1025A000000000000000000000000000000000002B
:1025B000000000000000000000000000000000001B
:1025C000000000000000000000000000000000000B
:1025D00000000000000000000000000000000000FB
:1025E00000000000000000000000000000000000EB
:1025F00000000000000000000000000000000000DB
:1026000000000000000000000000000000000000CA
:1026100000000000000000000000000000000000BA
:1026200000000000000000000000000000000000AA
:10263000000000000000000000000000000000009A
:10264000000000000000000000000000000000008A
:10265000000000000000000000000000000000007A
:10266000000000000000000000000000000000006A
:10267000000000000000000000000000000000005A
:10268000000000000000000000000000000000004A
:10269000000000000000000000000000000000003A
:1026A000000000000000000000000000000000002A
:1026B000000000000000000000000000000000001A
:1026C000000000000000000000000000000000000A
:1026D00000000000000000000000000000000000FA
:1026E00000000000000000000000000000000000EA
:1026F00000000000000000000000000000000000DA
:1027000000000000000000000000000000000000C9
:1027100000000000000000000000000000000000B9
:1027200000000000000000000000000000000000A9
:102730000000000000000000000000000000000099
:102740000000000000000000000000000000000089
:102750000000000000000000000000000000000079
:102760000000000000000000000000000000000069
:102770000000000000000000000000000000000059
:102780000000000000000000000000000000000049
:102790000000000000000000000000000000000039
:1027A0000000000000000000000000000000000029
:1027B0000000000000000000000000000000000019
:1027C0000000000000000000000000000000000009
:1027D00000000000000000000000000000000000F9
:1027E00000000000000000000000000000000000E9
:1027F00000000000000000000000000000000000D9
:1028000000000000000000000000000000000000C8
:1028100000000000000000000000000000000000B8
:1028200000000000000000000000000000000000A8
:102830000000000000000000000000000000000098
:102840000000000000000000000000000000000088
:102850000000000000000000000000000000000078
:102860000000000000000000000000000000000068
:102870000000000000000000000000000000000058
:102880000000000000000000000000000000000048
:102890000000000000000000000000000000000038
:1028A0000000000000000000000000000000000028
:1028B0000000000000000000000000000000000018
:1028C0000000000000000000000000000000000008
:1028D00000000000000000000000000000000000F8
:1028E00000000000000000000000000000000000E8
:1028F00000000000000000000000000000000000D8
:1029000000000000000000000000000000000000C7
:1029100000000000000000000000000000000000B7
:1029200000000000000000000000000000000000A7
:102930000000000000000000000000000000000097
:102940000000000000000000000000000000000087
:102950000000000000000000000000000000000077
:102960000000000000000000000000000000000067
:102970000000000000000000000000000000000057
:102980000000000000000000000000000000000047
:102990000000000000000000000000000000000037
:1029A0000000000000000000000000000000000027
:1029B0000000000000000000000000000000000017
:1029C0000000000000000000000000000000000007
:1029D00000000000000000000000000000000000F7
:1029E00000000000000000000000000000000000E7
:1029F00000000000000000000000000000000000D7
:102A000000000000000000000000000000000000C6
:102A100000000000000000000000000000000000B6
:102A200000000000000000000000000000000000A6
:102A30000000000000000000000000000000000096
:102A40000000000000000000000000000000000086
:102A50000000000000000000000000000000000076
:102A60000000000000000000000000000000000066
:102A70000000000000000000000000000000000056
:102A80000000000000000000000000000000000046
:102A90000000000000000000000000000000000036
:102AA0000000000000000000000000000000000026
:102AB0000000000000000000000000000000000016
:102AC0000000000000000000000000000000000006
:102AD00000000000000000000000000000000000F6
:102AE00000000000000000000000000000000000E6
:102AF00000000000000000000000000000000000D6
:102B000000000000000000000000000000000000C5
:102B100000000000000000000000000000000000B5
:102B200000000000000000000000000000000000A5
:102B30000000000000000000000000000000000095
:102B40000000000000000000000000000000000085
:102B50000000000000000000000000000000000075
:102B60000000000000000000000000000000000065
:102B70000000000000000000000000000000000055
:102B80000000000000000000000000000000000045
:102B90000000000000000000000000000000000035
:102BA0000000000000000000000000000000000025
:102BB0000000000000000000000000000000000015
:102BC0000000000000000000000000000000000005
:102BD00000000000000000000000000000000000F5
:102BE00000000000000000000000000000000000E5
:102BF00000000000000000000000000000000000D5
:102C000000000000000000000000000000000000C4
:102C100000000000000000000000000000000000B4
:102C200000000000000000000000000000000000A4
:102C30000000000000000000000000000000000094
:102C40000000000000000000000000000000000084
:102C50000000000000000000000000000000000074
:102C60000000000000000000000000000000000064
:102C70000000000000000000000000000000000054
:102C80000000000000000000000000000000000044
:102C90000000000000000000000000000000000034
:102CA0000000000000000000000000000000000024
:102CB0000000000000000000000000000000000014
:102CC0000000000000000000000000000000000004
:102CD00000000000000000000000000000000000F4
:102CE00000000000000000000000000000000000E4
:102CF00000000000000000000000000000000000D4
:102D000000000000000000000000000000000000C3
:102D100000000000000000000000000000000000B3
:102D200000000000000000000000000000000000A3
:102D30000000000000000000000000000000000093
:102D40000000000000000000000000000000000083
:102D50000000000000000000000000000000000073
:102D60000000000000000000000000000000000063
:102D70000000000000000000000000000000000053
:102D80000000000000000000000000000000000043
:102D90000000000000000000000000000000000033
:102DA0000000000000000000000000000000000023
:102DB0000000000000000000000000000000000013
:102DC0000000000000000000000000000000000003
:102DD00000000000000000000000000000000000F3
:102DE00000000000000000000000000000000000E3
:102DF00000000000000000000000000000000000D3
:102E000000000000000000000000000000000000C2
:102E100000000000000000000000000000000000B2
:102E200000000000000000000000000000000000A2
:102E30000000000000000000000000000000000092
:102E40000000000000000000000000000000000082
:102E50000000000000000000000000000000000072
:102E60000000000000000000000000000000000062
:102E70000000000000000000000000000000000052
:102E80000000000000000000000000000000000042
:102E90000000000000000000000000000000000032
:102EA0000000000000000000000000000000000022
:102EB0000000000000000000000000000000000012
:102EC0000000000000000000000000000000000002
:102ED00000000000000000000000000000000000F2
:102EE00000000000000000000000000000000000E2
:102EF00000000000000000000000000000000000D2
:102F000000000000000000000000000000000000C1
:102F100000000000000000000000000000000000B1
:102F200000000000000000000000000000000000A1
:102F30000000000000000000000000000000000091
:102F40000000000000000000000000000000000081
:102F50000000000000000000000000000000000071
:102F60000000000000000000000000000000000061
:102F70000000000000000000000000000000000051
:102F80000000000000000000000000000000000041
:102F90000000000000000000000000000000000031
:102FA0000000000000000000000000000000000021
:102FB0000000000000000000000000000000000011
:102FC0000000000000000000000000000000000001
:102FD00000000000000000000000000000000000F1
:102FE00000000000000000000000000000000000E1
:102FF00000000000000000000000000000000000D1
:1030000000000000000000000000000000000000C0
:1030100000000000000000000000000000000000B0
:1030200000000000000000000000000000000000A0
:103030000000000000000000000000000000000090
:103040000000000000000000000000000000000080
:103050000000000000000000000000000000000070
:103060000000000000000000000000000000000060
:103070000000000000000000000000000000000050
:103080000000000000000000000000000000000040
:103090000000000000000000000000000000000030
:1030A0000000000000000000000000000000000020
:1030B0000000000000000000000000000000000010
:1030C0000000000000000000000000000000000000
:1030D00000000000000000000000000000000000F0
:1030E00000000000000000000000000000000000E0
:1030F00000000000000000000000000000000000D0
:1031000000000000000000000000000000000000BF
:1031100000000000000000000000000000000000AF
:10312000000000000000000000000000000000009F
:10313000000000000000000000000000000000008F
:10314000000000000000000000000000000000007F
:10315000000000000000000000000000000000006F
:10316000000000000000000000000000000000005F
:10317000000000000000000000000000000000004F
:10318000000000000000000000000000000000003F
:10319000000000000000000000000000000000002F
:1031A000000000000000000000000000000000001F
:1031B000000000000000000000000000000000000F
:1031C00000000000000000000000000000000000FF
:1031D00000000000000000000000000000000000EF
:1031E00000000000000000000000000000000000DF
:1031F00000000000000000000000000000000000CF
:1032000000000000000000000000000000000000BE
:1032100000000000000000000000000000000000AE
:10322000000000000000000000000000000000009E
:10323000000000000000000000000000000000008E
:10324000000000000000000000000000000000007E
:10325000000000000000000000000000000000006E
:10326000000000000000000000000000000000005E
:10327000000000000000000000000000000000004E
:10328000000000000000000000000000000000003E
:10329000000000000000000000000000000000002E
:1032A000000000000000000000000000000000001E
:1032B000000000000000000000000000000000000E
:1032C00000000000000000000000000000000000FE
:1032D00000000000000000000000000000000000EE
:1032E00000000000000000000000000000000000DE
:1032F00000000000000000000000000000000000CE
:1033000000000000000000000000000000000000BD
:1033100000000000000000000000000000000000AD
:10332000000000000000000000000000000000009D
:10333000000000000000000000000000000000008D
:10334000000000000000000000000000000000007D
:10335000000000000000000000000000000000006D
:10336000000000000000000000000000000000005D
:10337000000000000000000000000000000000004D
:10338000000000000000000000000000000000003D
:10339000000000000000000000000000000000002D
:1033A000000000000000000000000000000000001D
:1033B000000000000000000000000000000000000D
:1033C00000000000000000000000000000000000FD
:1033D00000000000000000000000000000000000ED
:1033E00000000000000000000000000000000000DD
:1033F00000000000000000000000000000000000CD
:1034000000000000000000000000000000000000BC
:1034100000000000000000000000000000000000AC
:10342000000000000000000000000000000000009C
:10343000000000000000000000000000000000008C
:10344000000000000000000000000000000000007C
:10345000000000000000000000000000000000006C
:10346000000000000000000000000000000000005C
:10347000000000000000000000000000000000004C
:10348000000000000000000000000000000000003C
:10349000000000000000000000000000000000002C
:1034A000000000000000000000000000000000001C
:1034B000000000000000000000000000000000000C
:1034C00000000000000000000000000000000000FC
:1034D00000000000000000000000000000000000EC
:1034E00000000000000000000000000000000000DC
:1034F00000000000000000000000000000000000CC
:1035000000000000000000000000000000000000BB
:1035100000000000000000000000000000000000AB
:10352000000000000000000000000000000000009B
:10353000000000000000000000000000000000008B
:10354000000000000000000000000000000000007B
:10355000000000000000000000000000000000006B
:10356000000000000000000000000000000000005B
:10357000000000000000000000000000000000004B
:10358000000000000000000000000000000000003B
:10359000000000000000000000000000000000002B
:1035A000000000000000000000000000000000001B
:1035B000000000000000000000000000000000000B
:1035C00000000000000000000000000000000000FB
:1035D00000000000000000000000000000000000EB
:1035E00000000000000000000000000000000000DB
:1035F00000000000000000000000000000000000CB
:1036000000000000000000000000000000000000BA
:1036100000000000000000000000000000000000AA
:10362000000000000000000000000000000000009A
:10363000000000000000000000000000000000008A
:10364000000000000000000000000000000000007A
:10365000000000000000000000000000000000006A
:10366000000000000000000000000000000000005A
:10367000000000000000000000000000000000004A
:10368000000000000000000000000000000000003A
:10369000000000000000000000000000000000002A
:1036A000000000000000000000000000000000001A
:1036B000000000000000000000000000000000000A
:1036C00000000000000000000000000000000000FA
:1036D00000000000000000000000000000000000EA
:1036E00000000000000000000000000000000000DA
:1036F00000000000000000000000000000000000CA
:1037000000000000000000000000000000000000B9
:1037100000000000000000000000000000000000A9
:103720000000000000000000000000000000000099
:103730000000000000000000000000000000000089
:103740000000000000000000000000000000000079
:103750000000000000000000000000000000000069
:103760000000000000000000000000000000000059
:103770000000000000000000000000000000000049
:103780000000000000000000000000000000000039
:103790000000000000000000000000000000000029
:1037A0000000000000000000000000000000000019
:1037B0000000000000000000000000000000000009
:1037C00000000000000000000000000000000000F9
:1037D00000000000000000000000000000000000E9
:1037E00000000000000000000000000000000000D9
:1037F00000000000000000000000000000000000C9
:1038000000000000000000000000000000000000B8
:1038100000000000000000000000000000000000A8
:103820000000000000000000000000000000000098
:103830000000000000000000000000000000000088
:103840000000000000000000000000000000000078
:103850000000000000000000000000000000000068
:103860000000000000000000000000000000000058
:103870000000000000000000000000000000000048
:103880000000000000000000000000000000000038
:103890000000000000000000000000000000000028
:1038A0000000000000000000000000000000000018
:1038B0000000000000000000000000000000000008
:1038C00000000000000000000000000000000000F8
:1038D00000000000000000000000000000000000E8
:1038E00000000000000000000000000000000000D8
:1038F00000000000000000000000000000000000C8
:1039000000000000000000000000000000000000B7
:1039100000000000000000000000000000000000A7
:103920000000000000000000000000000000000097
:103930000000000000000000000000000000000087
:103940000000000000000000000000000000000077
:103950000000000000000000000000000000000067
:103960000000000000000000000000000000000057
:103970000000000000000000000000000000000047
:103980000000000000000000000000000000000037
:103990000000000000000000000000000000000027
:1039A0000000000000000000000000000000000017
:1039B0000000000000000000000000000000000007
:1039C00000000000000000000000000000000000F7
:1039D00000000000000000000000000000000000E7
:1039E00000000000000000000000000000000000D7
:1039F00000000000000000000000000000000000C7
:103A000000000000000000000000000000000000B6
:103A100000000000000000000000000000000000A6
:103A20000000000000000000000000000000000096
:103A30000000000000000000000000000000000086
:103A40000000000000000000000000000000000076
:103A50000000000000000000000000000000000066
:103A60000000000000000000000000000000000056
:103A70000000000000000000000000000000000046
:103A80000000000000000000000000000000000036
:103A90000000000000000000000000000000000026
:103AA0000000000000000000000000000000000016
:103AB0000000000000000000000000000000000006
:103AC00000000000000000000000000000000000F6
:103AD00000000000000000000000000000000000E6
:103AE00000000000000000000000000000000000D6
:103AF00000000000000000000000000000000000C6
:103B000000000000000000000000000000000000B5
:103B100000000000000000000000000000000000A5
:103B20000000000000000000000000000000000095
:103B30000000000000000000000000000000000085
:103B40000000000000000000000000000000000075
:103B50000000000000000000000000000000000065
:103B60000000000000000000000000000000000055
:103B70000000000000000000000000000000000045
:103B80000000000000000000000000000000000035
:103B90000000000000000000000000000000000025
:103BA0000000000000000000000000000000000015
:103BB0000000000000000000000000000000000005
:103BC00000000000000000000000000000000000F5
:103BD00000000000000000000000000000000000E5
:103BE00000000000000000000000000000000000D5
:103BF00000000000000000000000000000000000C5
:103C000000000000000000000000000000000000B4
:103C100000000000000000000000000000000000A4
:103C20000000000000000000000000000000000094
:103C30000000000000000000000000000000000084
:103C40000000000000000000000000000000000074
:103C50000000000000000000000000000000000064
:103C60000000000000000000000000000000000054
:103C70000000000000000000000000000000000044
:103C80000000000000000000000000000000000034
:103C90000000000000000000000000000000000024
:103CA0000000000000000000000000000000000014
:103CB0000000000000000000000000000000000004
:103CC00000000000000000000000000000000000F4
:103CD00000000000000000000000000000000000E4
:103CE00000000000000000000000000000000000D4
:103CF00000000000000000000000000000000000C4
:103D000000000000000000000000000000000000B3
:103D100000000000000000000000000000000000A3
:103D20000000000000000000000000000000000093
:103D30000000000000000000000000000000000083
:103D40000000000000000000000000000000000073
:103D50000000000000000000000000000000000063
:103D60000000000000000000000000000000000053
:103D70000000000000000000000000000000000043
:103D80000000000000000000000000000000000033
:103D90000000000000000000000000000000000023
:103DA0000000000000000000000000000000000013
:103DB0000000000000000000000000000000000003
:103DC00000000000000000000000000000000000F3
:103DD00000000000000000000000000000000000E3
:103DE00000000000000000000000000000000000D3
:103DF00000000000000000000000000000000000C3
:103E000000000000000000000000000000000000B2
:103E100000000000000000000000000000000000A2
:103E20000000000000000000000000000000000092
:103E30000000000000000000000000000000000082
:103E40000000000000000000000000000000000072
:103E50000000000000000000000000000000000062
:103E60000000000000000000000000000000000052
:103E70000000000000000000000000000000000042
:103E80000000000000000000000000000000000032
:103E90000000000000000000000000000000000022
:103EA0000000000000000000000000000000000012
:103EB0000000000000000000000000000000000002
:103EC00000000000000000000000000000000000F2
:103ED00000000000000000000000000000000000E2
:103EE00000000000000000000000000000000000D2
:103EF00000000000000000000000000000000000C2
:103F000000000000000000000000000000000000B1
:103F100000000000000000000000000000000000A1
:103F20000000000000000000000000000000000091
:103F30000000000000000000000000000000000081
:103F40000000000000000000000000000000000071
:103F50000000000000000000000000000000000061
:103F60000000000000000000000000000000000051
:103F70000000000000000000000000000000000041
:103F80000000000000000000000000000000000031
:103F90000000000000000000000000000000000021
:103FA0000000000000000000000000000000000011
:103FB0000000000000000000000000000000000001
:103FC00000000000000000000000000000000000F1
:103FD00000000000000000000000000000000000E1
:103FE00000000000000000000000000000000000D1
:103FF00000000000000000000000000000000000C1
:1040000000000000000000000000000000000000B0
:1040100000000000000000000000000000000000A0
:104020000000000000000000000000000000000090
:104030000000000000000000000000000000000080
:104040000000000000000000000000000000000070
:104050000000000000000000000000000000000060
:104060000000000000000000000000000000000050
:104070000000000000000000000000000000000040
:104080000000000000000000000000000000000030
:104090000000000000000000000000000000000020
:1040A0000000000000000000000000000000000010
:1040B0000000000000000000000000000000000000
:1040C00000000000000000000000000000000000F0
:1040D00000000000000000000000000000000000E0
:1040E00000000000000000000000000000000000D0
:1040F00000000000000000000000000000000000C0
:1041000000000000000000000000000000000000AF
:10411000000000000000000000000000000000009F
:10412000000000000000000000000000000000008F
:10413000000000000000000000000000000000007F
:10414000000000000000000000000000000000006F
:10415000000000000000000000000000000000005F
:10416000000000000000000000000000000000004F
:10417000000000000000000000000000000000003F
:10418000000000000000000000000000000000002F
:10419000000000000000000000000000000000001F
:1041A000000000000000000000000000000000000F
:1041B00000000000000000000000000000000000FF
:1041C00000000000000000000000000000000000EF
:1041D00000000000000000000000000000000000DF
:1041E00000000000000000000000000000000000CF
:1041F00000000000000000000000000000000000BF
:1042000000000000000000000000000000000000AE
:10421000000000000000000000000000000000009E
:10422000000000000000000000000000000000008E
:10423000000000000000000000000000000000007E
:10424000000000000000000000000000000000006E
:10425000000000000000000000000000000000005E
:10426000000000000000000000000000000000004E
:10427000000000000000000000000000000000003E
:10428000000000000000000000000000000000002E
:10429000000000000000000000000000000000001E
:1042A000000000000000000000000000000000000E
:1042B00000000000000000000000000000000000FE
:1042C00000000000000000000000000000000000EE
:1042D00000000000000000000000000000000000DE
:1042E00000000000000000000000000000000000CE
:1042F00000000000000000000000000000000000BE
:1043000000000000000000000000000000000000AD
:10431000000000000000000000000000000000009D
:10432000000000000000000000000000000000008D
:10433000000000000000000000000000000000007D
:10434000000000000000000000000000000000006D
:10435000000000000000000000000000000000005D
:10436000000000000000000000000000000000004D
:10437000000000000000000000000000000000003D
:10438000000000000000000000000000000000002D
:10439000000000000000000000000000000000001D
:1043A000000000000000000000000000000000000D
:1043B00000000000000000000000000000000000FD
:1043C00000000000000000000000000000000000ED
:1043D00000000000000000000000000000000000DD
:1043E00000000000000000000000000000000000CD
:1043F00000000000000000000000000000000000BD
:1044000000000000000000000000000000000000AC
:10441000000000000000000000000000000000009C
:10442000000000000000000000000000000000008C
:10443000000000000000000000000000000000007C
:10444000000000000000000000000000000000006C
:10445000000000000000000000000000000000005C
:10446000000000000000000000000000000000004C
:10447000000000000000000000000000000000003C
:10448000000000000000000000000000000000002C
:10449000000000000000000000000000000000001C
:1044A000000000000000000000000000000000000C
:1044B00000000000000000000000000000000000FC
:1044C00000000000000000000000000000000000EC
:1044D00000000000000000000000000000000000DC
:1044E00000000000000000000000000000000000CC
:1044F00000000000000000000000000000000000BC
:1045000000000000000000000000000000000000AB
:10451000000000000000000000000000000000009B
:10452000000000000000000000000000000000008B
:10453000000000000000000000000000000000007B
:10454000000000000000000000000000000000006B
:10455000000000000000000000000000000000005B
:10456000000000000000000000000000000000004B
:10457000000000000000000000000000000000003B
:10458000000000000000000000000000000000002B
:10459000000000000000000000000000000000001B
:1045A000000000000000000000000000000000000B
:1045B00000000000000000000000000000000000FB
:1045C00000000000000000000000000000000000EB
:1045D00000000000000000000000000000000000DB
:1045E00000000000000000000000000000000000CB
:1045F00000000000000000000000000000000000BB
:1046000000000000000000000000000000000000AA
:10461000000000000000000000000000000000009A
:10462000000000000000000000000000000000008A
:10463000000000000000000000000000000000007A
:10464000000000000000000000000000000000006A
:10465000000000000000000000000000000000005A
:10466000000000000000000000000000000000004A
:10467000000000000000000000000000000000003A
:10468000000000000000000000000000000000002A
:10469000000000000000000000000000000000001A
:1046A000000000000000000000000000000000000A
:1046B00000000000000000000000000000000000FA
:1046C00000000000000000000000000000000000EA
:1046D00000000000000000000000000000000000DA
:1046E00000000000000000000000000000000000CA
:1046F00000000000000000000000000000000000BA
:1047000000000000000000000000000000000000A9
:104710000000000000000000000000000000000099
:104720000000000000000000000000000000000089
:104730000000000000000000000000000000000079
:104740000000000000000000000000000000000069
:104750000000000000000000000000000000000059
:104760000000000000000000000000000000000049
:104770000000000000000000000000000000000039
:104780000000000000000000000000000000000029
:104790000000000000000000000000000000000019
:1047A0000000000000000000000000000000000009
:1047B00000000000000000000000000000000000F9
:1047C00000000000000000000000000000000000E9
:1047D00000000000000000000000000000000000D9
:1047E00000000000000000000000000000000000C9
:1047F00000000000000000000000000000000000B9
:1048000000000000000000000000000000000000A8
:104810000000000000000000000000000000000098
:104820000000000000000000000000000000000088
:104830000000000000000000000000000000000078
:104840000000000000000000000000000000000068
:104850000000000000000000000000000000000058
:104860000000000000000000000000000000000048
:104870000000000000000000000000000000000038
:104880000000000000000000000000000000000028
:104890000000000000000000000000000000000018
:1048A0000000000000000000000000000000000008
:1048B00000000000000000000000000000000000F8
:1048C00000000000000000000000000000000000E8
:1048D00000000000000000000000000000000000D8
:1048E00000000000000000000000000000000000C8
:1048F00000000000000000000000000000000000B8
:1049000000000000000000000000000000000000A7
:104910000000000000000000000000000000000097
:104920000000000000000000000000000000000087
:104930000000000000000000000000000000000077
:104940000000000000000000000000000000000067
:104950000000000000000000000000000000000057
:104960000000000000000000000000000000000047
:104970000000000000000000000000000000000037
:104980000000000000000000000000000000000027
:104990000000000000000000000000000000000017
:1049A0000000000000000000000000000000000007
:1049B00000000000000000000000000000000000F7
:1049C00000000000000000000000000000000000E7
:1049D00000000000000000000000000000000000D7
:1049E00000000000000000000000000000000000C7
:1049F00000000000000000000000000000000000B7
:104A000000000000000000000000000000000000A6
:104A10000000000000000000000000000000000096
:104A20000000000000000000000000000000000086
:104A30000000000000000000000000000000000076
:104A40000000000000000000000000000000000066
:104A50000000000000000000000000000000000056
:104A60000000000000000000000000000000000046
:104A70000000000000000000000000000000000036
:104A80000000000000000000000000000000000026
:104A90000000000000000000000000000000000016
:104AA0000000000000000000000000000000000006
:104AB00000000000000000000000000000000000F6
:104AC00000000000000000000000000000000000E6
:104AD00000000000000000000000000000000000D6
:104AE00000000000000000000000000000000000C6
:104AF00000000000000000000000000000000000B6
:104B000000000000000000000000000000000000A5
:104B10000000000000000000000000000000000095
:104B20000000000000000000000000000000000085
:104B30000000000000000000000000000000000075
:104B40000000000000000000000000000000000065
:104B50000000000000000000000000000000000055
:104B60000000000000000000000000000000000045
:104B70000000000000000000000000000000000035
:104B80000000000000000000000000000000000025
:104B90000000000000000000000000000000000015
:104BA0000000000000000000000000000000000005
:104BB00000000000000000000000000000000000F5
:104BC00000000000000000000000000000000000E5
:104BD00000000000000000000000000000000000D5
:104BE00000000000000000000000000000000000C5
:104BF00000000000000000000000000000000000B5
:104C000000000000000000000000000000000000A4
:104C10000000000000000000000000000000000094
:104C20000000000000000000000000000000000084
:104C30000000000000000000000000000000000074
:104C40000000000000000000000000000000000064
:104C50000000000000000000000000000000000054
:104C60000000000000000000000000000000000044
:104C70000000000000000000000000000000000034
:104C80000000000000000000000000000000000024
:104C90000000000000000000000000000000000014
:104CA0000000000000000000000000000000000004
:104CB00000000000000000000000000000000000F4
:104CC00000000000000000000000000000000000E4
:104CD00000000000000000000000000000000000D4
:104CE00000000000000000000000000000000000C4
:104CF00000000000000000000000000000000000B4
:104D000000000000000000000000000000000000A3
:104D10000000000000000000000000000000000093
:104D20000000000000000000000000000000000083
:104D30000000000000000000000000000000000073
:104D40000000000000000000000000000000000063
:104D50000000000000000000000000000000000053
:104D60000000000000000000000000000000000043
:104D70000000000000000000000000000000000033
:104D80000000000000000000000000000000000023
:104D90000000000000000000000000000000000013
:104DA0000000000000000000000000000000000003
:104DB00000000000000000000000000000000000F3
:104DC00000000000000000000000000000000000E3
:104DD00000000000000000000000000000000000D3
:104DE00000000000000000000000000000000000C3
:104DF00000000000000000000000000000000000B3
:104E000000000000000000000000000000000000A2
:104E10000000000000000000000000000000000092
:104E20000000000000000000000000000000000082
:104E30000000000000000000000000000000000072
:104E40000000000000000000000000000000000062
:104E50000000000000000000000000000000000052
:104E60000000000000000000000000000000000042
:104E70000000000000000000000000000000000032
:104E80000000000000000000000000000000000022
:104E90000000000000000000000000000000000012
:104EA0000000000000000000000000000000000002
:104EB00000000000000000000000000000000000F2
:104EC00000000000000000000000000000000000E2
:104ED00000000000000000000000000000000000D2
:104EE00000000000000000000000000000000000C2
:104EF00000000000000000000000000000000000B2
:104F000000000000000000000000000000000000A1
:104F10000000000000000000000000000000000091
:104F20000000000000000000000000000000000081
:104F30000000000000000000000000000000000071
:104F40000000000000000000000000000000000061
:104F50000000000000000000000000000000000051
:104F60000000000000000000000000000000000041
:104F70000000000000000000000000000000000031
:104F80000000000000000000000000000000000021
:104F90000000000000000000000000000000000011
:104FA0000000000000000000000000000000000001
:104FB00000000000000000000000000000000000F1
:104FC00000000000000000000000000000000000E1
:104FD00000000000000000000000000000000000D1
:104FE00000000000000000000000000000000000C1
:104FF00000000000000000000000000000000000B1
:1050000000000000000000000000000000000000A0
:105010000000000000000000000000000000000090
:105020000000000000000000000000000000000080
:105030000000000000000000000000000000000070
:105040000000000000000000000000000000000060
:105050000000000000000000000000000000000050
:105060000000000000000000000000000000000040
:105070000000000000000000000000000000000030
:105080000000000000000000000000000000000020
:105090000000000000000000000000000000000010
:1050A0000000000000000000000000000000000000
:1050B00000000000000000000000000000000000F0
:1050C00000000000000000000000000000000000E0
:1050D00000000000000000000000000000000000D0
:1050E00000000000000000000000000000000000C0
:1050F00000000000000000000000000000000000B0
:10510000000000000000000000000000000000009F
:10511000000000000000000000000000000000008F
:10512000000000000000000000000000000000007F
:10513000000000000000000000000000000000006F
:10514000000000000000000000000000000000005F
:10515000000000000000000000000000000000004F
:10516000000000000000000000000000000000003F
:10517000000000000000000000000000000000002F
:10518000000000000000000000000000000000001F
:10519000000000000000000000000000000000000F
:1051A00000000000000000000000000000000000FF
:1051B00000000000000000000000000000000000EF
:1051C00000000000000000000000000000000000DF
:1051D00000000000000000000000000000000000CF
:1051E00000000000000000000000000000000000BF
:1051F00000000000000000000000000000000000AF
:10520000000000000000000000000000000000009E
:10521000000000000000000000000000000000008E
:10522000000000000000000000000000000000007E
:10523000000000000000000000000000000000006E
:10524000000000000000000000000000000000005E
:10525000000000000000000000000000000000004E
:10526000000000000000000000000000000000003E
:10527000000000000000000000000000000000002E
:10528000000000000000000000000000000000001E
:10529000000000000000000000000000000000000E
:1052A00000000000000000000000000000000000FE
:1052B00000000000000000000000000000000000EE
:1052C00000000000000000000000000000000000DE
:1052D00000000000000000000000000000000000CE
:1052E00000000000000000000000000000000000BE
:1052F00000000000000000000000000000000000AE
:10530000000000000000000000000000000000009D
:10531000000000000000000000000000000000008D
:10532000000000000000000000000000000000007D
:10533000000000000000000000000000000000006D
:10534000000000000000000000000000000000005D
:10535000000000000000000000000000000000004D
:10536000000000000000000000000000000000003D
:10537000000000000000000000000000000000002D
:10538000000000000000000000000000000000001D
:10539000000000000000000000000000000000000D
:1053A00000000000000000000000000000000000FD
:1053B00000000000000000000000000000000000ED
:1053C00000000000000000000000000000000000DD
:1053D00000000000000000000000000000000000CD
:1053E00000000000000000000000000000000000BD
:1053F00000000000000000000000000000000000AD
:10540000000000000000000000000000000000009C
:10541000000000000000000000000000000000008C
:10542000000000000000000000000000000000007C
:10543000000000000000000000000000000000006C
:10544000000000000000000000000000000000005C
:10545000000000000000000000000000000000004C
:10546000000000000000000000000000000000003C
:10547000000000000000000000000000000000002C
:10548000000000000000000000000000000000001C
:10549000000000000000000000000000000000000C
:1054A00000000000000000000000000000000000FC
:1054B00000000000000000000000000000000000EC
:1054C00000000000000000000000000000000000DC
:1054D00000000000000000000000000000000000CC
:1054E00000000000000000000000000000000000BC
:1054F00000000000000000000000000000000000AC
:10550000000000000000000000000000000000009B
:10551000000000000000000000000000000000008B
:10552000000000000000000000000000000000007B
:10553000000000000000000000000000000000006B
:10554000000000000000000000000000000000005B
:10555000000000000000000000000000000000004B
:10556000000000000000000000000000000000003B
:10557000000000000000000000000000000000002B
:10558000000000000000000000000000000000001B
:10559000000000000000000000000000000000000B
:1055A00000000000000000000000000000000000FB
:1055B00000000000000000000000000000000000EB
:1055C00000000000000000000000000000000000DB
:1055D00000000000000000000000000000000000CB
:1055E00000000000000000000000000000000000BB
:1055F00000000000000000000000000000000000AB
:10560000000000000000000000000000000000009A
:10561000000000000000000000000000000000008A
:10562000000000000000000000000000000000007A
:10563000000000000000000000000000000000006A
:10564000000000000000000000000000000000005A
:10565000000000000000000000000000000000004A
:10566000000000000000000000000000000000003A
:10567000000000000000000000000000000000002A
:10568000000000000000000000000000000000001A
:10569000000000000000000000000000000000000A
:1056A00000000000000000000000000000000000FA
:1056B00000000000000000000000000000000000EA
:1056C00000000000000000000000000000000000DA
:1056D00000000000000000000000000000000000CA
:1056E00000000000000000000000000000000000BA
:1056F00000000000000000000000000000000000AA
:105700000000000000000000000000000000000099
:105710000000000000000000000000000000000089
:105720000000000000000000000000000000000079
:105730000000000000000000000000000000000069
:105740000000000000000000000000000000000059
:105750000000000000000000000000000000000049
:105760000000000000000000000000000000000039
:105770000000000000000000000000000000000029
:105780000000000000000000000000000000000019
:105790000000000000000000000000000000000009
:1057A00000000000000000000000000000000000F9
:1057B00000000000000000000000000000000000E9
:1057C00000000000000000000000000000000000D9
:1057D00000000000000000000000000000000000C9
:1057E00000000000000000000000000000000000B9
:1057F00000000000000000000000000000000000A9
:105800000000000000000000000000000000000098
:105810000000000000000000000000000000000088
:105820000000000000000000000000000000000078
:105830000000000000000000000000000000000068
:105840000000000000000000000000000000000058
:105850000000000000000000000000000000000048
:105860000000000000000000000000000000000038
:105870000000000000000000000000000000000028
:105880000000000000000000000000000000000018
:105890000000000000000000000000000000000008
:1058A00000000000000000000000000000000000F8
:1058B00000000000000000000000000000000000E8
:1058C00000000000000000000000000000000000D8
:1058D00000000000000000000000000000000000C8
:1058E00000000000000000000000000000000000B8
:1058F00000000000000000000000000000000000A8
:105900000000000000000000000000000000000097
:105910000000000000000000000000000000000087
:105920000000000000000000000000000000000077
:105930000000000000000000000000000000000067
:105940000000000000000000000000000000000057
:105950000000000000000000000000000000000047
:105960000000000000000000000000000000000037
:105970000000000000000000000000000000000027
:105980000000000000000000000000000000000017
:105990000000000000000000000000000000000007
:1059A00000000000000000000000000000000000F7
:1059B00000000000000000000000000000000000E7
:1059C00000000000000000000000000000000000D7
:1059D00000000000000000000000000000000000C7
:1059E00000000000000000000000000000000000B7
:1059F00000000000000000000000000000000000A7
:105A00000000000000000000000000000000000096
:105A10000000000000000000000000000000000086
:105A20000000000000000000000000000000000076
:105A30000000000000000000000000000000000066
:105A40000000000000000000000000000000000056
:105A50000000000000000000000000000000000046
:105A60000000000000000000000000000000000036
:105A70000000000000000000000000000000000026
:105A80000000000000000000000000000000000016
:105A90000000000000000000000000000000000006
:105AA00000000000000000000000000000000000F6
:105AB00000000000000000000000000000000000E6
:105AC00000000000000000000000000000000000D6
:105AD00000000000000000000000000000000000C6
:105AE00000000000000000000000000000000000B6
:105AF00000000000000000000000000000000000A6
:105B00000000000000000000000000000000000095
:105B10000000000000000000000000000000000085
:105B20000000000000000000000000000000000075
:105B30000000000000000000000000000000000065
:105B40000000000000000000000000000000000055
:105B50000000000000000000000000000000000045
:105B60000000000000000000000000000000000035
:105B70000000000000000000000000000000000025
:105B80000000000000000000000000000000000015
:105B90000000000000000000000000000000000005
:105BA00000000000000000000000000000000000F5
:105BB00000000000000000000000000000000000E5
:105BC00000000000000000000000000000000000D5
:105BD00000000000000000000000000000000000C5
:105BE00000000000000000000000000000000000B5
:105BF00000000000000000000000000000000000A5
:105C00000000000000000000000000000000000094
:105C10000000000000000000000000000000000084
:105C20000000000000000000000000000000000074
:105C30000000000000000000000000000000000064
:105C40000000000000000000000000000000000054
:105C50000000000000000000000000000000000044
:105C60000000000000000000000000000000000034
:105C70000000000000000000000000000000000024
:105C80000000000000000000000000000000000014
:105C90000000000000000000000000000000000004
:105CA00000000000000000000000000000000000F4
:105CB00000000000000000000000000000000000E4
:105CC00000000000000000000000000000000000D4
:105CD00000000000000000000000000000000000C4
:105CE00000000000000000000000000000000000B4
:105CF00000000000000000000000000000000000A4
:105D00000000000000000000000000000000000093
:105D10000000000000000000000000000000000083
:105D20000000000000000000000000000000000073
:105D30000000000000000000000000000000000063
:105D40000000000000000000000000000000000053
:105D50000000000000000000000000000000000043
:105D60000000000000000000000000000000000033
:105D70000000000000000000000000000000000023
:105D80000000000000000000000000000000000013
:105D90000000000000000000000000000000000003
:105DA00000000000000000000000000000000000F3
:105DB00000000000000000000000000000000000E3
:105DC00000000000000000000000000000000000D3
:105DD00000000000000000000000000000000000C3
:105DE00000000000000000000000000000000000B3
:105DF00000000000000000000000000000000000A3
:105E00000000000000000000000000000000000092
:105E10000000000000000000000000000000000082
:105E20000000000000000000000000000000000072
:105E30000000000000000000000000000000000062
:105E40000000000000000000000000000000000052
:105E50000000000000000000000000000000000042
:105E60000000000000000000000000000000000032
:105E70000000000000000000000000000000000022
:105E80000000000000000000000000000000000012
:105E90000000000000000000000000000000000002
:105EA00000000000000000000000000000000000F2
:105EB00000000000000000000000000000000000E2
:105EC00000000000000000000000000000000000D2
:105ED00000000000000000000000000000000000C2
:105EE00000000000000000000000000000000000B2
:105EF00000000000000000000000000000000000A2
:105F00000000000000000000000000000000000091
:105F10000000000000000000000000000000000081
:105F20000000000000000000000000000000000071
:105F30000000000000000000000000000000000061
:105F40000000000000000000000000000000000051
:105F50000000000000000000000000000000000041
:105F60000000000000000000000000000000000031
:105F70000000000000000000000000000000000021
:105F80000000000000000000000000000000000011
:105F90000000000000000000000000000000000001
:105FA00000000000000000000000000000000000F1
:105FB00000000000000000000000000000000000E1
:105FC00000000000000000000000000000000000D1
:105FD00000000000000000000000000000000000C1
:105FE00000000000000000000000000000000000B1
:105FF00000000000000000000000000000000000A1
:106000000000000000000000000000000000000090
:106010000000000000000000000000000000000080
:106020000000000000000000000000000000000070
:106030000000000000000000000000000000000060
:106040000000000000000000000000000000000050
:106050000000000000000000000000000000000040
:106060000000000000000000000000000000000030
:106070000000000000000000000000000000000020
:106080000000000000000000000000000000000010
:106090000000000000000000000000000000000000
:1060A00000000000000000000000000000000000F0
:1060B00000000000000000000000000000000000E0
:1060C00000000000000000000000000000000000D0
:1060D00000000000000000000000000000000000C0
:1060E00000000000000000000000000000000000B0
:1060F00000000000000000000000000000000000A0
:10610000000000000000000000000000000000008F
:10611000000000000000000000000000000000007F
:10612000000000000000000000000000000000006F
:10613000000000000000000000000000000000005F
:10614000000000000000000000000000000000004F
:10615000000000000000000000000000000000003F
:10616000000000000000000000000000000000002F
:10617000000000000000000000000000000000001F
:10618000000000000000000000000000000000000F
:1061900000000000000000000000000000000000FF
:1061A00000000000000000000000000000000000EF
:1061B00000000000000000000000000000000000DF
:1061C00000000000000000000000000000000000CF
:1061D00000000000000000000000000000000000BF
:1061E00000000000000000000000000000000000AF
:1061F000000000000000000000000000000000009F
:10620000000000000000000000000000000000008E
:10621000000000000000000000000000000000007E
:10622000000000000000000000000000000000006E
:10623000000000000000000000000000000000005E
:10624000000000000000000000000000000000004E
:10625000000000000000000000000000000000003E
:10626000000000000000000000000000000000002E
:10627000000000000000000000000000000000001E
:10628000000000000000000000000000000000000E
:1062900000000000000000000000000000000000FE
:1062A00000000000000000000000000000000000EE
:1062B00000000000000000000000000000000000DE
:1062C00000000000000000000000000000000000CE
:1062D00000000000000000000000000000000000BE
:1062E00000000000000000000000000000000000AE
:1062F000000000000000000000000000000000009E
:10630000000000000000000000000000000000008D
:10631000000000000000000000000000000000007D
:10632000000000000000000000000000000000006D
:10633000000000000000000000000000000000005D
:10634000000000000000000000000000000000004D
:10635000000000000000000000000000000000003D
:10636000000000000000000000000000000000002D
:10637000000000000000000000000000000000001D
:10638000000000000000000000000000000000000D
:1063900000000000000000000000000000000000FD
:1063A00000000000000000000000000000000000ED
:1063B00000000000000000000000000000000000DD
:1063C00000000000000000000000000000000000CD
:1063D00000000000000000000000000000000000BD
:1063E00000000000000000000000000000000000AD
:1063F000000000000000000000000000000000009D
:10640000000000000000000000000000000000008C
:10641000000000000000000000000000000000007C
:10642000000000000000000000000000000000006C
:10643000000000000000000000000000000000005C
:10644000000000000000000000000000000000004C
:10645000000000000000000000000000000000003C
:10646000000000000000000000000000000000002C
:10647000000000000000000000000000000000001C
:10648000000000000000000000000000000000000C
:1064900000000000000000000000000000000000FC
:1064A00000000000000000000000000000000000EC
:1064B00000000000000000000000000000000000DC
:1064C00000000000000000000000000000000000CC
:1064D00000000000000000000000000000000000BC
:1064E00000000000000000000000000000000000AC
:1064F000000000000000000000000000000000009C
:10650000000000000000000000000000000000008B
:10651000000000000000000000000000000000007B
:10652000000000000000000000000000000000006B
:10653000000000000000000000000000000000005B
:10654000000000000000000000000000000000004B
:10655000000000000000000000000000000000003B
:10656000000000000000000000000000000000002B
:10657000000000000000000000000000000000001B
:10658000000000000000000000000000000000000B
:1065900000000000000000000000000000000000FB
:1065A00000000000000000000000000000000000EB
:1065B00000000000000000000000000000000000DB
:1065C00000000000000000000000000000000000CB
:1065D00000000000000000000000000000000000BB
:1065E00000000000000000000000000000000000AB
:1065F000000000000000000000000000000000009B
:10660000000000000000000000000000000000008A
:10661000000000000000000000000000000000007A
:10662000000000000000000000000000000000006A
:10663000000000000000000000000000000000005A
:10664000000000000000000000000000000000004A
:10665000000000000000000000000000000000003A
:10666000000000000000000000000000000000002A
:10667000000000000000000000000000000000001A
:10668000000000000000000000000000000000000A
:1066900000000000000000000000000000000000FA
:1066A00000000000000000000000000000000000EA
:1066B00000000000000000000000000000000000DA
:1066C00000000000000000000000000000000000CA
:1066D00000000000000000000000000000000000BA
:1066E00000000000000000000000000000000000AA
:1066F000000000000000000000000000000000009A
:106700000000000000000000000000000000000089
:106710000000000000000000000000000000000079
:106720000000000000000000000000000000000069
:106730000000000000000000000000000000000059
:106740000000000000000000000000000000000049
:106750000000000000000000000000000000000039
:106760000000000000000000000000000000000029
:106770000000000000000000000000000000000019
:106780000000000000000000000000000000000009
:1067900000000000000000000000000000000000F9
:1067A00000000000000000000000000000000000E9
:1067B00000000000000000000000000000000000D9
:1067C00000000000000000000000000000000000C9
:1067D00000000000000000000000000000000000B9
:1067E00000000000000000000000000000000000A9
:1067F0000000000000000000000000000000000099
:106800000000000000000000000000000000000088
:106810000000000000000000000000000000000078
:106820000000000000000000000000000000000068
:106830000000000000000000000000000000000058
:106840000000000000000000000000000000000048
:106850000000000000000000000000000000000038
:106860000000000000000000000000000000000028
:106870000000000000000000000000000000000018
:106880000000000000000000000000000000000008
:1068900000000000000000000000000000000000F8
:1068A00000000000000000000000000000000000E8
:1068B00000000000000000000000000000000000D8
:1068C00000000000000000000000000000000000C8
:1068D00000000000000000000000000000000000B8
:1068E00000000000000000000000000000000000A8
:1068F0000000000000000000000000000000000098
:106900000000000000000000000000000000000087
:106910000000000000000000000000000000000077
:106920000000000000000000000000000000000067
:106930000000000000000000000000000000000057
:106940000000000000000000000000000000000047
:106950000000000000000000000000000000000037
:106960000000000000000000000000000000000027
:106970000000000000000000000000000000000017
:106980000000000000000000000000000000000007
:1069900000000000000000000000000000000000F7
:1069A00000000000000000000000000000000000E7
:1069B00000000000000000000000000000000000D7
:1069C00000000000000000000000000000000000C7
:1069D00000000000000000000000000000000000B7
:1069E00000000000000000000000000000000000A7
:1069F0000000000000000000000000000000000097
:106A00000000000000000000000000000000000086
:106A10000000000000000000000000000000000076
:106A20000000000000000000000000000000000066
:106A30000000000000000000000000000000000056
:106A40000000000000000000000000000000000046
:106A50000000000000000000000000000000000036
:106A60000000000000000000000000000000000026
:106A70000000000000000000000000000000000016
:106A80000000000000000000000000000000000006
:106A900000000000000000000000000000000000F6
:106AA00000000000000000000000000000000000E6
:106AB00000000000000000000000000000000000D6
:106AC00000000000000000000000000000000000C6
:106AD00000000000000000000000000000000000B6
:106AE00000000000000000000000000000000000A6
:106AF0000000000000000000000000000000000096
:106B00000000000000000000000000000000000085
:106B10000000000000000000000000000000000075
:106B20000000000000000000000000000000000065
:106B30000000000000000000000000000000000055
:106B40000000000000000000000000000000000045
:106B50000000000000000000000000000000000035
:106B60000000000000000000000000000000000025
:106B70000000000000000000000000000000000015
:106B80000000000000000000000000000000000005
:106B900000000000000000000000000000000000F5
:106BA00000000000000000000000000000000000E5
:106BB00000000000000000000000000000000000D5
:106BC00000000000000000000000000000000000C5
:106BD00000000000000000000000000000000000B5
:106BE00000000000000000000000000000000000A5
:106BF0000000000000000000000000000000000095
:106C00000000000000000000000000000000000084
:106C10000000000000000000000000000000000074
:106C20000000000000000000000000000000000064
:106C30000000000000000000000000000000000054
:106C40000000000000000000000000000000000044
:106C50000000000000000000000000000000000034
:106C60000000000000000000000000000000000024
:106C70000000000000000000000000000000000014
:106C80000000000000000000000000000000000004
:106C900000000000000000000000000000000000F4
:106CA00000000000000000000000000000000000E4
:106CB00000000000000000000000000000000000D4
:106CC00000000000000000000000000000000000C4
:106CD00000000000000000000000000000000000B4
:106CE00000000000000000000000000000000000A4
:106CF0000000000000000000000000000000000094
:106D00000000000000000000000000000000000083
:106D10000000000000000000000000000000000073
:106D20000000000000000000000000000000000063
:106D30000000000000000000000000000000000053
:106D40000000000000000000000000000000000043
:106D50000000000000000000000000000000000033
:106D60000000000000000000000000000000000023
:106D70000000000000000000000000000000000013
:106D80000000000000000000000000000000000003
:106D900000000000000000000000000000000000F3
:106DA00000000000000000000000000000000000E3
:106DB00000000000000000000000000000000000D3
:106DC00000000000000000000000000000000000C3
:106DD00000000000000000000000000000000000B3
:106DE00000000000000000000000000000000000A3
:106DF0000000000000000000000000000000000093
:106E00000000000000000000000000000000000082
:106E10000000000000000000000000000000000072
:106E20000000000000000000000000000000000062
:106E30000000000000000000000000000000000052
:106E40000000000000000000000000000000000042
:106E50000000000000000000000000000000000032
:106E60000000000000000000000000000000000022
:106E70000000000000000000000000000000000012
:106E80000000000000000000000000000000000002
:106E900000000000000000000000000000000000F2
:106EA00000000000000000000000000000000000E2
:106EB00000000000000000000000000000000000D2
:106EC00000000000000000000000000000000000C2
:106ED00000000000000000000000000000000000B2
:106EE00000000000000000000000000000000000A2
:106EF0000000000000000000000000000000000092
:106F00000000000000000000000000000000000081
:106F10000000000000000000000000000000000071
:106F20000000000000000000000000000000000061
:106F30000000000000000000000000000000000051
:106F40000000000000000000000000000000000041
:106F50000000000000000000000000000000000031
:106F60000000000000000000000000000000000021
:106F70000000000000000000000000000000000011
:106F80000000000000000000000000000000000001
:106F900000000000000000000000000000000000F1
:106FA00000000000000000000000000000000000E1
:106FB00000000000000000000000000000000000D1
:106FC00000000000000000000000000000000000C1
:106FD00000000000000000000000000000000000B1
:106FE00000000000000000000000000000000000A1
:106FF0000000000000000000000000000000000091
:107000000000000000000000000000000000000080
:107010000000000000000000000000000000000070
:107020000000000000000000000000000000000060
:107030000000000000000000000000000000000050
:107040000000000000000000000000000000000040
:107050000000000000000000000000000000000030
:107060000000000000000000000000000000000020
:107070000000000000000000000000000000000010
:107080000000000000000000000000000000000000
:1070900000000000000000000000000000000000F0
:1070A00000000000000000000000000000000000E0
:1070B00000000000000000000000000000000000D0
:1070C00000000000000000000000000000000000C0
:1070D00000000000000000000000000000000000B0
:1070E00000000000000000000000000000000000A0
:1070F0000000000000000000000000000000000090
:10710000000000000000000000000000000000007F
:10711000000000000000000000000000000000006F
:10712000000000000000000000000000000000005F
:10713000000000000000000000000000000000004F
:10714000000000000000000000000000000000003F
:10715000000000000000000000000000000000002F
:10716000000000000000000000000000000000001F
:10717000000000000000000000000000000000000F
:1071800000000000000000000000000000000000FF
:1071900000000000000000000000000000000000EF
:1071A00000000000000000000000000000000000DF
:1071B00000000000000000000000000000000000CF
:1071C00000000000000000000000000000000000BF
:1071D00000000000000000000000000000000000AF
:1071E000000000000000000000000000000000009F
:1071F000000000000000000000000000000000008F
:10720000000000000000000000000000000000007E
:10721000000000000000000000000000000000006E
:10722000000000000000000000000000000000005E
:10723000000000000000000000000000000000004E
:10724000000000000000000000000000000000003E
:10725000000000000000000000000000000000002E
:10726000000000000000000000000000000000001E
:10727000000000000000000000000000000000000E
:1072800000000000000000000000000000000000FE
:1072900000000000000000000000000000000000EE
:1072A00000000000000000000000000000000000DE
:1072B00000000000000000000000000000000000CE
:1072C00000000000000000000000000000000000BE
:1072D00000000000000000000000000000000000AE
:1072E000000000000000000000000000000000009E
:1072F000000000000000000000000000000000008E
:10730000000000000000000000000000000000007D
:10731000000000000000000000000000000000006D
:10732000000000000000000000000000000000005D
:10733000000000000000000000000000000000004D
:10734000000000000000000000000000000000003D
:10735000000000000000000000000000000000002D
:10736000000000000000000000000000000000001D
:10737000000000000000000000000000000000000D
:1073800000000000000000000000000000000000FD
:1073900000000000000000000000000000000000ED
:1073A00000000000000000000000000000000000DD
:1073B00000000000000000000000000000000000CD
:1073C00000000000000000000000000000000000BD
:1073D00000000000000000000000000000000000AD
:1073E000000000000000000000000000000000009D
:1073F000000000000000000000000000000000008D
:10740000000000000000000000000000000000007C
:10741000000000000000000000000000000000006C
:10742000000000000000000000000000000000005C
:10743000000000000000000000000000000000004C
:10744000000000000000000000000000000000003C
:10745000000000000000000000000000000000002C
:10746000000000000000000000000000000000001C
:10747000000000000000000000000000000000000C
:1074800000000000000000000000000000000000FC
:1074900000000000000000000000000000000000EC
:1074A00000000000000000000000000000000000DC
:1074B00000000000000000000000000000000000CC
:1074C00000000000000000000000000000000000BC
:1074D00000000000000000000000000000000000AC
:1074E000000000000000000000000000000000009C
:1074F000000000000000000000000000000000008C
:10750000000000000000000000000000000000007B
:10751000000000000000000000000000000000006B
:10752000000000000000000000000000000000005B
:10753000000000000000000000000000000000004B
:10754000000000000000000000000000000000003B
:10755000000000000000000000000000000000002B
:10756000000000000000000000000000000000001B
:10757000000000000000000000000000000000000B
:1075800000000000000000000000000000000000FB
:1075900000000000000000000000000000000000EB
:1075A00000000000000000000000000000000000DB
:1075B00000000000000000000000000000000000CB
:1075C00000000000000000000000000000000000BB
:1075D00000000000000000000000000000000000AB
:1075E000000000000000000000000000000000009B
:1075F000000000000000000000000000000000008B
:10760000000000000000000000000000000000007A
:10761000000000000000000000000000000000006A
:10762000000000000000000000000000000000005A
:10763000000000000000000000000000000000004A
:10764000000000000000000000000000000000003A
:10765000000000000000000000000000000000002A
:10766000000000000000000000000000000000001A
:10767000000000000000000000000000000000000A
:1076800000000000000000000000000000000000FA
:1076900000000000000000000000000000000000EA
:1076A00000000000000000000000000000000000DA
:1076B00000000000000000000000000000000000CA
:1076C00000000000000000000000000000000000BA
:1076D00000000000000000000000000000000000AA
:1076E000000000000000000000000000000000009A
:1076F000000000000000000000000000000000008A
:107700000000000000000000000000000000000079
:107710000000000000000000000000000000000069
:107720000000000000000000000000000000000059
:107730000000000000000000000000000000000049
:107740000000000000000000000000000000000039
:107750000000000000000000000000000000000029
:107760000000000000000000000000000000000019
:107770000000000000000000000000000000000009
:1077800000000000000000000000000000000000F9
:1077900000000000000000000000000000000000E9
:1077A00000000000000000000000000000000000D9
:1077B00000000000000000000000000000000000C9
:1077C00000000000000000000000000000000000B9
:1077D00000000000000000000000000000000000A9
:1077E0000000000000000000000000000000000099
:1077F0000000000000000000000000000000000089
:107800000000000000000000000000000000000078
:107810000000000000000000000000000000000068
:107820000000000000000000000000000000000058
:107830000000000000000000000000000000000048
:107840000000000000000000000000000000000038
:107850000000000000000000000000000000000028
:107860000000000000000000000000000000000018
:107870000000000000000000000000000000000008
:1078800000000000000000000000000000000000F8
:1078900000000000000000000000000000000000E8
:1078A00000000000000000000000000000000000D8
:1078B00000000000000000000000000000000000C8
:1078C00000000000000000000000000000000000B8
:1078D00000000000000000000000000000000000A8
:1078E0000000000000000000000000000000000098
:1078F0000000000000000000000000000000000088
:107900000000000000000000000000000000000077
:107910000000000000000000000000000000000067
:107920000000000000000000000000000000000057
:107930000000000000000000000000000000000047
:107940000000000000000000000000000000000037
:107950000000000000000000000000000000000027
:107960000000000000000000000000000000000017
:107970000000000000000000000000000000000007
:1079800000000000000000000000000000000000F7
:1079900000000000000000000000000000000000E7
:1079A00000000000000000000000000000000000D7
:1079B00000000000000000000000000000000000C7
:1079C00000000000000000000000000000000000B7
:1079D00000000000000000000000000000000000A7
:1079E0000000000000000000000000000000000097
:1079F0000000000000000000000000000000000087
:107A00000000000000000000000000000000000076
:107A10000000000000000000000000000000000066
:107A20000000000000000000000000000000000056
:107A30000000000000000000000000000000000046
:107A40000000000000000000000000000000000036
:107A50000000000000000000000000000000000026
:107A60000000000000000000000000000000000016
:107A70000000000000000000000000000000000006
:107A800000000000000000000000000000000000F6
:107A900000000000000000000000000000000000E6
:107AA00000000000000000000000000000000000D6
:107AB00000000000000000000000000000000000C6
:107AC00000000000000000000000000000000000B6
:107AD00000000000000000000000000000000000A6
:107AE0000000000000000000000000000000000096
:107AF0000000000000000000000000000000000086
:107B00000000000000000000000000000000000075
:107B10000000000000000000000000000000000065
:107B20000000000000000000000000000000000055
:107B30000000000000000000000000000000000045
:107B40000000000000000000000000000000000035
:107B50000000000000000000000000000000000025
:107B60000000000000000000000000000000000015
:107B70000000000000000000000000000000000005
:107B800000000000000000000000000000000000F5
:107B900000000000000000000000000000000000E5
:107BA00000000000000000000000000000000000D5
:107BB00000000000000000000000000000000000C5
:107BC00000000000000000000000000000000000B5
:107BD00000000000000000000000000000000000A5
:107BE0000000000000000000000000000000000095
:107BF0000000000000000000000000000000000085
:107C00000000000000000000000000000000000074
:107C10000000000000000000000000000000000064
:107C20000000000000000000000000000000000054
:107C30000000000000000000000000000000000044
:107C40000000000000000000000000000000000034
:107C50000000000000000000000000000000000024
:107C60000000000000000000000000000000000014
:107C70000000000000000000000000000000000004
:107C800000000000000000000000000000000000F4
:107C900000000000000000000000000000000000E4
:107CA00000000000000000000000000000000000D4
:107CB00000000000000000000000000000000000C4
:107CC00000000000000000000000000000000000B4
:107CD00000000000000000000000000000000000A4
:107CE0000000000000000000000000000000000094
:107CF0000000000000000000000000000000000084
:107D00000000000000000000000000000000000073
:107D10000000000000000000000000000000000063
:107D20000000000000000000000000000000000053
:107D30000000000000000000000000000000000043
:107D40000000000000000000000000000000000033
:107D50000000000000000000000000000000000023
:107D60000000000000000000000000000000000013
:107D70000000000000000000000000000000000003
:107D800000000000000000000000000000000000F3
:107D900000000000000000000000000000000000E3
:107DA00000000000000000000000000000000000D3
:107DB00000000000000000000000000000000000C3
:107DC00000000000000000000000000000000000B3
:107DD00000000000000000000000000000000000A3
:107DE0000000000000000000000000000000000093
:107DF0000000000000000000000000000000000083
:107E00000000000000000000000000000000000072
:107E10000000000000000000000000000000000062
:107E20000000000000000000000000000000000052
:107E30000000000000000000000000000000000042
:107E40000000000000000000000000000000000032
:107E50000000000000000000000000000000000022
:107E60000000000000000000000000000000000012
:107E70000000000000000000000000000000000002
:107E800000000000000000000000000000000000F2
:107E900000000000000000000000000000000000E2
:107EA00000000000000000000000000000000000D2
:107EB00000000000000000000000000000000000C2
:107EC00000000000000000000000000000000000B2
:107ED00000000000000000000000000000000000A2
:107EE0000000000000000000000000000000000092
:107EF0000000000000000000000000000000000082
:107F00000000000000000000000000000000000071
:107F10000000000000000000000000000000000061
:107F20000000000000000000000000000000000051
:107F30000000000000000000000000000000000041
:107F40000000000000000000000000000000000031
:107F50000000000000000000000000000000000021
:107F60000000000000000000000000000000000011
:107F70000000000000000000000000000000000001
:107F800000000000000000000000000000000000F1
:107F900000000000000000000000000000000000E1
:107FA00000000000000000000000000000000000D1
:107FB00000000000000000000000000000000000C1
:107FC00000000000000000000000000000000000B1
:107FD00000000000000000000000000000000000A1
:107FE0000000000000000000000000000000000091
:107FF0000000000000000000000000000000000081
:108000000000000000000000000000000000000070
:108010000000000000000000000000000000000060
:108020000000000000000000000000000000000050
:108030000000000000000000000000000000000040
:108040000000000000000000000000000000000030
:108050000000000000000000000000000000000020
:108060000000000000000000000000000000000010
:108070000000000000000000000000000000000000
:1080800000000000000000000000000000000000F0
:1080900000000000000000000000000000000000E0
:1080A00000000000000000000000000000000000D0
:1080B00000000000000000000000000000000000C0
:1080C00000000000000000000000000000000000B0
:1080D00000000000000000000000000000000000A0
:1080E0000000000000000000000000000000000090
:1080F0000000000000000000000000000000000080
:10810000000000000000000000000000000000006F
:10811000000000000000000000000000000000005F
:10812000000000000000000000000000000000004F
:10813000000000000000000000000000000000003F
:10814000000000000000000000000000000000002F
:10815000000000000000000000000000000000001F
:10816000000000000000000000000000000000000F
:1081700000000000000000000000000000000000FF
:1081800000000000000000000000000000000000EF
:1081900000000000000000000000000000000000DF
:1081A00000000000000000000000000000000000CF
:1081B00000000000000000000000000000000000BF
:1081C00000000000000000000000000000000000AF
:1081D000000000000000000000000000000000009F
:1081E000000000000000000000000000000000008F
:1081F000000000000000000000000000000000007F
:10820000000000000000000000000000000000006E
:10821000000000000000000000000000000000005E
:10822000000000000000000000000000000000004E
:10823000000000000000000000000000000000003E
:10824000000000000000000000000000000000002E
:10825000000000000000000000000000000000001E
:10826000000000000000000000000000000000000E
:1082700000000000000000000000000000000000FE
:1082800000000000000000000000000000000000EE
:1082900000000000000000000000000000000000DE
:1082A00000000000000000000000000000000000CE
:1082B00000000000000000000000000000000000BE
:1082C00000000000000000000000000000000000AE
:1082D000000000000000000000000000000000009E
:1082E000000000000000000000000000000000008E
:1082F000000000000000000000000000000000007E
:10830000000000000000000000000000000000006D
:10831000000000000000000000000000000000005D
:10832000000000000000000000000000000000004D
:10833000000000000000000000000000000000003D
:10834000000000000000000000000000000000002D
:10835000000000000000000000000000000000001D
:10836000000000000000000000000000000000000D
:1083700000000000000000000000000000000000FD
:1083800000000000000000000000000000000000ED
:1083900000000000000000000000000000000000DD
:1083A00000000000000000000000000000000000CD
:1083B00000000000000000000000000000000000BD
:1083C00000000000000000000000000000000000AD
:1083D000000000000000000000000000000000009D
:1083E000000000000000000000000000000000008D
:1083F000000000000000000000000000000000007D
:10840000000000000000000000000000000000006C
:10841000000000000000000000000000000000005C
:10842000000000000000000000000000000000004C
:10843000000000000000000000000000000000003C
:10844000000000000000000000000000000000002C
:10845000000000000000000000000000000000001C
:10846000000000000000000000000000000000000C
:1084700000000000000000000000000000000000FC
:1084800000000000000000000000000000000000EC
:1084900000000000000000000000000000000000DC
:1084A00000000000000000000000000000000000CC
:1084B00000000000000000000000000000000000BC
:1084C00000000000000000000000000000000000AC
:1084D000000000000000000000000000000000009C
:1084E000000000000000000000000000000000008C
:1084F000000000000000000000000000000000007C
:10850000000000000000000000000000000000006B
:10851000000000000000000000000000000000005B
:10852000000000000000000000000000000000004B
:10853000000000000000000000000000000000003B
:10854000000000000000000000000000000000002B
:10855000000000000000000000000000000000001B
:10856000000000000000000000000000000000000B
:1085700000000000000000000000000000000000FB
:1085800000000000000000000000000000000000EB
:1085900000000000000000000000000000000000DB
:1085A00000000000000000000000000000000000CB
:1085B00000000000000000000000000000000000BB
:1085C00000000000000000000000000000000000AB
:1085D000000000000000000000000000000000009B
:1085E000000000000000000000000000000000008B
:1085F000000000000000000000000000000000007B
:10860000000000000000000000000000000000006A
:10861000000000000000000000000000000000005A
:10862000000000000000000000000000000000004A
:10863000000000000000000000000000000000003A
:10864000000000000000000000000000000000002A
:10865000000000000000000000000000000000001A
:10866000000000000000000000000000000000000A
:1086700000000000000000000000000000000000FA
:1086800000000000000000000000000000000000EA
:1086900000000000000000000000000000000000DA
:1086A00000000000000000000000000000000000CA
:1086B00000000000000000000000000000000000BA
:1086C00000000000000000000000000000000000AA
:1086D000000000000000000000000000000000009A
:1086E000000000000000000000000000000000008A
:1086F000000000000000000000000000000000007A
:108700000000000000000000000000000000000069
:108710000000000000000000000000000000000059
:108720000000000000000000000000000000000049
:108730000000000000000000000000000000000039
:108740000000000000000000000000000000000029
:108750000000000000000000000000000000000019
:108760000000000000000000000000000000000009
:1087700000000000000000000000000000000000F9
:1087800000000000000000000000000000000000E9
:1087900000000000000000000000000000000000D9
:1087A00000000000000000000000000000000000C9
:1087B00000000000000000000000000000000000B9
:1087C00000000000000000000000000000000000A9
:1087D0000000000000000000000000000000000099
:1087E0000000000000000000000000000000000089
:1087F0000000000000000000000000000000000079
:108800000000000000000000000000000000000068
:108810000000000000000000000000000000000058
:108820000000000000000000000000000000000048
:108830000000000000000000000000000000000038
:108840000000000000000000000000000000000028
:108850000000000000000000000000000000000018
:108860000000000000000000000000000000000008
:1088700000000000000000000000000000000000F8
:1088800000000000000000000000000000000000E8
:1088900000000000000000000000000000000000D8
:1088A00000000000000000000000000000000000C8
:1088B00000000000000000000000000000000000B8
:1088C00000000000000000000000000000000000A8
:1088D0000000000000000000000000000000000098
:1088E0000000000000000000000000000000000088
:1088F0000000000000000000000000000000000078
:108900000000000000000000000000000000000067
:108910000000000000000000000000000000000057
:108920000000000000000000000000000000000047
:108930000000000000000000000000000000000037
:108940000000000000000000000000000000000027
:108950000000000000000000000000000000000017
:108960000000000000000000000000000000000007
:1089700000000000000000000000000000000000F7
:1089800000000000000000000000000000000000E7
:1089900000000000000000000000000000000000D7
:1089A00000000000000000000000000000000000C7
:1089B00000000000000000000000000000000000B7
:1089C00000000000000000000000000000000000A7
:1089D0000000000000000000000000000000000097
:1089E0000000000000000000000000000000000087
:1089F0000000000000000000000000000000000077
:108A00000000000000000000000000000000000066
:108A10000000000000000000000000000000000056
:108A20000000000000000000000000000000000046
:108A30000000000000000000000000000000000036
:108A40000000000000000000000000000000000026
:108A50000000000000000000000000000000000016
:108A60000000000000000000000000000000000006
:108A700000000000000000000000000000000000F6
:108A800000000000000000000000000000000000E6
:108A900000000000000000000000000000000000D6
:108AA00000000000000000000000000000000000C6
:108AB00000000000000000000000000000000000B6
:108AC00000000000000000000000000000000000A6
:108AD0000000000000000000000000000000000096
:108AE0000000000000000000000000000000000086
:108AF0000000000000000000000000000000000076
:108B00000000000000000000000000000000000065
:108B10000000000000000000000000000000000055
:108B20000000000000000000000000000000000045
:108B30000000000000000000000000000000000035
:108B40000000000000000000000000000000000025
:108B50000000000000000000000000000000000015
:108B60000000000000000000000000000000000005
:108B700000000000000000000000000000000000F5
:108B800000000000000000000000000000000000E5
:108B900000000000000000000000000000000000D5
:108BA00000000000000000000000000000000000C5
:108BB00000000000000000000000000000000000B5
:108BC00000000000000000000000000000000000A5
:108BD0000000000000000000000000000000000095
:108BE0000000000000000000000000000000000085
:108BF0000000000000000000000000000000000075
:108C00000000000000000000000000000000000064
:108C10000000000000000000000000000000000054
:108C20000000000000000000000000000000000044
:108C30000000000000000000000000000000000034
:108C40000000000000000000000000000000000024
:108C50000000000000000000000000000000000014
:108C60000000000000000000000000000000000004
:108C700000000000000000000000000000000000F4
:108C800000000000000000000000000000000000E4
:108C900000000000000000000000000000000000D4
:108CA00000000000000000000000000000000000C4
:108CB00000000000000000000000000000000000B4
:108CC00000000000000000000000000000000000A4
:108CD0000000000000000000000000000000000094
:108CE0000000000000000000000000000000000084
:108CF0000000000000000000000000000000000074
:108D00000000000000000000000000000000000063
:108D10000000000000000000000000000000000053
:108D20000000000000000000000000000000000043
:108D30000000000000000000000000000000000033
:108D40000000000000000000000000000000000023
:108D50000000000000000000000000000000000013
:108D60000000000000000000000000000000000003
:108D700000000000000000000000000000000000F3
:108D800000000000000000000000000000000000E3
:108D900000000000000000000000000000000000D3
:108DA00000000000000000000000000000000000C3
:108DB00000000000000000000000000000000000B3
:108DC00000000000000000000000000000000000A3
:108DD0000000000000000000000000000000000093
:108DE0000000000000000000000000000000000083
:108DF0000000000000000000000000000000000073
:108E00000000000000000000000000000000000062
:108E10000000000000000000000000000000000052
:108E20000000000000000000000000000000000042
:108E30000000000000000000000000000000000032
:108E40000000000000000000000000000000000022
:108E50000000000000000000000000000000000012
:108E60000000000000000000000000000000000002
:108E700000000000000000000000000000000000F2
:108E800000000000000000000000000000000000E2
:108E900000000000000000000000000000000000D2
:108EA00000000000000000000000000000000000C2
:108EB00000000000000000000000000000000000B2
:108EC00000000000000000000000000000000000A2
:108ED0000000000000000000000000000000000092
:108EE0000000000000000000000000000000000082
:108EF0000000000000000000000000000000000072
:108F00000000000000000000000000000000000061
:108F10000000000000000000000000000000000051
:108F20000000000000000000000000000000000041
:108F30000000000000000000000000000000000031
:108F40000000000000000000000000000000000021
:108F50000000000000000000000000000000000011
:108F60000000000000000000000000000000000001
:108F700000000000000000000000000000000000F1
:108F800000000000000000000000000000000000E1
:108F900000000000000000000000000000000000D1
:108FA00000000000000000000000000000000000C1
:108FB00000000000000000000000000000000000B1
:108FC00000000000000000000000000000000000A1
:108FD0000000000000000000000000000000000091
:108FE0000000000000000000000000000000000081
:108FF0000000000000000000000000000000000071
:109000000000000000000000000000000000000060
:109010000000000000000000000000000000000050
:109020000000000000000000000000000000000040
:109030000000000000000000000000000000000030
:109040000000000000000000000000000000000020
:109050000000000000000000000000000000000010
:109060000000000000000000000000000000000000
:1090700000000000000000000000000000000000F0
:1090800000000000000000000000000000000000E0
:1090900000000000000000000000000000000000D0
:1090A00000000000000000000000000000000000C0
:1090B00000000000000000000000000000000000B0
:1090C00000000000000000000000000000000000A0
:1090D0000000000000000000000000000000000090
:1090E0000000000000000000000000000000000080
:1090F0000000000000000000000000000000000070
:10910000000000000000000000000000000000005F
:10911000000000000000000000000000000000004F
:10912000000000000000000000000000000000003F
:10913000000000000000000000000000000000002F
:10914000000000000000000000000000000000001F
:10915000000000000000000000000000000000000F
:1091600000000000000000000000000000000000FF
:1091700000000000000000000000000000000000EF
:1091800000000000000000000000000000000000DF
:1091900000000000000000000000000000000000CF
:1091A00000000000000000000000000000000000BF
:1091B00000000000000000000000000000000000AF
:1091C000000000000000000000000000000000009F
:1091D000000000000000000000000000000000008F
:1091E000000000000000000000000000000000007F
:1091F000000000000000000000000000000000006F
:10920000000000000000000000000000000000005E
:10921000000000000000000000000000000000004E
:10922000000000000000000000000000000000003E
:10923000000000000000000000000000000000002E
:10924000000000000000000000000000000000001E
:10925000000000000000000000000000000000000E
:1092600000000000000000000000000000000000FE
:1092700000000000000000000000000000000000EE
:1092800000000000000000000000000000000000DE
:1092900000000000000000000000000000000000CE
:1092A00000000000000000000000000000000000BE
:1092B00000000000000000000000000000000000AE
:1092C000000000000000000000000000000000009E
:1092D000000000000000000000000000000000008E
:1092E000000000000000000000000000000000007E
:1092F000000000000000000000000000000000006E
:10930000000000000000000000000000000000005D
:10931000000000000000000000000000000000004D
:10932000000000000000000000000000000000003D
:10933000000000000000000000000000000000002D
:10934000000000000000000000000000000000001D
:10935000000000000000000000000000000000000D
:1093600000000000000000000000000000000000FD
:1093700000000000000000000000000000000000ED
:1093800000000000000000000000000000000000DD
:1093900000000000000000000000000000000000CD
:1093A00000000000000000000000000000000000BD
:1093B00000000000000000000000000000000000AD
:1093C000000000000000000000000000000000009D
:1093D000000000000000000000000000000000008D
:1093E000000000000000000000000000000000007D
:1093F000000000000000000000000000000000006D
:10940000000000000000000000000000000000005C
:10941000000000000000000000000000000000004C
:10942000000000000000000000000000000000003C
:10943000000000000000000000000000000000002C
:10944000000000000000000000000000000000001C
:10945000000000000000000000000000000000000C
:1094600000000000000000000000000000000000FC
:1094700000000000000000000000000000000000EC
:1094800000000000000000000000000000000000DC
:1094900000000000000000000000000000000000CC
:1094A00000000000000000000000000000000000BC
:1094B00000000000000000000000000000000000AC
:1094C000000000000000000000000000000000009C
:1094D000000000000000000000000000000000008C
:1094E000000000000000000000000000000000007C
:1094F000000000000000000000000000000000006C
:10950000000000000000000000000000000000005B
:10951000000000000000000000000000000000004B
:10952000000000000000000000000000000000003B
:10953000000000000000000000000000000000002B
:10954000000000000000000000000000000000001B
:10955000000000000000000000000000000000000B
:1095600000000000000000000000000000000000FB
:1095700000000000000000000000000000000000EB
:1095800000000000000000000000000000000000DB
:1095900000000000000000000000000000000000CB
:1095A00000000000000000000000000000000000BB
:1095B00000000000000000000000000000000000AB
:1095C000000000000000000000000000000000009B
:1095D000000000000000000000000000000000008B
:1095E000000000000000000000000000000000007B
:1095F000000000000000000000000000000000006B
:10960000000000000000000000000000000000005A
:10961000000000000000000000000000000000004A
:10962000000000000000000000000000000000003A
:10963000000000000000000000000000000000002A
:10964000000000000000000000000000000000001A
:10965000000000000000000000000000000000000A
:1096600000000000000000000000000000000000FA
:1096700000000000000000000000000000000000EA
:1096800000000000000000000000000000000000DA
:1096900000000000000000000000000000000000CA
:1096A00000000000000000000000000000000000BA
:1096B00000000000000000000000000000000000AA
:1096C000000000000000000000000000000000009A
:1096D000000000000000000000000000000000008A
:1096E000000000000000000000000000000000007A
:1096F000000000000000000000000000000000006A
:109700000000000000000000000000000000000059
:109710000000000000000000000000000000000049
:109720000000000000000000000000000000000039
:109730000000000000000000000000000000000029
:109740000000000000000000000000000000000019
:109750000000000000000000000000000000000009
:1097600000000000000000000000000000000000F9
:1097700000000000000000000000000000000000E9
:1097800000000000000000000000000000000000D9
:1097900000000000000000000000000000000000C9
:1097A00000000000000000000000000000000000B9
:1097B00000000000000000000000000000000000A9
:1097C0000000000000000000000000000000000099
:1097D0000000000000000000000000000000000089
:1097E0000000000000000000000000000000000079
:1097F0000000000000000000000000000000000069
:109800000000000000000000000000000000000058
:109810000000000000000000000000000000000048
:109820000000000000000000000000000000000038
:109830000000000000000000000000000000000028
:109840000000000000000000000000000000000018
:109850000000000000000000000000000000000008
:1098600000000000000000000000000000000000F8
:1098700000000000000000000000000000000000E8
:1098800000000000000000000000000000000000D8
:1098900000000000000000000000000000000000C8
:1098A00000000000000000000000000000000000B8
:1098B00000000000000000000000000000000000A8
:1098C0000000000000000000000000000000000098
:1098D0000000000000000000000000000000000088
:1098E0000000000000000000000000000000000078
:1098F0000000000000000000000000000000000068
:109900000000000000000000000000000000000057
:109910000000000000000000000000000000000047
:109920000000000000000000000000000000000037
:109930000000000000000000000000000000000027
:109940000000000000000000000000000000000017
:109950000000000000000000000000000000000007
:1099600000000000000000000000000000000000F7
:1099700000000000000000000000000000000000E7
:1099800000000000000000000000000000000000D7
:1099900000000000000000000000000000000000C7
:1099A00000000000000000000000000000000000B7
:1099B00000000000000000000000000000000000A7
:1099C0000000000000000000000000000000000097
:1099D0000000000000000000000000000000000087
:1099E0000000000000000000000000000000000077
:1099F0000000000000000000000000000000000067
:109A00000000000000000000000000000000000056
:109A10000000000000000000000000000000000046
:109A20000000000000000000000000000000000036
:109A30000000000000000000000000000000000026
:109A40000000000000000000000000000000000016
:109A50000000000000000000000000000000000006
:109A600000000000000000000000000000000000F6
:109A700000000000000000000000000000000000E6
:109A800000000000000000000000000000000000D6
:109A900000000000000000000000000000000000C6
:109AA00000000000000000000000000000000000B6
:109AB00000000000000000000000000000000000A6
:109AC0000000000000000000000000000000000096
:109AD0000000000000000000000000000000000086
:109AE0000000000000000000000000000000000076
:109AF0000000000000000000000000000000000066
:109B00000000000000000000000000000000000055
:109B10000000000000000000000000000000000045
:109B20000000000000000000000000000000000035
:109B30000000000000000000000000000000000025
:109B40000000000000000000000000000000000015
:109B50000000000000000000000000000000000005
:109B600000000000000000000000000000000000F5
:109B700000000000000000000000000000000000E5
:109B800000000000000000000000000000000000D5
:109B900000000000000000000000000000000000C5
:109BA00000000000000000000000000000000000B5
:109BB00000000000000000000000000000000000A5
:109BC0000000000000000000000000000000000095
:109BD0000000000000000000000000000000000085
:109BE0000000000000000000000000000000000075
:109BF0000000000000000000000000000000000065
:109C00000000000000000000000000000000000054
:109C10000000000000000000000000000000000044
:109C20000000000000000000000000000000000034
:109C30000000000000000000000000000000000024
:109C40000000000000000000000000000000000014
:109C50000000000000000000000000000000000004
:109C600000000000000000000000000000000000F4
:109C700000000000000000000000000000000000E4
:109C800000000000000000000000000000000000D4
:109C900000000000000000000000000000000000C4
:109CA00000000000000000000000000000000000B4
:109CB00000000000000000000000000000000000A4
:109CC0000000000000000000000000000000000094
:109CD0000000000000000000000000000000000084
:109CE0000000000000000000000000000000000074
:109CF0000000000000000000000000000000000064
:109D00000000000000000000000000000000000053
:109D10000000000000000000000000000000000043
:109D20000000000000000000000000000000000033
:109D30000000000000000000000000000000000023
:109D40000000000000000000000000000000000013
:109D50000000000000000000000000000000000003
:109D600000000000000000000000000000000000F3
:109D700000000000000000000000000000000000E3
:109D800000000000000000000000000000000000D3
:109D900000000000000000000000000000000000C3
:109DA00000000000000000000000000000000000B3
:109DB00000000000000000000000000000000000A3
:109DC0000000000000000000000000000000000093
:109DD0000000000000000000000000000000000083
:109DE0000000000000000000000000000000000073
:109DF0000000000000000000000000000000000063
:109E00000000000000000000000000000000000052
:109E10000000000000000000000000000000000042
:109E20000000000000000000000000000000000032
:109E30000000000000000000000000000000000022
:109E40000000000000000000000000000000000012
:109E50000000000000000000000000000000000002
:109E600000000000000000000000000000000000F2
:109E700000000000000000000000000000000000E2
:109E800000000000000000000000000000000000D2
:109E900000000000000000000000000000000000C2
:109EA00000000000000000000000000000000000B2
:109EB00000000000000000000000000000000000A2
:109EC0000000000000000000000000000000000092
:109ED0000000000000000000000000000000000082
:109EE0000000000000000000000000000000000072
:109EF0000000000000000000000000000000000062
:109F00000000000000000000000000000000000051
:109F10000000000000000000000000000000000041
:109F20000000000000000000000000000000000031
:109F30000000000000000000000000000000000021
:109F40000000000000000000000000000000000011
:109F50000000000000000000000000000000000001
:109F600000000000000000000000000000000000F1
:109F700000000000000000000000000000000000E1
:109F800000000000000000000000000000000000D1
:109F900000000000000000000000000000000000C1
:109FA00000000000000000000000000000000000B1
:109FB00000000000000000000000000000000000A1
:109FC0000000000000000000000000000000000091
:109FD0000000000000000000000000000000000081
:109FE0000000000000000000000000000000000071
:109FF0000000000000000000000000000000000061
:10A000000000000000000000000000000000000050
:10A010000000000000000000000000000000000040
:10A020000000000000000000000000000000000030
:10A030000000000000000000000000000000000020
:10A040000000000000000000000000000000000010
:10A050000000000000000000000000000000000000
:10A0600000000000000000000000000000000000F0
:10A0700000000000000000000000000000000000E0
:10A0800000000000000000000000000000000000D0
:10A0900000000000000000000000000000000000C0
:10A0A00000000000000000000000000000000000B0
:10A0B00000000000000000000000000000000000A0
:10A0C0000000000000000000000000000000000090
:10A0D0000000000000000000000000000000000080
:10A0E0000000000000000000000000000000000070
:10A0F0000000000000000000000000000000000060
:10A10000000000000000000000000000000000004F
:10A11000000000000000000000000000000000003F
:10A12000000000000000000000000000000000002F
:10A13000000000000000000000000000000000001F
:10A14000000000000000000000000000000000000F
:10A1500000000000000000000000000000000000FF
:10A1600000000000000000000000000000000000EF
:10A1700000000000000000000000000000000000DF
:10A1800000000000000000000000000000000000CF
:10A1900000000000000000000000000000000000BF
:10A1A00000000000000000000000000000000000AF
:10A1B000000000000000000000000000000000009F
:10A1C000000000000000000000000000000000008F
:10A1D000000000000000000000000000000000007F
:10A1E000000000000000000000000000000000006F
:10A1F000000000000000000000000000000000005F
:10A20000000000000000000000000000000000004E
:10A21000000000000000000000000000000000003E
:10A22000000000000000000000000000000000002E
:10A23000000000000000000000000000000000001E
:10A24000000000000000000000000000000000000E
:10A2500000000000000000000000000000000000FE
:10A2600000000000000000000000000000000000EE
:10A2700000000000000000000000000000000000DE
:10A2800000000000000000000000000000000000CE
:10A2900000000000000000000000000000000000BE
:10A2A00000000000000000000000000000000000AE
:10A2B000000000000000000000000000000000009E
:10A2C000000000000000000000000000000000008E
:10A2D000000000000000000000000000000000007E
:10A2E000000000000000000000000000000000006E
:10A2F000000000000000000000000000000000005E
:10A30000000000000000000000000000000000004D
:10A31000000000000000000000000000000000003D
:10A32000000000000000000000000000000000002D
:10A33000000000000000000000000000000000001D
:10A34000000000000000000000000000000000000D
:10A3500000000000000000000000000000000000FD
:10A3600000000000000000000000000000000000ED
:10A3700000000000000000000000000000000000DD
:10A3800000000000000000000000000000000000CD
:10A3900000000000000000000000000000000000BD
:10A3A00000000000000000000000000000000000AD
:10A3B000000000000000000000000000000000009D
:10A3C000000000000000000000000000000000008D
:10A3D000000000000000000000000000000000007D
:10A3E000000000000000000000000000000000006D
:10A3F000000000000000000000000000000000005D
:10A40000000000000000000000000000000000004C
:10A41000000000000000000000000000000000003C
:10A42000000000000000000000000000000000002C
:10A43000000000000000000000000000000000001C
:10A44000000000000000000000000000000000000C
:10A4500000000000000000000000000000000000FC
:10A4600000000000000000000000000000000000EC
:10A4700000000000000000000000000000000000DC
:10A4800000000000000000000000000000000000CC
:10A4900000000000000000000000000000000000BC
:10A4A00000000000000000000000000000000000AC
:10A4B000000000000000000000000000000000009C
:10A4C000000000000000000000000000000000008C
:10A4D000000000000000000000000000000000007C
:10A4E000000000000000000000000000000000006C
:10A4F000000000000000000000000000000000005C
:10A50000000000000000000000000000000000004B
:10A51000000000000000000000000000000000003B
:10A52000000000000000000000000000000000002B
:10A53000000000000000000000000000000000001B
:10A54000000000000000000000000000000000000B
:10A5500000000000000000000000000000000000FB
:10A5600000000000000000000000000000000000EB
:10A5700000000000000000000000000000000000DB
:10A5800000000000000000000000000000000000CB
:10A5900000000000000000000000000000000000BB
:10A5A00000000000000000000000000000000000AB
:10A5B000000000000000000000000000000000009B
:10A5C000000000000000000000000000000000008B
:10A5D000000000000000000000000000000000007B
:10A5E000000000000000000000000000000000006B
:10A5F000000000000000000000000000000000005B
:10A60000000000000000000000000000000000004A
:10A61000000000000000000000000000000000003A
:10A62000000000000000000000000000000000002A
:10A63000000000000000000000000000000000001A
:10A64000000000000000000000000000000000000A
:10A6500000000000000000000000000000000000FA
:10A6600000000000000000000000000000000000EA
:10A6700000000000000000000000000000000000DA
:10A6800000000000000000000000000000000000CA
:10A6900000000000000000000000000000000000BA
:10A6A00000000000000000000000000000000000AA
:10A6B000000000000000000000000000000000009A
:10A6C000000000000000000000000000000000008A
:10A6D000000000000000000000000000000000007A
:10A6E000000000000000000000000000000000006A
:10A6F000000000000000000000000000000000005A
:10A700000000000000000000000000000000000049
:10A710000000000000000000000000000000000039
:10A720000000000000000000000000000000000029
:10A730000000000000000000000000000000000019
:10A740000000000000000000000000000000000009
:10A7500000000000000000000000000000000000F9
:10A7600000000000000000000000000000000000E9
:10A7700000000000000000000000000000000000D9
:10A7800000000000000000000000000000000000C9
:10A7900000000000000000000000000000000000B9
:10A7A00000000000000000000000000000000000A9
:10A7B0000000000000000000000000000000000099
:10A7C0000000000000000000000000000000000089
:10A7D0000000000000000000000000000000000079
:10A7E0000000000000000000000000000000000069
:10A7F0000000000000000000000000000000000059
:10A800000000000000000000000000000000000048
:10A810000000000000000000000000000000000038
:10A820000000000000000000000000000000000028
:10A830000000000000000000000000000000000018
:10A840000000000000000000000000000000000008
:10A8500000000000000000000000000000000000F8
:10A8600000000000000000000000000000000000E8
:10A8700000000000000000000000000000000000D8
:10A8800000000000000000000000000000000000C8
:10A8900000000000000000000000000000000000B8
:10A8A00000000000000000000000000000000000A8
:10A8B0000000000000000000000000000000000098
:10A8C0000000000000000000000000000000000088
:10A8D0000000000000000000000000000000000078
:10A8E0000000000000000000000000000000000068
:10A8F0000000000000000000000000000000000058
:10A900000000000000000000000000000000000047
:10A910000000000000000000000000000000000037
:10A920000000000000000000000000000000000027
:10A930000000000000000000000000000000000017
:10A940000000000000000000000000000000000007
:10A9500000000000000000000000000000000000F7
:10A9600000000000000000000000000000000000E7
:10A9700000000000000000000000000000000000D7
:10A9800000000000000000000000000000000000C7
:10A9900000000000000000000000000000000000B7
:10A9A00000000000000000000000000000000000A7
:10A9B0000000000000000000000000000000000097
:10A9C0000000000000000000000000000000000087
:10A9D0000000000000000000000000000000000077
:10A9E0000000000000000000000000000000000067
:10A9F0000000000000000000000000000000000057
:10AA00000000000000000000000000000000000046
:10AA10000000000000000000000000000000000036
:10AA20000000000000000000000000000000000026
:10AA30000000000000000000000000000000000016
:10AA40000000000000000000000000000000000006
:10AA500000000000000000000000000000000000F6
:10AA600000000000000000000000000000000000E6
:10AA700000000000000000000000000000000000D6
:10AA800000000000000000000000000000000000C6
:10AA900000000000000000000000000000000000B6
:10AAA00000000000000000000000000000000000A6
:10AAB0000000000000000000000000000000000096
:10AAC0000000000000000000000000000000000086
:10AAD0000000000000000000000000000000000076
:10AAE0000000000000000000000000000000000066
:10AAF0000000000000000000000000000000000056
:10AB00000000000000000000000000000000000045
:10AB10000000000000000000000000000000000035
:10AB20000000000000000000000000000000000025
:10AB30000000000000000000000000000000000015
:10AB40000000000000000000000000000000000005
:10AB500000000000000000000000000000000000F5
:10AB600000000000000000000000000000000000E5
:10AB700000000000000000000000000000000000D5
:10AB800000000000000000000000000000000000C5
:10AB900000000000000000000000000000000000B5
:10ABA00000000000000000000000000000000000A5
:10ABB0000000000000000000000000000000000095
:10ABC0000000000000000000000000000000000085
:10ABD0000000000000000000000000000000000075
:10ABE0000000000000000000000000000000000065
:10ABF0000000000000000000000000000000000055
:10AC00000000000000000000000000000000000044
:10AC10000000000000000000000000000000000034
:10AC20000000000000000000000000000000000024
:10AC30000000000000000000000000000000000014
:10AC40000000000000000000000000000000000004
:10AC500000000000000000000000000000000000F4
:10AC600000000000000000000000000000000000E4
:10AC700000000000000000000000000000000000D4
:10AC800000000000000000000000000000000000C4
:10AC900000000000000000000000000000000000B4
:10ACA00000000000000000000000000000000000A4
:10ACB0000000000000000000000000000000000094
:10ACC0000000000000000000000000000000000084
:10ACD0000000000000000000000000000000000074
:10ACE0000000000000000000000000000000000064
:10ACF0000000000000000000000000000000000054
:10AD00000000000000000000000000000000000043
:10AD10000000000000000000000000000000000033
:10AD20000000000000000000000000000000000023
:10AD30000000000000000000000000000000000013
:10AD40000000000000000000000000000000000003
:10AD500000000000000000000000000000000000F3
:10AD600000000000000000000000000000000000E3
:10AD700000000000000000000000000000000000D3
:10AD800000000000000000000000000000000000C3
:10AD900000000000000000000000000000000000B3
:10ADA00000000000000000000000000000000000A3
:10ADB0000000000000000000000000000000000093
:10ADC0000000000000000000000000000000000083
:10ADD0000000000000000000000000000000000073
:10ADE0000000000000000000000000000000000063
:10ADF0000000000000000000000000000000000053
:10AE00000000000000000000000000000000000042
:10AE10000000000000000000000000000000000032
:10AE20000000000000000000000000000000000022
:10AE30000000000000000000000000000000000012
:10AE40000000000000000000000000000000000002
:10AE500000000000000000000000000000000000F2
:10AE600000000000000000000000000000000000E2
:10AE700000000000000000000000000000000000D2
:10AE800000000000000000000000000000000000C2
:10AE900000000000000000000000000000000000B2
:10AEA00000000000000000000000000000000000A2
:10AEB0000000000000000000000000000000000092
:10AEC0000000000000000000000000000000000082
:10AED0000000000000000000000000000000000072
:10AEE0000000000000000000000000000000000062
:10AEF0000000000000000000000000000000000052
:10AF00000000000000000000000000000000000041
:10AF10000000000000000000000000000000000031
:10AF20000000000000000000000000000000000021
:10AF30000000000000000000000000000000000011
:10AF40000000000000000000000000000000000001
:10AF500000000000000000000000000000000000F1
:10AF600000000000000000000000000000000000E1
:10AF700000000000000000000000000000000000D1
:10AF800000000000000000000000000000000000C1
:10AF900000000000000000000000000000000000B1
:10AFA00000000000000000000000000000000000A1
:10AFB0000000000000000000000000000000000091
:10AFC0000000000000000000000000000000000081
:10AFD0000000000000000000000000000000000071
:10AFE0000000000000000000000000000000000061
:10AFF0000000000000000000000000000000000051
:10B000000000000000000000000000000000000040
:10B010000000000000000000000000000000000030
:10B020000000000000000000000000000000000020
:10B030000000000000000000000000000000000010
:10B040000000000000000000000000000000000000
:10B0500000000000000000000000000000000000F0
:10B0600000000000000000000000000000000000E0
:10B0700000000000000000000000000000000000D0
:10B0800000000000000000000000000000000000C0
:10B0900000000000000000000000000000000000B0
:10B0A00000000000000000000000000000000000A0
:10B0B0000000000000000000000000000000000090
:10B0C0000000000000000000000000000000000080
:10B0D0000000000000000000000000000000000070
:10B0E0000000000000000000000000000000000060
:10B0F0000000000000000000000000000000000050
:10B10000000000000000000000000000000000003F
:10B11000000000000000000000000000000000002F
:10B12000000000000000000000000000000000001F
:10B13000000000000000000000000000000000000F
:10B1400000000000000000000000000000000000FF
:10B1500000000000000000000000000000000000EF
:10B1600000000000000000000000000000000000DF
:10B1700000000000000000000000000000000000CF
:10B1800000000000000000000000000000000000BF
:10B1900000000000000000000000000000000000AF
:10B1A000000000000000000000000000000000009F
:10B1B000000000000000000000000000000000008F
:10B1C000000000000000000000000000000000007F
:10B1D000000000000000000000000000000000006F
:10B1E000000000000000000000000000000000005F
:10B1F000000000000000000000000000000000004F
:10B20000000000000000000000000000000000003E
:10B21000000000000000000000000000000000002E
:10B22000000000000000000000000000000000001E
:10B23000000000000000000000000000000000000E
:10B2400000000000000000000000000000000000FE
:10B2500000000000000000000000000000000000EE
:10B2600000000000000000000000000000000000DE
:10B2700000000000000000000000000000000000CE
:10B2800000000000000000000000000000000000BE
:10B2900000000000000000000000000000000000AE
:10B2A000000000000000000000000000000000009E
:10B2B000000000000000000000000000000000008E
:10B2C000000000000000000000000000000000007E
:10B2D000000000000000000000000000000000006E
:10B2E000000000000000000000000000000000005E
:10B2F000000000000000000000000000000000004E
:10B30000000000000000000000000000000000003D
:10B31000000000000000000000000000000000002D
:10B32000000000000000000000000000000000001D
:10B33000000000000000000000000000000000000D
:10B3400000000000000000000000000000000000FD
:10B3500000000000000000000000000000000000ED
:10B3600000000000000000000000000000000000DD
:10B3700000000000000000000000000000000000CD
:10B3800000000000000000000000000000000000BD
:10B3900000000000000000000000000000000000AD
:10B3A000000000000000000000000000000000009D
:10B3B000000000000000000000000000000000008D
:10B3C000000000000000000000000000000000007D
:10B3D000000000000000000000000000000000006D
:10B3E000000000000000000000000000000000005D
:10B3F000000000000000000000000000000000004D
:10B40000000000000000000000000000000000003C
:10B41000000000000000000000000000000000002C
:10B42000000000000000000000000000000000001C
:10B43000000000000000000000000000000000000C
:10B4400000000000000000000000000000000000FC
:10B4500000000000000000000000000000000000EC
:10B4600000000000000000000000000000000000DC
:10B4700000000000000000000000000000000000CC
:10B4800000000000000000000000000000000000BC
:10B4900000000000000000000000000000000000AC
:10B4A000000000000000000000000000000000009C
:10B4B000000000000000000000000000000000008C
:10B4C000000000000000000000000000000000007C
:10B4D000000000000000000000000000000000006C
:10B4E000000000000000000000000000000000005C
:10B4F000000000000000000000000000000000004C
:10B50000000000000000000000000000000000003B
:10B51000000000000000000000000000000000002B
:10B52000000000000000000000000000000000001B
:10B53000000000000000000000000000000000000B
:10B5400000000000000000000000000000000000FB
:10B5500000000000000000000000000000000000EB
:10B5600000000000000000000000000000000000DB
:10B5700000000000000000000000000000000000CB
:10B5800000000000000000000000000000000000BB
:10B5900000000000000000000000000000000000AB
:10B5A000000000000000000000000000000000009B
:10B5B000000000000000000000000000000000008B
:10B5C000000000000000000000000000000000007B
:10B5D000000000000000000000000000000000006B
:10B5E000000000000000000000000000000000005B
:10B5F000000000000000000000000000000000004B
:10B60000000000000000000000000000000000003A
:10B61000000000000000000000000000000000002A
:10B62000000000000000000000000000000000001A
:10B63000000000000000000000000000000000000A
:10B6400000000000000000000000000000000000FA
:10B6500000000000000000000000000000000000EA
:10B6600000000000000000000000000000000000DA
:10B6700000000000000000000000000000000000CA
:10B6800000000000000000000000000000000000BA
:10B6900000000000000000000000000000000000AA
:10B6A000000000000000000000000000000000009A
:10B6B000000000000000000000000000000000008A
:10B6C000000000000000000000000000000000007A
:10B6D000000000000000000000000000000000006A
:10B6E000000000000000000000000000000000005A
:10B6F000000000000000000000000000000000004A
:10B700000000000000000000000000000000000039
:10B710000000000000000000000000000000000029
:10B720000000000000000000000000000000000019
:10B730000000000000000000000000000000000009
:10B7400000000000000000000000000000000000F9
:10B7500000000000000000000000000000000000E9
:10B7600000000000000000000000000000000000D9
:10B7700000000000000000000000000000000000C9
:10B7800000000000000000000000000000000000B9
:10B7900000000000000000000000000000000000A9
:10B7A0000000000000000000000000000000000099
:10B7B0000000000000000000000000000000000089
:10B7C0000000000000000000000000000000000079
:10B7D0000000000000000000000000000000000069
:10B7E0000000000000000000000000000000000059
:10B7F0000000000000000000000000000000000049
:10B800000000000000000000000000000000000038
:10B810000000000000000000000000000000000028
:10B820000000000000000000000000000000000018
:10B830000000000000000000000000000000000008
:10B8400000000000000000000000000000000000F8
:10B8500000000000000000000000000000000000E8
:10B8600000000000000000000000000000000000D8
:10B8700000000000000000000000000000000000C8
:10B8800000000000000000000000000000000000B8
:10B8900000000000000000000000000000000000A8
:10B8A0000000000000000000000000000000000098
:10B8B0000000000000000000000000000000000088
:10B8C0000000000000000000000000000000000078
:10B8D0000000000000000000000000000000000068
:10B8E0000000000000000000000000000000000058
:10B8F0000000000000000000000000000000000048
:10B900000000000000000000000000000000000037
:10B910000000000000000000000000000000000027
:10B920000000000000000000000000000000000017
:10B930000000000000000000000000000000000007
:10B9400000000000000000000000000000000000F7
:10B9500000000000000000000000000000000000E7
:10B9600000000000000000000000000000000000D7
:10B9700000000000000000000000000000000000C7
:10B9800000000000000000000000000000000000B7
:10B9900000000000000000000000000000000000A7
:10B9A0000000000000000000000000000000000097
:10B9B0000000000000000000000000000000000087
:10B9C0000000000000000000000000000000000077
:10B9D0000000000000000000000000000000000067
:10B9E0000000000000000000000000000000000057
:10B9F0000000000000000000000000000000000047
:10BA00000000000000000000000000000000000036
:10BA10000000000000000000000000000000000026
:10BA20000000000000000000000000000000000016
:10BA30000000000000000000000000000000000006
:10BA400000000000000000000000000000000000F6
:10BA500000000000000000000000000000000000E6
:10BA600000000000000000000000000000000000D6
:10BA700000000000000000000000000000000000C6
:10BA800000000000000000000000000000000000B6
:10BA900000000000000000000000000000000000A6
:10BAA0000000000000000000000000000000000096
:10BAB0000000000000000000000000000000000086
:10BAC0000000000000000000000000000000000076
:10BAD0000000000000000000000000000000000066
:10BAE0000000000000000000000000000000000056
:10BAF0000000000000000000000000000000000046
:10BB00000000000000000000000000000000000035
:10BB10000000000000000000000000000000000025
:10BB20000000000000000000000000000000000015
:10BB30000000000000000000000000000000000005
:10BB400000000000000000000000000000000000F5
:10BB500000000000000000000000000000000000E5
:10BB600000000000000000000000000000000000D5
:10BB700000000000000000000000000000000000C5
:10BB800000000000000000000000000000000000B5
:10BB900000000000000000000000000000000000A5
:10BBA0000000000000000000000000000000000095
:10BBB0000000000000000000000000000000000085
:10BBC0000000000000000000000000000000000075
:10BBD0000000000000000000000000000000000065
:10BBE0000000000000000000000000000000000055
:10BBF0000000000000000000000000000000000045
:10BC00000000000000000000000000000000000034
:10BC10000000000000000000000000000000000024
:10BC20000000000000000000000000000000000014
:10BC30000000000000000000000000000000000004
:10BC400000000000000000000000000000000000F4
:10BC500000000000000000000000000000000000E4
:10BC600000000000000000000000000000000000D4
:10BC700000000000000000000000000000000000C4
:10BC800000000000000000000000000000000000B4
:10BC900000000000000000000000000000000000A4
:10BCA0000000000000000000000000000000000094
:10BCB0000000000000000000000000000000000084
:10BCC0000000000000000000000000000000000074
:10BCD0000000000000000000000000000000000064
:10BCE0000000000000000000000000000000000054
:10BCF0000000000000000000000000000000000044
:10BD00000000000000000000000000000000000033
:10BD10000000000000000000000000000000000023
:10BD20000000000000000000000000000000000013
:10BD30000000000000000000000000000000000003
:10BD400000000000000000000000000000000000F3
:10BD500000000000000000000000000000000000E3
:10BD600000000000000000000000000000000000D3
:10BD700000000000000000000000000000000000C3
:10BD800000000000000000000000000000000000B3
:10BD900000000000000000000000000000000000A3
:10BDA0000000000000000000000000000000000093
:10BDB0000000000000000000000000000000000083
:10BDC0000000000000000000000000000000000073
:10BDD0000000000000000000000000000000000063
:10BDE0000000000000000000000000000000000053
:10BDF0000000000000000000000000000000000043
:10BE00000000000000000000000000000000000032
:10BE10000000000000000000000000000000000022
:10BE20000000000000000000000000000000000012
:10BE30000000000000000000000000000000000002
:10BE400000000000000000000000000000000000F2
:10BE500000000000000000000000000000000000E2
:10BE600000000000000000000000000000000000D2
:10BE700000000000000000000000000000000000C2
:10BE800000000000000000000000000000000000B2
:10BE900000000000000000000000000000000000A2
:10BEA0000000000000000000000000000000000092
:10BEB0000000000000000000000000000000000082
:10BEC0000000000000000000000000000000000072
:10BED0000000000000000000000000000000000062
:10BEE0000000000000000000000000000000000052
:10BEF0000000000000000000000000000000000042
:10BF00000000000000000000000000000000000031
:10BF10000000000000000000000000000000000021
:10BF20000000000000000000000000000000000011
:10BF30000000000000000000000000000000000001
:10BF400000000000000000000000000000000000F1
:10BF500000000000000000000000000000000000E1
:10BF600000000000000000000000000000000000D1
:10BF700000000000000000000000000000000000C1
:10BF800000000000000000000000000000000000B1
:10BF900000000000000000000000000000000000A1
:10BFA0000000000000000000000000000000000091
:10BFB0000000000000000000000000000000000081
:10BFC0000000000000000000000000000000000071
:10BFD0000000000000000000000000000000000061
:10BFE0000000000000000000000000000000000051
:10BFF0000000000000000000000000000000000041
:10C000000000000000000000000000000000000030
:10C010000000000000000000000000000000000020
:10C020000000000000000000000000000000000010
:10C030000000000000000000000000000000000000
:10C0400000000000000000000000000000000000F0
:10C0500000000000000000000000000000000000E0
:10C0600000000000000000000000000000000000D0
:10C0700000000000000000000000000000000000C0
:10C0800000000000000000000000000000000000B0
:10C0900000000000000000000000000000000000A0
:10C0A0000000000000000000000000000000000090
:10C0B0000000000000000000000000000000000080
:10C0C0000000000000000000000000000000000070
:10C0D0000000000000000000000000000000000060
:10C0E0000000000000000000000000000000000050
:10C0F0000000000000000000000000000000000040
:10C10000000000000000000000000000000000002F
:10C11000000000000000000000000000000000001F
:10C12000000000000000000000000000000000000F
:10C1300000000000000000000000000000000000FF
:10C1400000000000000000000000000000000000EF
:10C1500000000000000000000000000000000000DF
:10C1600000000000000000000000000000000000CF
:10C1700000000000000000000000000000000000BF
:10C1800000000000000000000000000000000000AF
:10C19000000000000000000000000000000000009F
:10C1A000000000000000000000000000000000008F
:10C1B000000000000000000000000000000000007F
:10C1C000000000000000000000000000000000006F
:10C1D000000000000000000000000000000000005F
:10C1E000000000000000000000000000000000004F
:10C1F000000000000000000000000000000000003F
:10C20000000000000000000000000000000000002E
:10C21000000000000000000000000000000000001E
:10C22000000000000000000000000000000000000E
:10C2300000000000000000000000000000000000FE
:10C2400000000000000000000000000000000000EE
:10C2500000000000000000000000000000000000DE
:10C2600000000000000000000000000000000000CE
:10C2700000000000000000000000000000000000BE
:10C2800000000000000000000000000000000000AE
:10C29000000000000000000000000000000000009E
:10C2A000000000000000000000000000000000008E
:10C2B000000000000000000000000000000000007E
:10C2C000000000000000000000000000000000006E
:10C2D000000000000000000000000000000000005E
:10C2E000000000000000000000000000000000004E
:10C2F000000000000000000000000000000000003E
:10C30000000000000000000000000000000000002D
:10C31000000000000000000000000000000000001D
:10C32000000000000000000000000000000000000D
:10C3300000000000000000000000000000000000FD
:10C3400000000000000000000000000000000000ED
:10C3500000000000000000000000000000000000DD
:10C3600000000000000000000000000000000000CD
:10C3700000000000000000000000000000000000BD
:10C3800000000000000000000000000000000000AD
:10C39000000000000000000000000000000000009D
:10C3A000000000000000000000000000000000008D
:10C3B000000000000000000000000000000000007D
:10C3C000000000000000000000000000000000006D
:10C3D000000000000000000000000000000000005D
:10C3E000000000000000000000000000000000004D
:10C3F000000000000000000000000000000000003D
:10C40000000000000000000000000000000000002C
:10C41000000000000000000000000000000000001C
:10C42000000000000000000000000000000000000C
:10C4300000000000000000000000000000000000FC
:10C4400000000000000000000000000000000000EC
:10C4500000000000000000000000000000000000DC
:10C4600000000000000000000000000000000000CC
:10C4700000000000000000000000000000000000BC
:10C4800000000000000000000000000000000000AC
:10C49000000000000000000000000000000000009C
:10C4A000000000000000000000000000000000008C
:10C4B000000000000000000000000000000000007C
:10C4C000000000000000000000000000000000006C
:10C4D000000000000000000000000000000000005C
:10C4E000000000000000000000000000000000004C
:10C4F000000000000000000000000000000000003C
:10C50000000000000000000000000000000000002B
:10C51000000000000000000000000000000000001B
:10C52000000000000000000000000000000000000B
:10C5300000000000000000000000000000000000FB
:10C5400000000000000000000000000000000000EB
:10C5500000000000000000000000000000000000DB
:10C5600000000000000000000000000000000000CB
:10C5700000000000000000000000000000000000BB
:10C5800000000000000000000000000000000000AB
:10C59000000000000000000000000000000000009B
:10C5A000000000000000000000000000000000008B
:10C5B000000000000000000000000000000000007B
:10C5C000000000000000000000000000000000006B
:10C5D000000000000000000000000000000000005B
:10C5E000000000000000000000000000000000004B
:10C5F000000000000000000000000000000000003B
:10C60000000000000000000000000000000000002A
:10C61000000000000000000000000000000000001A
:10C62000000000000000000000000000000000000A
:10C6300000000000000000000000000000000000FA
:10C6400000000000000000000000000000000000EA
:10C6500000000000000000000000000000000000DA
:10C6600000000000000000000000000000000000CA
:10C6700000000000000000000000000000000000BA
:10C6800000000000000000000000000000000000AA
:10C69000000000000000000000000000000000009A
:10C6A000000000000000000000000000000000008A
:10C6B000000000000000000000000000000000007A
:10C6C000000000000000000000000000000000006A
:10C6D000000000000000000000000000000000005A
:10C6E000000000000000000000000000000000004A
:10C6F000000000000000000000000000000000003A
:10C700000000000000000000000000000000000029
:10C710000000000000000000000000000000000019
:10C720000000000000000000000000000000000009
:10C7300000000000000000000000000000000000F9
:10C7400000000000000000000000000000000000E9
:10C7500000000000000000000000000000000000D9
:10C7600000000000000000000000000000000000C9
:10C7700000000000000000000000000000000000B9
:10C7800000000000000000000000000000000000A9
:10C790000000000000000000000000000000000099
:10C7A0000000000000000000000000000000000089
:10C7B0000000000000000000000000000000000079
:10C7C0000000000000000000000000000000000069
:10C7D0000000000000000000000000000000000059
:10C7E0000000000000000000000000000000000049
:10C7F0000000000000000000000000000000000039
:10C800000000000000000000000000000000000028
:10C810000000000000000000000000000000000018
:10C820000000000000000000000000000000000008
:10C8300000000000000000000000000000000000F8
:10C8400000000000000000000000000000000000E8
:10C8500000000000000000000000000000000000D8
:10C8600000000000000000000000000000000000C8
:10C8700000000000000000000000000000000000B8
:10C8800000000000000000000000000000000000A8
:10C890000000000000000000000000000000000098
:10C8A0000000000000000000000000000000000088
:10C8B0000000000000000000000000000000000078
:10C8C0000000000000000000000000000000000068
:10C8D0000000000000000000000000000000000058
:10C8E0000000000000000000000000000000000048
:10C8F0000000000000000000000000000000000038
:10C900000000000000000000000000000000000027
:10C910000000000000000000000000000000000017
:10C920000000000000000000000000000000000007
:10C9300000000000000000000000000000000000F7
:10C9400000000000000000000000000000000000E7
:10C9500000000000000000000000000000000000D7
:10C9600000000000000000000000000000000000C7
:10C9700000000000000000000000000000000000B7
:10C9800000000000000000000000000000000000A7
:10C990000000000000000000000000000000000097
:10C9A0000000000000000000000000000000000087
:10C9B0000000000000000000000000000000000077
:10C9C0000000000000000000000000000000000067
:10C9D0000000000000000000000000000000000057
:10C9E0000000000000000000000000000000000047
:10C9F0000000000000000000000000000000000037
:10CA00000000000000000000000000000000000026
:10CA10000000000000000000000000000000000016
:10CA20000000000000000000000000000000000006
:10CA300000000000000000000000000000000000F6
:10CA400000000000000000000000000000000000E6
:10CA500000000000000000000000000000000000D6
:10CA600000000000000000000000000000000000C6
:10CA700000000000000000000000000000000000B6
:10CA800000000000000000000000000000000000A6
:10CA90000000000000000000000000000000000096
:10CAA0000000000000000000000000000000000086
:10CAB0000000000000000000000000000000000076
:10CAC0000000000000000000000000000000000066
:10CAD0000000000000000000000000000000000056
:10CAE0000000000000000000000000000000000046
:10CAF0000000000000000000000000000000000036
:10CB00000000000000000000000000000000000025
:10CB10000000000000000000000000000000000015
:10CB20000000000000000000000000000000000005
:10CB300000000000000000000000000000000000F5
:10CB400000000000000000000000000000000000E5
:10CB500000000000000000000000000000000000D5
:10CB600000000000000000000000000000000000C5
:10CB700000000000000000000000000000000000B5
:10CB800000000000000000000000000000000000A5
:10CB90000000000000000000000000000000000095
:10CBA0000000000000000000000000000000000085
:10CBB0000000000000000000000000000000000075
:10CBC0000000000000000000000000000000000065
:10CBD0000000000000000000000000000000000055
:10CBE0000000000000000000000000000000000045
:10CBF0000000000000000000000000000000000035
:10CC00000000000000000000000000000000000024
:10CC10000000000000000000000000000000000014
:10CC20000000000000000000000000000000000004
:10CC300000000000000000000000000000000000F4
:10CC400000000000000000000000000000000000E4
:10CC500000000000000000000000000000000000D4
:10CC600000000000000000000000000000000000C4
:10CC700000000000000000000000000000000000B4
:10CC800000000000000000000000000000000000A4
:10CC90000000000000000000000000000000000094
:10CCA0000000000000000000000000000000000084
:10CCB0000000000000000000000000000000000074
:10CCC0000000000000000000000000000000000064
:10CCD0000000000000000000000000000000000054
:10CCE0000000000000000000000000000000000044
:10CCF0000000000000000000000000000000000034
:10CD00000000000000000000000000000000000023
:10CD10000000000000000000000000000000000013
:10CD20000000000000000000000000000000000003
:10CD300000000000000000000000000000000000F3
:10CD400000000000000000000000000000000000E3
:10CD500000000000000000000000000000000000D3
:10CD600000000000000000000000000000000000C3
:10CD700000000000000000000000000000000000B3
:10CD800000000000000000000000000000000000A3
:10CD90000000000000000000000000000000000093
:10CDA0000000000000000000000000000000000083
:10CDB0000000000000000000000000000000000073
:10CDC0000000000000000000000000000000000063
:10CDD0000000000000000000000000000000000053
:10CDE0000000000000000000000000000000000043
:10CDF0000000000000000000000000000000000033
:10CE00000000000000000000000000000000000022
:10CE10000000000000000000000000000000000012
:10CE20000000000000000000000000000000000002
:10CE300000000000000000000000000000000000F2
:10CE400000000000000000000000000000000000E2
:10CE500000000000000000000000000000000000D2
:10CE600000000000000000000000000000000000C2
:10CE700000000000000000000000000000000000B2
:10CE800000000000000000000000000000000000A2
:10CE90000000000000000000000000000000000092
:10CEA0000000000000000000000000000000000082
:10CEB0000000000000000000000000000000000072
:10CEC0000000000000000000000000000000000062
:10CED0000000000000000000000000000000000052
:10CEE0000000000000000000000000000000000042
:10CEF0000000000000000000000000000000000032
:10CF00000000000000000000000000000000000021
:10CF10000000000000000000000000000000000011
:10CF20000000000000000000000000000000000001
:10CF300000000000000000000000000000000000F1
:10CF400000000000000000000000000000000000E1
:10CF500000000000000000000000000000000000D1
:10CF600000000000000000000000000000000000C1
:10CF700000000000000000000000000000000000B1
:10CF800000000000000000000000000000000000A1
:10CF90000000000000000000000000000000000091
:10CFA0000000000000000000000000000000000081
:10CFB0000000000000000000000000000000000071
:10CFC0000000000000000000000000000000000061
:10CFD0000000000000000000000000000000000051
:10CFE0000000000000000000000000000000000041
:10CFF0000000000000000000000000000000000031
:10D000000000000000000000000000000000000020
:10D010000000000000000000000000000000000010
:10D020000000000000000000000000000000000000
:10D0300000000000000000000000000000000000F0
:10D0400000000000000000000000000000000000E0
:10D0500000000000000000000000000000000000D0
:10D0600000000000000000000000000000000000C0
:10D0700000000000000000000000000000000000B0
:10D0800000000000000000000000000000000000A0
:10D090000000000000000000000000000000000090
:10D0A0000000000000000000000000000000000080
:10D0B0000000000000000000000000000000000070
:10D0C0000000000000000000000000000000000060
:10D0D0000000000000000000000000000000000050
:10D0E0000000000000000000000000000000000040
:10D0F0000000000000000000000000000000000030
:10D10000000000000000000000000000000000001F
:10D11000000000000000000000000000000000000F
:10D1200000000000000000000000000000000000FF
:10D1300000000000000000000000000000000000EF
:10D1400000000000000000000000000000000000DF
:10D1500000000000000000000000000000000000CF
:10D1600000000000000000000000000000000000BF
:10D1700000000000000000000000000000000000AF
:10D18000000000000000000000000000000000009F
:10D19000000000000000000000000000000000008F
:10D1A000000000000000000000000000000000007F
:10D1B000000000000000000000000000000000006F
:10D1C000000000000000000000000000000000005F
:10D1D000000000000000000000000000000000004F
:10D1E000000000000000000000000000000000003F
:10D1F000000000000000000000000000000000002F
:10D20000000000000000000000000000000000001E
:10D21000000000000000000000000000000000000E
:10D2200000000000000000000000000000000000FE
:10D2300000000000000000000000000000000000EE
:10D2400000000000000000000000000000000000DE
:10D2500000000000000000000000000000000000CE
:10D2600000000000000000000000000000000000BE
:10D2700000000000000000000000000000000000AE
:10D28000000000000000000000000000000000009E
:10D29000000000000000000000000000000000008E
:10D2A000000000000000000000000000000000007E
:10D2B000000000000000000000000000000000006E
:10D2C000000000000000000000000000000000005E
:10D2D000000000000000000000000000000000004E
:10D2E000000000000000000000000000000000003E
:10D2F000000000000000000000000000000000002E
:10D30000000000000000000000000000000000001D
:10D31000000000000000000000000000000000000D
:10D3200000000000000000000000000000000000FD
:10D3300000000000000000000000000000000000ED
:10D3400000000000000000000000000000000000DD
:10D3500000000000000000000000000000000000CD
:10D3600000000000000000000000000000000000BD
:10D3700000000000000000000000000000000000AD
:10D38000000000000000000000000000000000009D
:10D39000000000000000000000000000000000008D
:10D3A000000000000000000000000000000000007D
:10D3B000000000000000000000000000000000006D
:10D3C000000000000000000000000000000000005D
:10D3D000000000000000000000000000000000004D
:10D3E000000000000000000000000000000000003D
:10D3F000000000000000000000000000000000002D
:10D40000000000000000000000000000000000001C
:10D41000000000000000000000000000000000000C
:10D4200000000000000000000000000000000000FC
:10D4300000000000000000000000000000000000EC
:10D4400000000000000000000000000000000000DC
:10D4500000000000000000000000000000000000CC
:10D4600000000000000000000000000000000000BC
:10D4700000000000000000000000000000000000AC
:10D48000000000000000000000000000000000009C
:10D49000000000000000000000000000000000008C
:10D4A000000000000000000000000000000000007C
:10D4B000000000000000000000000000000000006C
:10D4C000000000000000000000000000000000005C
:10D4D000000000000000000000000000000000004C
:10D4E000000000000000000000000000000000003C
:10D4F000000000000000000000000000000000002C
:10D50000000000000000000000000000000000001B
:10D51000000000000000000000000000000000000B
:10D5200000000000000000000000000000000000FB
:10D5300000000000000000000000000000000000EB
:10D5400000000000000000000000000000000000DB
:10D5500000000000000000000000000000000000CB
:10D5600000000000000000000000000000000000BB
:10D5700000000000000000000000000000000000AB
:10D58000000000000000000000000000000000009B
:10D59000000000000000000000000000000000008B
:10D5A000000000000000000000000000000000007B
:10D5B000000000000000000000000000000000006B
:10D5C000000000000000000000000000000000005B
:10D5D000000000000000000000000000000000004B
:10D5E000000000000000000000000000000000003B
:10D5F000000000000000000000000000000000002B
:10D60000000000000000000000000000000000001A
:10D61000000000000000000000000000000000000A
:10D6200000000000000000000000000000000000FA
:10D6300000000000000000000000000000000000EA
:10D6400000000000000000000000000000000000DA
:10D6500000000000000000000000000000000000CA
:10D6600000000000000000000000000000000000BA
:10D6700000000000000000000000000000000000AA
:10D68000000000000000000000000000000000009A
:10D69000000000000000000000000000000000008A
:10D6A000000000000000000000000000000000007A
:10D6B000000000000000000000000000000000006A
:10D6C000000000000000000000000000000000005A
:10D6D000000000000000000000000000000000004A
:10D6E000000000000000000000000000000000003A
:10D6F000000000000000000000000000000000002A
:10D700000000000000000000000000000000000019
:10D710000000000000000000000000000000000009
:10D7200000000000000000000000000000000000F9
:10D7300000000000000000000000000000000000E9
:10D7400000000000000000000000000000000000D9
:10D7500000000000000000000000000000000000C9
:10D7600000000000000000000000000000000000B9
:10D7700000000000000000000000000000000000A9
:10D780000000000000000000000000000000000099
:10D790000000000000000000000000000000000089
:10D7A0000000000000000000000000000000000079
:10D7B0000000000000000000000000000000000069
:10D7C0000000000000000000000000000000000059
:10D7D0000000000000000000000000000000000049
:10D7E0000000000000000000000000000000000039
:10D7F0000000000000000000000000000000000029
:10D800000000000000000000000000000000000018
:10D810000000000000000000000000000000000008
:10D8200000000000000000000000000000000000F8
:10D8300000000000000000000000000000000000E8
:10D8400000000000000000000000000000000000D8
:10D8500000000000000000000000000000000000C8
:10D8600000000000000000000000000000000000B8
:10D8700000000000000000000000000000000000A8
:10D880000000000000000000000000000000000098
:10D890000000000000000000000000000000000088
:10D8A0000000000000000000000000000000000078
:10D8B0000000000000000000000000000000000068
:10D8C0000000000000000000000000000000000058
:10D8D0000000000000000000000000000000000048
:10D8E0000000000000000000000000000000000038
:10D8F0000000000000000000000000000000000028
:10D900000000000000000000000000000000000017
:10D910000000000000000000000000000000000007
:10D9200000000000000000000000000000000000F7
:10D9300000000000000000000000000000000000E7
:10D9400000000000000000000000000000000000D7
:10D9500000000000000000000000000000000000C7
:10D9600000000000000000000000000000000000B7
:10D9700000000000000000000000000000000000A7
:10D980000000000000000000000000000000000097
:10D990000000000000000000000000000000000087
:10D9A0000000000000000000000000000000000077
:10D9B0000000000000000000000000000000000067
:10D9C0000000000000000000000000000000000057
:10D9D0000000000000000000000000000000000047
:10D9E0000000000000000000000000000000000037
:10D9F0000000000000000000000000000000000027
:10DA00000000000000000000000000000000000016
:10DA10000000000000000000000000000000000006
:10DA200000000000000000000000000000000000F6
:10DA300000000000000000000000000000000000E6
:10DA400000000000000000000000000000000000D6
:10DA500000000000000000000000000000000000C6
:10DA600000000000000000000000000000000000B6
:10DA700000000000000000000000000000000000A6
:10DA80000000000000000000000000000000000096
:10DA90000000000000000000000000000000000086
:10DAA0000000000000000000000000000000000076
:10DAB0000000000000000000000000000000000066
:10DAC0000000000000000000000000000000000056
:10DAD0000000000000000000000000000000000046
:10DAE0000000000000000000000000000000000036
:10DAF0000000000000000000000000000000000026
:10DB00000000000000000000000000000000000015
:10DB10000000000000000000000000000000000005
:10DB200000000000000000000000000000000000F5
:10DB300000000000000000000000000000000000E5
:10DB400000000000000000000000000000000000D5
:10DB500000000000000000000000000000000000C5
:10DB600000000000000000000000000000000000B5
:10DB700000000000000000000000000000000000A5
:10DB80000000000000000000000000000000000095
:10DB90000000000000000000000000000000000085
:10DBA0000000000000000000000000000000000075
:10DBB0000000000000000000000000000000000065
:10DBC0000000000000000000000000000000000055
:10DBD0000000000000000000000000000000000045
:10DBE0000000000000000000000000000000000035
:10DBF0000000000000000000000000000000000025
:10DC00000000000000000000000000000000000014
:10DC10000000000000000000000000000000000004
:10DC200000000000000000000000000000000000F4
:10DC300000000000000000000000000000000000E4
:10DC400000000000000000000000000000000000D4
:10DC500000000000000000000000000000000000C4
:10DC600000000000000000000000000000000000B4
:10DC700000000000000000000000000000000000A4
:10DC80000000000000000000000000000000000094
:10DC90000000000000000000000000000000000084
:10DCA0000000000000000000000000000000000074
:10DCB0000000000000000000000000000000000064
:10DCC0000000000000000000000000000000000054
:10DCD0000000000000000000000000000000000044
:10DCE0000000000000000000000000000000000034
:10DCF0000000000000000000000000000000000024
:10DD00000000000000000000000000000000000013
:10DD10000000000000000000000000000000000003
:10DD200000000000000000000000000000000000F3
:10DD300000000000000000000000000000000000E3
:10DD400000000000000000000000000000000000D3
:10DD500000000000000000000000000000000000C3
:10DD600000000000000000000000000000000000B3
:10DD700000000000000000000000000000000000A3
:10DD80000000000000000000000000000000000093
:10DD90000000000000000000000000000000000083
:10DDA0000000000000000000000000000000000073
:10DDB0000000000000000000000000000000000063
:10DDC0000000000000000000000000000000000053
:10DDD0000000000000000000000000000000000043
:10DDE0000000000000000000000000000000000033
:10DDF0000000000000000000000000000000000023
:10DE00000000000000000000000000000000000012
:10DE10000000000000000000000000000000000002
:10DE200000000000000000000000000000000000F2
:10DE300000000000000000000000000000000000E2
:10DE400000000000000000000000000000000000D2
:10DE500000000000000000000000000000000000C2
:10DE600000000000000000000000000000000000B2
:10DE700000000000000000000000000000000000A2
:10DE80000000000000000000000000000000000092
:10DE90000000000000000000000000000000000082
:10DEA0000000000000000000000000000000000072
:10DEB0000000000000000000000000000000000062
:10DEC0000000000000000000000000000000000052
:10DED0000000000000000000000000000000000042
:10DEE0000000000000000000000000000000000032
:10DEF0000000000000000000000000000000000022
:10DF00000000000000000000000000000000000011
:10DF10000000000000000000000000000000000001
:10DF200000000000000000000000000000000000F1
:10DF300000000000000000000000000000000000E1
:10DF400000000000000000000000000000000000D1
:10DF500000000000000000000000000000000000C1
:10DF600000000000000000000000000000000000B1
:10DF700000000000000000000000000000000000A1
:10DF80000000000000000000000000000000000091
:10DF90000000000000000000000000000000000081
:10DFA0000000000000000000000000000000000071
:10DFB0000000000000000000000000000000000061
:10DFC0000000000000000000000000000000000051
:10DFD0000000000000000000000000000000000041
:10DFE0000000000000000000000000000000000031
:10DFF0000000000000000000000000000000000021
:10E000000000000000000000000000000000000010
:10E010000000000000000000000000000000000000
:10E0200000000000000000000000000000000000F0
:10E0300000000000000000000000000000000000E0
:10E0400000000000000000000000000000000000D0
:10E0500000000000000000000000000000000000C0
:10E0600000000000000000000000000000000000B0
:10E0700000000000000000000000000000000000A0
:10E080000000000000000000000000000000000090
:10E090000000000000000000000000000000000080
:10E0A0000000000000000000000000000000000070
:10E0B0000000000000000000000000000000000060
:10E0C0000000000000000000000000000000000050
:10E0D0000000000000000000000000000000000040
:10E0E0000000000000000000000000000000000030
:10E0F0000000000000000000000000000000000020
:10E10000000000000000000000000000000000000F
:10E1100000000000000000000000000000000000FF
:10E1200000000000000000000000000000000000EF
:10E1300000000000000000000000000000000000DF
:10E1400000000000000000000000000000000000CF
:10E1500000000000000000000000000000000000BF
:10E1600000000000000000000000000000000000AF
:10E17000000000000000000000000000000000009F
:10E18000000000000000000000000000000000008F
:10E19000000000000000000000000000000000007F
:10E1A000000000000000000000000000000000006F
:10E1B000000000000000000000000000000000005F
:10E1C000000000000000000000000000000000004F
:10E1D000000000000000000000000000000000003F
:10E1E000000000000000000000000000000000002F
:10E1F000000000000000000000000000000000001F
:10E20000000000000000000000000000000000000E
:10E2100000000000000000000000000000000000FE
:10E2200000000000000000000000000000000000EE
:10E2300000000000000000000000000000000000DE
:10E2400000000000000000000000000000000000CE
:10E2500000000000000000000000000000000000BE
:10E2600000000000000000000000000000000000AE
:10E27000000000000000000000000000000000009E
:10E28000000000000000000000000000000000008E
:10E29000000000000000000000000000000000007E
:10E2A000000000000000000000000000000000006E
:10E2B000000000000000000000000000000000005E
:10E2C000000000000000000000000000000000004E
:10E2D000000000000000000000000000000000003E
:10E2E000000000000000000000000000000000002E
:10E2F000000000000000000000000000000000001E
:10E30000000000000000000000000000000000000D
:10E3100000000000000000000000000000000000FD
:10E3200000000000000000000000000000000000ED
:10E3300000000000000000000000000000000000DD
:10E3400000000000000000000000000000000000CD
:10E3500000000000000000000000000000000000BD
:10E3600000000000000000000000000000000000AD
:10E37000000000000000000000000000000000009D
:10E38000000000000000000000000000000000008D
:10E39000000000000000000000000000000000007D
:10E3A000000000000000000000000000000000006D
:10E3B000000000000000000000000000000000005D
:10E3C000000000000000000000000000000000004D
:10E3D000000000000000000000000000000000003D
:10E3E000000000000000000000000000000000002D
:10E3F000000000000000000000000000000000001D
:10E40000000000000000000000000000000000000C
:10E4100000000000000000000000000000000000FC
:10E4200000000000000000000000000000000000EC
:10E4300000000000000000000000000000000000DC
:10E4400000000000000000000000000000000000CC
:10E4500000000000000000000000000000000000BC
:10E4600000000000000000000000000000000000AC
:10E47000000000000000000000000000000000009C
:10E48000000000000000000000000000000000008C
:10E49000000000000000000000000000000000007C
:10E4A000000000000000000000000000000000006C
:10E4B000000000000000000000000000000000005C
:10E4C000000000000000000000000000000000004C
:10E4D000000000000000000000000000000000003C
:10E4E000000000000000000000000000000000002C
:10E4F000000000000000000000000000000000001C
:10E50000000000000000000000000000000000000B
:10E5100000000000000000000000000000000000FB
:10E5200000000000000000000000000000000000EB
:10E5300000000000000000000000000000000000DB
:10E5400000000000000000000000000000000000CB
:10E5500000000000000000000000000000000000BB
:10E5600000000000000000000000000000000000AB
:10E57000000000000000000000000000000000009B
:10E58000000000000000000000000000000000008B
:10E59000000000000000000000000000000000007B
:10E5A000000000000000000000000000000000006B
:10E5B000000000000000000000000000000000005B
:10E5C000000000000000000000000000000000004B
:10E5D000000000000000000000000000000000003B
:10E5E000000000000000000000000000000000002B
:10E5F000000000000000000000000000000000001B
:10E60000000000000000000000000000000000000A
:10E6100000000000000000000000000000000000FA
:10E6200000000000000000000000000000000000EA
:10E6300000000000000000000000000000000000DA
:10E6400000000000000000000000000000000000CA
:10E6500000000000000000000000000000000000BA
:10E6600000000000000000000000000000000000AA
:10E67000000000000000000000000000000000009A
:10E68000000000000000000000000000000000008A
:10E69000000000000000000000000000000000007A
:10E6A000000000000000000000000000000000006A
:10E6B000000000000000000000000000000000005A
:10E6C000000000000000000000000000000000004A
:10E6D000000000000000000000000000000000003A
:10E6E000000000000000000000000000000000002A
:10E6F000000000000000000000000000000000001A
:10E700000000000000000000000000000000000009
:10E7100000000000000000000000000000000000F9
:10E7200000000000000000000000000000000000E9
:10E7300000000000000000000000000000000000D9
:10E7400000000000000000000000000000000000C9
:10E7500000000000000000000000000000000000B9
:10E7600000000000000000000000000000000000A9
:10E770000000000000000000000000000000000099
:10E780000000000000000000000000000000000089
:10E790000000000000000000000000000000000079
:10E7A0000000000000000000000000000000000069
:10E7B0000000000000000000000000000000000059
:10E7C0000000000000000000000000000000000049
:10E7D0000000000000000000000000000000000039
:10E7E0000000000000000000000000000000000029
:10E7F0000000000000000000000000000000000019
:10E800000000000000000000000000000000000008
:10E8100000000000000000000000000000000000F8
:10E8200000000000000000000000000000000000E8
:10E8300000000000000000000000000000000000D8
:10E8400000000000000000000000000000000000C8
:10E8500000000000000000000000000000000000B8
:10E8600000000000000000000000000000000000A8
:10E870000000000000000000000000000000000098
:10E880000000000000000000000000000000000088
:10E890000000000000000000000000000000000078
:10E8A0000000000000000000000000000000000068
:10E8B0000000000000000000000000000000000058
:10E8C0000000000000000000000000000000000048
:10E8D0000000000000000000000000000000000038
:10E8E0000000000000000000000000000000000028
:10E8F0000000000000000000000000000000000018
:10E900000000000000000000000000000000000007
:10E9100000000000000000000000000000000000F7
:10E9200000000000000000000000000000000000E7
:10E9300000000000000000000000000000000000D7
:10E9400000000000000000000000000000000000C7
:10E9500000000000000000000000000000000000B7
:10E9600000000000000000000000000000000000A7
:10E970000000000000000000000000000000000097
:10E980000000000000000000000000000000000087
:10E990000000000000000000000000000000000077
:10E9A0000000000000000000000000000000000067
:10E9B0000000000000000000000000000000000057
:10E9C0000000000000000000000000000000000047
:10E9D0000000000000000000000000000000000037
:10E9E0000000000000000000000000000000000027
:10E9F0000000000000000000000000000000000017
:10EA00000000000000000000000000000000000006
:10EA100000000000000000000000000000000000F6
:10EA200000000000000000000000000000000000E6
:10EA300000000000000000000000000000000000D6
:10EA400000000000000000000000000000000000C6
:10EA500000000000000000000000000000000000B6
:10EA600000000000000000000000000000000000A6
:10EA70000000000000000000000000000000000096
:10EA80000000000000000000000000000000000086
:10EA90000000000000000000000000000000000076
:10EAA0000000000000000000000000000000000066
:10EAB0000000000000000000000000000000000056
:10EAC0000000000000000000000000000000000046
:10EAD0000000000000000000000000000000000036
:10EAE0000000000000000000000000000000000026
:10EAF0000000000000000000000000000000000016
:10EB00000000000000000000000000000000000005
:10EB100000000000000000000000000000000000F5
:10EB200000000000000000000000000000000000E5
:10EB300000000000000000000000000000000000D5
:10EB400000000000000000000000000000000000C5
:10EB500000000000000000000000000000000000B5
:10EB600000000000000000000000000000000000A5
:10EB70000000000000000000000000000000000095
:10EB80000000000000000000000000000000000085
:10EB90000000000000000000000000000000000075
:10EBA0000000000000000000000000000000000065
:10EBB0000000000000000000000000000000000055
:10EBC0000000000000000000000000000000000045
:10EBD0000000000000000000000000000000000035
:10EBE0000000000000000000000000000000000025
:10EBF0000000000000000000000000000000000015
:10EC00000000000000000000000000000000000004
:10EC100000000000000000000000000000000000F4
:10EC200000000000000000000000000000000000E4
:10EC300000000000000000000000000000000000D4
:10EC400000000000000000000000000000000000C4
:10EC500000000000000000000000000000000000B4
:10EC600000000000000000000000000000000000A4
:10EC70000000000000000000000000000000000094
:10EC80000000000000000000000000000000000084
:10EC90000000000000000000000000000000000074
:10ECA0000000000000000000000000000000000064
:10ECB0000000000000000000000000000000000054
:10ECC0000000000000000000000000000000000044
:10ECD0000000000000000000000000000000000034
:10ECE0000000000000000000000000000000000024
:10ECF0000000000000000000000000000000000014
:10ED00000000000000000000000000000000000003
:10ED100000000000000000000000000000000000F3
:10ED200000000000000000000000000000000000E3
:10ED300000000000000000000000000000000000D3
:10ED400000000000000000000000000000000000C3
:10ED500000000000000000000000000000000000B3
:10ED600000000000000000000000000000000000A3
:10ED70000000000000000000000000000000000093
:10ED80000000000000000000000000000000000083
:10ED90000000000000000000000000000000000073
:10EDA0000000000000000000000000000000000063
:10EDB0000000000000000000000000000000000053
:10EDC0000000000000000000000000000000000043
:10EDD0000000000000000000000000000000000033
:10EDE0000000000000000000000000000000000023
:10EDF0000000000000000000000000000000000013
:10EE00000000000000000000000000000000000002
:10EE100000000000000000000000000000000000F2
:10EE200000000000000000000000000000000000E2
:10EE300000000000000000000000000000000000D2
:10EE400000000000000000000000000000000000C2
:10EE500000000000000000000000000000000000B2
:10EE600000000000000000000000000000000000A2
:10EE70000000000000000000000000000000000092
:10EE80000000000000000000000000000000000082
:10EE90000000000000000000000000000000000072
:10EEA0000000000000000000000000000000000062
:10EEB0000000000000000000000000000000000052
:10EEC0000000000000000000000000000000000042
:10EED0000000000000000000000000000000000032
:10EEE0000000000000000000000000000000000022
:10EEF0000000000000000000000000000000000012
:10EF00000000000000000000000000000000000001
:10EF100000000000000000000000000000000000F1
:10EF200000000000000000000000000000000000E1
:10EF300000000000000000000000000000000000D1
:10EF400000000000000000000000000000000000C1
:10EF500000000000000000000000000000000000B1
:10EF600000000000000000000000000000000000A1
:10EF70000000000000000000000000000000000091
:10EF80000000000000000000000000000000000081
:10EF90000000000000000000000000000000000071
:10EFA0000000000000000000000000000000000061
:10EFB0000000000000000000000000000000000051
:10EFC0000000000000000000000000000000000041
:10EFD0000000000000000000000000000000000031
:10EFE0000000000000000000000000000000000021
:10EFF0000000000000000000000000000000000011
:10F000000000000000000000000000000000000000
:10F0100000000000000000000000000000000000F0
:10F0200000000000000000000000000000000000E0
:10F0300000000000000000000000000000000000D0
:10F0400000000000000000000000000000000000C0
:10F0500000000000000000000000000000000000B0
:10F0600000000000000000000000000000000000A0
:10F070000000000000000000000000000000000090
:10F080000000000000000000000000000000000080
:10F090000000000000000000000000000000000070
:10F0A0000000000000000000000000000000000060
:10F0B0000000000000000000000000000000000050
:10F0C0000000000000000000000000000000000040
:10F0D0000000000000000000000000000000000030
:10F0E0000000000000000000000000000000000020
:10F0F0000000000000000000000000000000000010
:10F1000000000000000000000000000000000000FF
:10F1100000000000000000000000000000000000EF
:10F1200000000000000000000000000000000000DF
:10F1300000000000000000000000000000000000CF
:10F1400000000000000000000000000000000000BF
:10F1500000000000000000000000000000000000AF
:10F16000000000000000000000000000000000009F
:10F17000000000000000000000000000000000008F
:10F18000000000000000000000000000000000007F
:10F19000000000000000000000000000000000006F
:10F1A000000000000000000000000000000000005F
:10F1B000000000000000000000000000000000004F
:10F1C000000000000000000000000000000000003F
:10F1D000000000000000000000000000000000002F
:10F1E000000000000000000000000000000000001F
:10F1F000000000000000000000000000000000000F
:10F2000000000000000000000000000000000000FE
:10F2100000000000000000000000000000000000EE
:10F2200000000000000000000000000000000000DE
:10F2300000000000000000000000000000000000CE
:10F2400000000000000000000000000000000000BE
:10F2500000000000000000000000000000000000AE
:10F26000000000000000000000000000000000009E
:10F27000000000000000000000000000000000008E
:10F28000000000000000000000000000000000007E
:10F29000000000000000000000000000000000006E
:10F2A000000000000000000000000000000000005E
:10F2B000000000000000000000000000000000004E
:10F2C000000000000000000000000000000000003E
:10F2D000000000000000000000000000000000002E
:10F2E000000000000000000000000000000000001E
:10F2F000000000000000000000000000000000000E
:10F3000000000000000000000000000000000000FD
:10F3100000000000000000000000000000000000ED
:10F3200000000000000000000000000000000000DD
:10F3300000000000000000000000000000000000CD
:10F3400000000000000000000000000000000000BD
:10F3500000000000000000000000000000000000AD
:10F36000000000000000000000000000000000009D
:10F37000000000000000000000000000000000008D
:10F38000000000000000000000000000000000007D
:10F39000000000000000000000000000000000006D
:10F3A000000000000000000000000000000000005D
:10F3B000000000000000000000000000000000004D
:10F3C000000000000000000000000000000000003D
:10F3D000000000000000000000000000000000002D
:10F3E000000000000000000000000000000000001D
:10F3F000000000000000000000000000000000000D
:10F4000000000000000000000000000000000000FC
:10F4100000000000000000000000000000000000EC
:10F4200000000000000000000000000000000000DC
:10F4300000000000000000000000000000000000CC
:10F4400000000000000000000000000000000000BC
:10F4500000000000000000000000000000000000AC
:10F46000000000000000000000000000000000009C
:10F47000000000000000000000000000000000008C
:10F48000000000000000000000000000000000007C
:10F49000000000000000000000000000000000006C
:10F4A000000000000000000000000000000000005C
:10F4B000000000000000000000000000000000004C
:10F4C000000000000000000000000000000000003C
:10F4D000000000000000000000000000000000002C
:10F4E000000000000000000000000000000000001C
:10F4F000000000000000000000000000000000000C
:10F5000000000000000000000000000000000000FB
:10F5100000000000000000000000000000000000EB
:10F5200000000000000000000000000000000000DB
:10F5300000000000000000000000000000000000CB
:10F5400000000000000000000000000000000000BB
:10F5500000000000000000000000000000000000AB
:10F56000000000000000000000000000000000009B
:10F57000000000000000000000000000000000008B
:10F58000000000000000000000000000000000007B
:10F59000000000000000000000000000000000006B
:10F5A000000000000000000000000000000000005B
:10F5B000000000000000000000000000000000004B
:10F5C000000000000000000000000000000000003B
:10F5D000000000000000000000000000000000002B
:10F5E000000000000000000000000000000000001B
:10F5F000000000000000000000000000000000000B
:10F6000000000000000000000000000000000000FA
:10F6100000000000000000000000000000000000EA
:10F6200000000000000000000000000000000000DA
:10F6300000000000000000000000000000000000CA
:10F6400000000000000000000000000000000000BA
:10F6500000000000000000000000000000000000AA
:10F66000000000000000000000000000000000009A
:10F67000000000000000000000000000000000008A
:10F68000000000000000000000000000000000007A
:10F69000000000000000000000000000000000006A
:10F6A000000000000000000000000000000000005A
:10F6B000000000000000000000000000000000004A
:10F6C000000000000000000000000000000000003A
:10F6D000000000000000000000000000000000002A
:10F6E000000000000000000000000000000000001A
:10F6F000000000000000000000000000000000000A
:10F7000000000000000000000000000000000000F9
:10F7100000000000000000000000000000000000E9
:10F7200000000000000000000000000000000000D9
:10F7300000000000000000000000000000000000C9
:10F7400000000000000000000000000000000000B9
:10F7500000000000000000000000000000000000A9
:10F760000000000000000000000000000000000099
:10F770000000000000000000000000000000000089
:10F780000000000000000000000000000000000079
:10F790000000000000000000000000000000000069
:10F7A0000000000000000000000000000000000059
:10F7B0000000000000000000000000000000000049
:10F7C0000000000000000000000000000000000039
:10F7D0000000000000000000000000000000000029
:10F7E0000000000000000000000000000000000019
:10F7F0000000000000000000000000000000000009
:10F8000000000000000000000000000000000000F8
:10F8100000000000000000000000000000000000E8
:10F8200000000000000000000000000000000000D8
:10F8300000000000000000000000000000000000C8
:10F8400000000000000000000000000000000000B8
:10F8500000000000000000000000000000000000A8
:10F860000000000000000000000000000000000098
:10F870000000000000000000000000000000000088
:10F880000000000000000000000000000000000078
:10F890000000000000000000000000000000000068
:10F8A0000000000000000000000000000000000058
:10F8B0000000000000000000000000000000000048
:10F8C0000000000000000000000000000000000038
:10F8D0000000000000000000000000000000000028
:10F8E0000000000000000000000000000000000018
:10F8F0000000000000000000000000000000000008
:10F9000000000000000000000000000000000000F7
:10F9100000000000000000000000000000000000E7
:10F9200000000000000000000000000000000000D7
:10F9300000000000000000000000000000000000C7
:10F9400000000000000000000000000000000000B7
:10F9500000000000000000000000000000000000A7
:10F960000000000000000000000000000000000097
:10F970000000000000000000000000000000000087
:10F980000000000000000000000000000000000077
:10F990000000000000000000000000000000000067
:10F9A0000000000000000000000000000000000057
:10F9B0000000000000000000000000000000000047
:10F9C0000000000000000000000000000000000037
:10F9D0000000000000000000000000000000000027
:10F9E0000000000000000000000000000000000017
:10F9F0000000000000000000000000000000000007
:10FA000000000000000000000000000000000000F6
:10FA100000000000000000000000000000000000E6
:10FA200000000000000000000000000000000000D6
:10FA300000000000000000000000000000000000C6
:10FA400000000000000000000000000000000000B6
:10FA500000000000000000000000000000000000A6
:10FA60000000000000000000000000000000000096
:10FA70000000000000000000000000000000000086
:10FA80000000000000000000000000000000000076
:10FA90000000000000000000000000000000000066
:10FAA0000000000000000000000000000000000056
:10FAB0000000000000000000000000000000000046
:10FAC0000000000000000000000000000000000036
:10FAD0000000000000000000000000000000000026
:10FAE0000000000000000000000000000000000016
:10FAF0000000000000000000000000000000000006
:10FB000000000000000000000000000000000000F5
:10FB100000000000000000000000000000000000E5
:10FB200000000000000000000000000000000000D5
:10FB300000000000000000000000000000000000C5
:10FB400000000000000000000000000000000000B5
:10FB500000000000000000000000000000000000A5
:10FB60000000000000000000000000000000000095
:10FB70000000000000000000000000000000000085
:10FB80000000000000000000000000000000000075
:10FB90000000000000000000000000000000000065
:10FBA0000000000000000000000000000000000055
:10FBB0000000000000000000000000000000000045
:10FBC0000000000000000000000000000000000035
:10FBD0000000000000000000000000000000000025
:10FBE0000000000000000000000000000000000015
:10FBF0000000000000000000000000000000000005
:10FC000000000000000000000000000000000000F4
:10FC100000000000000000000000000000000000E4
:10FC200000000000000000000000000000000000D4
:10FC300000000000000000000000000000000000C4
:10FC400000000000000000000000000000000000B4
:10FC500000000000000000000000000000000000A4
:10FC60000000000000000000000000000000000094
:10FC70000000000000000000000000000000000084
:10FC80000000000000000000000000000000000074
:10FC90000000000000000000000000000000000064
:10FCA0000000000000000000000000000000000054
:10FCB0000000000000000000000000000000000044
:10FCC0000000000000000000000000000000000034
:10FCD0000000000000000000000000000000000024
:10FCE0000000000000000000000000000000000014
:10FCF0000000000000000000000000000000000004
:10FD000000000000000000000000000000000000F3
:10FD100000000000000000000000000000000000E3
:10FD200000000000000000000000000000000000D3
:10FD300000000000000000000000000000000000C3
:10FD400000000000000000000000000000000000B3
:10FD500000000000000000000000000000000000A3
:10FD60000000000000000000000000000000000093
:10FD70000000000000000000000000000000000083
:10FD80000000000000000000000000000000000073
:10FD90000000000000000000000000000000000063
:10FDA0000000000000000000000000000000000053
:10FDB0000000000000000000000000000000000043
:10FDC0000000000000000000000000000000000033
:10FDD0000000000000000000000000000000000023
:10FDE0000000000000000000000000000000000013
:10FDF0000000000000000000000000000000000003
:10FE000000000000000000000000000000000000F2
:10FE100000000000000000000000000000000000E2
:10FE200000000000000000000000000000000000D2
:10FE300000000000000000000000000000000000C2
:10FE400000000000000000000000000000000000B2
:10FE500000000000000000000000000000000000A2
:10FE60000000000000000000000000000000000092
:10FE70000000000000000000000000000000000082
:10FE80000000000000000000000000000000000072
:10FE90000000000000000000000000000000000062
:10FEA0000000000000000000000000000000000052
:10FEB0000000000000000000000000000000000042
:10FEC0000000000000000000000000000000000032
:10FED0000000000000000000000000000000000022
:10FEE0000000000000000000000000000000000012
:10FEF0000000000000000000000000000000000002
:10FF000000000000000000000000000000000000F1
:10FF100000000000000000000000000000000000E1
:10FF200000000000000000000000000000000000D1
:10FF300000000000000000000000000000000000C1
:10FF400000000000000000000000000000000000B1
:10FF500000000000000000000000000000000000A1
:10FF60000000000000000000000000000000000091
:10FF70000000000000000000000000000000000081
:10FF80000000000000000000000000000000000071
:10FF90000000000000000000000000000000000061
:10FFA0000000000000000000000000000000000051
:10FFB0000000000000000000000000000000000041
:10FFC0000000000000000000000000000000000031
:10FFD0000000000000000000000000000000000021
:10FFE0000000000000000000000000000000000011
:10FFF0000000000000000000000000000000000001
:020000040813DF
:1000000000000000000000000000000000000000F0
:1000100000000000000000000000000000000000E0
:1000200000000000000000000000000000000000D0
:1000300000000000000000000000000000000000C0
:1000400000000000000000000000000000000000B0
:1000500000000000000000000000000000000000A0
:100060000000000000000000000000000000000090
:100070000000000000000000000000000000000080
:100080000000000000000000000000000000000070
:100090000000000000000000000000000000000060
:1000A0000000000000000000000000000000000050
:1000B0000000000000000000000000000000000040
:1000C0000000000000000000000000000000000030
:1000D0000000000000000000000000000000000020
:1000E0000000000000000000000000000000000010
:1000F0000000000000000000000000000000000000
:1001000000000000000000000000000000000000EF
:1001100000000000000000000000000000000000DF
:1001200000000000000000000000000000000000CF
:1001300000000000000000000000000000000000BF
:1001400000000000000000000000000000000000AF
:10015000000000000000000000000000000000009F
:10016000000000000000000000000000000000008F
:10017000000000000000000000000000000000007F
:10018000000000000000000000000000000000006F
:10019000000000000000000000000000000000005F
:1001A000000000000000000000000000000000004F
:1001B000000000000000000000000000000000003F
:1001C000000000000000000000000000000000002F
:1001D000000000000000000000000000000000001F
:1001E000000000000000000000000000000000000F
:1001F00000000000000000000000000000000000FF
:1002000000000000000000000000000000000000EE
:1002100000000000000000000000000000000000DE
:1002200000000000000000000000000000000000CE
:1002300000000000000000000000000000000000BE
:1002400000000000000000000000000000000000AE
:10025000000000000000000000000000000000009E
:10026000000000000000000000000000000000008E
:10027000000000000000000000000000000000007E
:10028000000000000000000000000000000000006E
:10029000000000000000000000000000000000005E
:1002A000000000000000000000000000000000004E
:1002B000000000000000000000000000000000003E
:1002C000000000000000000000000000000000002E
:1002D000000000000000000000000000000000001E
:1002E000000000000000000000000000000000000E
:1002F00000000000000000000000000000000000FE
:1003000000000000000000000000000000000000ED
:1003100000000000000000000000000000000000DD
:1003200000000000000000000000000000000000CD
:1003300000000000000000000000000000000000BD
:1003400000000000000000000000000000000000AD
:10035000000000000000000000000000000000009D
:10036000000000000000000000000000000000008D
:10037000000000000000000000000000000000007D
:10038000000000000000000000000000000000006D
:10039000000000000000000000000000000000005D
:1003A000000000000000000000000000000000004D
:1003B000000000000000000000000000000000003D
:1003C000000000000000000000000000000000002D
:1003D000000000000000000000000000000000001D
:1003E000000000000000000000000000000000000D
:1003F00000000000000000000000000000000000FD
:1004000000000000000000000000000000000000EC
:1004100000000000000000000000000000000000DC
:1004200000000000000000000000000000000000CC
:1004300000000000000000000000000000000000BC
:1004400000000000000000000000000000000000AC
:10045000000000000000000000000000000000009C
:10046000000000000000000000000000000000008C
:10047000000000000000000000000000000000007C
:10048000000000000000000000000000000000006C
:10049000000000000000000000000000000000005C
:1004A000000000000000000000000000000000004C
:1004B000000000000000000000000000000000003C
:1004C000000000000000000000000000000000002C
:1004D000000000000000000000000000000000001C
:1004E000000000000000000000000000000000000C
:1004F00000000000000000000000000000000000FC
:1005000000000000000000000000000000000000EB
:1005100000000000000000000000000000000000DB
:1005200000000000000000000000000000000000CB
:1005300000000000000000000000000000000000BB
:1005400000000000000000000000000000000000AB
:10055000000000000000000000000000000000009B
:10056000000000000000000000000000000000008B
:10057000000000000000000000000000000000007B
:10058000000000000000000000000000000000006B
:10059000000000000000000000000000000000005B
:1005A000000000000000000000000000000000004B
:1005B000000000000000000000000000000000003B
:1005C000000000000000000000000000000000002B
:1005D000000000000000000000000000000000001B
:1005E000000000000000000000000000000000000B
:1005F00000000000000000000000000000000000FB
:1006000000000000000000000000000000000000EA
:1006100000000000000000000000000000000000DA
:1006200000000000000000000000000000000000CA
:1006300000000000000000000000000000000000BA
:1006400000000000000000000000000000000000AA
:10065000000000000000000000000000000000009A
:10066000000000000000000000000000000000008A
:10067000000000000000000000000000000000007A
:10068000000000000000000000000000000000006A
:10069000000000000000000000000000000000005A
:1006A000000000000000000000000000000000004A
:1006B000000000000000000000000000000000003A
:1006C000000000000000000000000000000000002A
:1006D000000000000000000000000000000000001A
:1006E000000000000000000000000000000000000A
:1006F00000000000000000000000000000000000FA
:1007000000000000000000000000000000000000E9
:1007100000000000000000000000000000000000D9
:1007200000000000000000000000000000000000C9
:1007300000000000000000000000000000000000B9
:1007400000000000000000000000000000000000A9
:100750000000000000000000000000000000000099
:100760000000000000000000000000000000000089
:100770000000000000000000000000000000000079
:100780000000000000000000000000000000000069
:100790000000000000000000000000000000000059
:1007A0000000000000000000000000000000000049
:1007B0000000000000000000000000000000000039
:1007C0000000000000000000000000000000000029
:1007D0000000000000000000000000000000000019
:1007E0000000000000000000000000000000000009
:1007F00000000000000000000000000000000000F9
:1008000000000000000000000000000000000000E8
:1008100000000000000000000000000000000000D8
:1008200000000000000000000000000000000000C8
:1008300000000000000000000000000000000000B8
:1008400000000000000000000000000000000000A8
:100850000000000000000000000000000000000098
:100860000000000000000000000000000000000088
:100870000000000000000000000000000000000078
:100880000000000000000000000000000000000068
:100890000000000000000000000000000000000058
:1008A0000000000000000000000000000000000048
:1008B0000000000000000000000000000000000038
:1008C0000000000000000000000000000000000028
:1008D0000000000000000000000000000000000018
:1008E0000000000000000000000000000000000008
:1008F00000000000000000000000000000000000F8
:1009000000000000000000000000000000000000E7
:1009100000000000000000000000000000000000D7
:1009200000000000000000000000000000000000C7
:1009300000000000000000000000000000000000B7
:1009400000000000000000000000000000000000A7
:100950000000000000000000000000000000000097
:100960000000000000000000000000000000000087
:100970000000000000000000000000000000000077
:100980000000000000000000000000000000000067
:100990000000000000000000000000000000000057
:1009A0000000000000000000000000000000000047
:1009B0000000000000000000000000000000000037
:1009C0000000000000000000000000000000000027
:1009D0000000000000000000000000000000000017
:1009E0000000000000000000000000000000000007
:1009F00000000000000000000000000000000000F7
:100A000000000000000000000000000000000000E6
:100A100000000000000000000000000000000000D6
:100A200000000000000000000000000000000000C6
:100A300000000000000000000000000000000000B6
:100A400000000000000000000000000000000000A6
:100A50000000000000000000000000000000000096
:100A60000000000000000000000000000000000086
:100A70000000000000000000000000000000000076
:100A80000000000000000000000000000000000066
:100A90000000000000000000000000000000000056
:100AA0000000000000000000000000000000000046
:100AB0000000000000000000000000000000000036
:100AC0000000000000000000000000000000000026
:100AD0000000000000000000000000000000000016
:100AE0000000000000000000000000000000000006
:100AF00000000000000000000000000000000000F6
:100B000000000000000000000000000000000000E5
:100B100000000000000000000000000000000000D5
:100B200000000000000000000000000000000000C5
:100B300000000000000000000000000000000000B5
:100B400000000000000000000000000000000000A5
:100B50000000000000000000000000000000000095
:100B60000000000000000000000000000000000085
:100B70000000000000000000000000000000000075
:100B80000000000000000000000000000000000065
:100B90000000000000000000000000000000000055
:100BA0000000000000000000000000000000000045
:100BB0000000000000000000000000000000000035
:100BC0000000000000000000000000000000000025
:100BD0000000000000000000000000000000000015
:100BE0000000000000000000000000000000000005
:100BF00000000000000000000000000000000000F5
:100C000000000000000000000000000000000000E4
:100C100000000000000000000000000000000000D4
:100C200000000000000000000000000000000000C4
:100C300000000000000000000000000000000000B4
:100C400000000000000000000000000000000000A4
:100C50000000000000000000000000000000000094
:100C60000000000000000000000000000000000084
:100C70000000000000000000000000000000000074
:100C80000000000000000000000000000000000064
:100C90000000000000000000000000000000000054
:100CA0000000000000000000000000000000000044
:100CB0000000000000000000000000000000000034
:100CC0000000000000000000000000000000000024
:100CD0000000000000000000000000000000000014
:100CE0000000000000000000000000000000000004
:100CF00000000000000000000000000000000000F4
:100D000000000000000000000000000000000000E3
:100D100000000000000000000000000000000000D3
:100D200000000000000000000000000000000000C3
:100D300000000000000000000000000000000000B3
:100D400000000000000000000000000000000000A3
:100D50000000000000000000000000000000000093
:100D60000000000000000000000000000000000083
:100D70000000000000000000000000000000000073
:100D80000000000000000000000000000000000063
:100D90000000000000000000000000000000000053
:100DA0000000000000000000000000000000000043
:100DB0000000000000000000000000000000000033
:100DC0000000000000000000000000000000000023
:100DD0000000000000000000000000000000000013
:100DE0000000000000000000000000000000000003
:100DF00000000000000000000000000000000000F3
:100E000000000000000000000000000000000000E2
:100E100000000000000000000000000000000000D2
:100E200000000000000000000000000000000000C2
:100E300000000000000000000000000000000000B2
:100E400000000000000000000000000000000000A2
:100E50000000000000000000000000000000000092
:100E60000000000000000000000000000000000082
:100E70000000000000000000000000000000000072
:100E80000000000000000000000000000000000062
:100E90000000000000000000000000000000000052
:100EA0000000000000000000000000000000000042
:100EB0000000000000000000000000000000000032
:100EC0000000000000000000000000000000000022
:100ED0000000000000000000000000000000000012
:100EE0000000000000000000000000000000000002
:100EF00000000000000000000000000000000000F2
:100F000000000000000000000000000000000000E1
:100F100000000000000000000000000000000000D1
:100F200000000000000000000000000000000000C1
:100F300000000000000000000000000000000000B1
:100F400000000000000000000000000000000000A1
:100F50000000000000000000000000000000000091
:100F60000000000000000000000000000000000081
:100F70000000000000000000000000000000000071
:100F80000000000000000000000000000000000061
:100F90000000000000000000000000000000000051
:100FA0000000000000000000000000000000000041
:100FB0000000000000000000000000000000000031
:100FC0000000000000000000000000000000000021
:100FD0000000000000000000000000000000000011
:100FE0000000000000000000000000000000000001
:100FF00000000000000000000000000000000000F1
:1010000000000000000000000000000000000000E0
:1010100000000000000000000000000000000000D0
:1010200000000000000000000000000000000000C0
:1010300000000000000000000000000000000000B0
:1010400000000000000000000000000000000000A0
:101050000000000000000000000000000000000090
:101060000000000000000000000000000000000080
:101070000000000000000000000000000000000070
:101080000000000000000000000000000000000060
:101090000000000000000000000000000000000050
:1010A0000000000000000000000000000000000040
:1010B0000000000000000000000000000000000030
:1010C0000000000000000000000000000000000020
:1010D0000000000000000000000000000000000010
:1010E0000000000000000000000000000000000000
:1010F00000000000000000000000000000000000F0
:1011000000000000000000000000000000000000DF
:1011100000000000000000000000000000000000CF
:1011200000000000000000000000000000000000BF
:1011300000000000000000000000000000000000AF
:10114000000000000000000000000000000000009F
:10115000000000000000000000000000000000008F
:10116000000000000000000000000000000000007F
:10117000000000000000000000000000000000006F
:10118000000000000000000000000000000000005F
:10119000000000000000000000000000000000004F
:1011A000000000000000000000000000000000003F
:1011B000000000000000000000000000000000002F
:1011C000000000000000000000000000000000001F
:1011D000000000000000000000000000000000000F
:1011E00000000000000000000000000000000000FF
:1011F00000000000000000000000000000000000EF
:1012000000000000000000000000000000000000DE
:1012100000000000000000000000000000000000CE
:1012200000000000000000000000000000000000BE
:1012300000000000000000000000000000000000AE
:10124000000000000000000000000000000000009E
:10125000000000000000000000000000000000008E
:10126000000000000000000000000000000000007E
:10127000000000000000000000000000000000006E
:10128000000000000000000000000000000000005E
:10129000000000000000000000000000000000004E
:1012A000000000000000000000000000000000003E
:1012B000000000000000000000000000000000002E
:1012C000000000000000000000000000000000001E
:1012D000000000000000000000000000000000000E
:1012E00000000000000000000000000000000000FE
:1012F00000000000000000000000000000000000EE
:1013000000000000000000000000000000000000DD
:1013100000000000000000000000000000000000CD
:1013200000000000000000000000000000000000BD
:1013300000000000000000000000000000000000AD
:10134000000000000000000000000000000000009D
:10135000000000000000000000000000000000008D
:10136000000000000000000000000000000000007D
:10137000000000000000000000000000000000006D
:10138000000000000000000000000000000000005D
:10139000000000000000000000000000000000004D
:1013A000000000000000000000000000000000003D
:1013B000000000000000000000000000000000002D
:1013C000000000000000000000000000000000001D
:1013D000000000000000000000000000000000000D
:1013E00000000000000000000000000000000000FD
:1013F00000000000000000000000000000000000ED
:1014000000000000000000000000000000000000DC
:1014100000000000000000000000000000000000CC
:1014200000000000000000000000000000000000BC
:1014300000000000000000000000000000000000AC
:10144000000000000000000000000000000000009C
:10145000000000000000000000000000000000008C
:10146000000000000000000000000000000000007C
:10147000000000000000000000000000000000006C
:10148000000000000000000000000000000000005C
:10149000000000000000000000000000000000004C
:1014A000000000000000000000000000000000003C
:1014B000000000000000000000000000000000002C
:1014C000000000000000000000000000000000001C
:1014D000000000000000000000000000000000000C
:1014E00000000000000000000000000000000000FC
:1014F00000000000000000000000000000000000EC
:1015000000000000000000000000000000000000DB
:1015100000000000000000000000000000000000CB
:1015200000000000000000000000000000000000BB
:1015300000000000000000000000000000000000AB
:10154000000000000000000000000000000000009B
:10155000000000000000000000000000000000008B
:10156000000000000000000000000000000000007B
:10157000000000000000000000000000000000006B
:10158000000000000000000000000000000000005B
:10159000000000000000000000000000000000004B
:1015A000000000000000000000000000000000003B
:1015B000000000000000000000000000000000002B
:1015C000000000000000000000000000000000001B
:1015D000000000000000000000000000000000000B
:1015E00000000000000000000000000000000000FB
:1015F00000000000000000000000000000000000EB
:1016000000000000000000000000000000000000DA
:1016100000000000000000000000000000000000CA
:1016200000000000000000000000000000000000BA
:1016300000000000000000000000000000000000AA
:10164000000000000000000000000000000000009A
:10165000000000000000000000000000000000008A
:10166000000000000000000000000000000000007A
:10167000000000000000000000000000000000006A
:10168000000000000000000000000000000000005A
:10169000000000000000000000000000000000004A
:1016A000000000000000000000000000000000003A
:1016B000000000000000000000000000000000002A
:1016C000000000000000000000000000000000001A
:1016D000000000000000000000000000000000000A
:1016E00000000000000000000000000000000000FA
:1016F00000000000000000000000000000000000EA
:1017000000000000000000000000000000000000D9
:1017100000000000000000000000000000000000C9
:1017200000000000000000000000000000000000B9
:1017300000000000000000000000000000000000A9
:101740000000000000000000000000000000000099
:101750000000000000000000000000000000000089
:101760000000000000000000000000000000000079
:101770000000000000000000000000000000000069
:101780000000000000000000000000000000000059
:101790000000000000000000000000000000000049
:1017A0000000000000000000000000000000000039
:1017B0000000000000000000000000000000000029
:1017C0000000000000000000000000000000000019
:1017D0000000000000000000000000000000000009
:1017E00000000000000000000000000000000000F9
:1017F00000000000000000000000000000000000E9
:1018000000000000000000000000000000000000D8
:1018100000000000000000000000000000000000C8
:1018200000000000000000000000000000000000B8
:1018300000000000000000000000000000000000A8
:101840000000000000000000000000000000000098
:101850000000000000000000000000000000000088
:101860000000000000000000000000000000000078
:101870000000000000000000000000000000000068
:101880000000000000000000000000000000000058
:101890000000000000000000000000000000000048
:1018A0000000000000000000000000000000000038
:1018B0000000000000000000000000000000000028
:1018C0000000000000000000000000000000000018
:1018D0000000000000000000000000000000000008
:1018E00000000000000000000000000000000000F8
:1018F00000000000000000000000000000000000E8
:1019000000000000000000000000000000000000D7
:1019100000000000000000000000000000000000C7
:1019200000000000000000000000000000000000B7
:1019300000000000000000000000000000000000A7
:101940000000000000000000000000000000000097
:101950000000000000000000000000000000000087
:101960000000000000000000000000000000000077
:101970000000000000000000000000000000000067
:101980000000000000000000000000000000000057
:101990000000000000000000000000000000000047
:1019A0000000000000000000000000000000000037
:1019B0000000000000000000000000000000000027
:1019C0000000000000000000000000000000000017
:1019D0000000000000000000000000000000000007
:1019E00000000000000000000000000000000000F7
:1019F00000000000000000000000000000000000E7
:101A000000000000000000000000000000000000D6
:101A100000000000000000000000000000000000C6
:101A200000000000000000000000000000000000B6
:101A300000000000000000000000000000000000A6
:101A40000000000000000000000000000000000096
:101A50000000000000000000000000000000000086
:101A60000000000000000000000000000000000076
:101A70000000000000000000000000000000000066
:101A80000000000000000000000000000000000056
:101A90000000000000000000000000000000000046
:101AA0000000000000000000000000000000000036
:101AB0000000000000000000000000000000000026
:101AC0000000000000000000000000000000000016
:101AD0000000000000000000000000000000000006
:101AE00000000000000000000000000000000000F6
:101AF00000000000000000000000000000000000E6
:101B000000000000000000000000000000000000D5
:101B100000000000000000000000000000000000C5
:101B200000000000000000000000000000000000B5
:101B300000000000000000000000000000000000A5
:101B40000000000000000000000000000000000095
:101B50000000000000000000000000000000000085
:101B60000000000000000000000000000000000075
:101B70000000000000000000000000000000000065
:101B80000000000000000000000000000000000055
:101B90000000000000000000000000000000000045
:101BA0000000000000000000000000000000000035
:101BB0000000000000000000000000000000000025
:101BC0000000000000000000000000000000000015
:101BD0000000000000000000000000000000000005
:101BE00000000000000000000000000000000000F5
:101BF00000000000000000000000000000000000E5
:101C000000000000000000000000000000000000D4
:101C100000000000000000000000000000000000C4
:101C200000000000000000000000000000000000B4
:101C300000000000000000000000000000000000A4
:101C40000000000000000000000000000000000094
:101C50000000000000000000000000000000000084
:101C60000000000000000000000000000000000074
:101C70000000000000000000000000000000000064
:101C80000000000000000000000000000000000054
:101C90000000000000000000000000000000000044
:101CA0000000000000000000000000000000000034
:101CB0000000000000000000000000000000000024
:101CC0000000000000000000000000000000000014
:101CD0000000000000000000000000000000000004
:101CE00000000000000000000000000000000000F4
:101CF00000000000000000000000000000000000E4
:101D000000000000000000000000000000000000D3
:101D100000000000000000000000000000000000C3
:101D200000000000000000000000000000000000B3
:101D300000000000000000000000000000000000A3
:101D40000000000000000000000000000000000093
:101D50000000000000000000000000000000000083
:101D60000000000000000000000000000000000073
:101D70000000000000000000000000000000000063
:101D80000000000000000000000000000000000053
:101D90000000000000000000000000000000000043
:101DA0000000000000000000000000000000000033
:101DB0000000000000000000000000000000000023
:101DC0000000000000000000000000000000000013
:101DD0000000000000000000000000000000000003
:101DE00000000000000000000000000000000000F3
:101DF00000000000000000000000000000000000E3
:101E000000000000000000000000000000000000D2
:101E100000000000000000000000000000000000C2
:101E200000000000000000000000000000000000B2
:101E300000000000000000000000000000000000A2
:101E40000000000000000000000000000000000092
:101E50000000000000000000000000000000000082
:101E60000000000000000000000000000000000072
:101E70000000000000000000000000000000000062
:101E80000000000000000000000000000000000052
:101E90000000000000000000000000000000000042
:101EA0000000000000000000000000000000000032
:101EB0000000000000000000000000000000000022
:101EC0000000000000000000000000000000000012
:101ED0000000000000000000000000000000000002
:101EE00000000000000000000000000000000000F2
:101EF00000000000000000000000000000000000E2
:101F000000000000000000000000000000000000D1
:101F100000000000000000000000000000000000C1
:101F200000000000000000000000000000000000B1
:101F300000000000000000000000000000000000A1
:101F40000000000000000000000000000000000091
:101F50000000000000000000000000000000000081
:101F60000000000000000000000000000000000071
:101F70000000000000000000000000000000000061
:101F80000000000000000000000000000000000051
:101F90000000000000000000000000000000000041
:101FA0000000000000000000000000000000000031
:101FB0000000000000000000000000000000000021
:101FC0000000000000000000000000000000000011
:101FD0000000000000000000000000000000000001
:101FE00000000000000000000000000000000000F1
:101FF00000000000000000000000000000000000E1
:1020000000000000000000000000000000000000D0
:1020100000000000000000000000000000000000C0
:1020200000000000000000000000000000000000B0
:1020300000000000000000000000000000000000A0
:102040000000000000000000000000000000000090
:102050000000000000000000000000000000000080
:102060000000000000000000000000000000000070
:102070000000000000000000000000000000000060
:102080000000000000000000000000000000000050
:102090000000000000000000000000000000000040
:1020A0000000000000000000000000000000000030
:1020B0000000000000000000000000000000000020
:1020C0000000000000000000000000000000000010
:1020D0000000000000000000000000000000000000
:1020E00000000000000000000000000000000000F0
:1020F00000000000000000000000000000000000E0
:1021000000000000000000000000000000000000CF
:1021100000000000000000000000000000000000BF
:1021200000000000000000000000000000000000AF
:10213000000000000000000000000000000000009F
:10214000000000000000000000000000000000008F
:10215000000000000000000000000000000000007F
:10216000000000000000000000000000000000006F
:10217000000000000000000000000000000000005F
:10218000000000000000000000000000000000004F
:10219000000000000000000000000000000000003F
:1021A000000000000000000000000000000000002F
:1021B000000000000000000000000000000000001F
:1021C000000000000000000000000000000000000F
:1021D00000000000000000000000000000000000FF
:1021E00000000000000000000000000000000000EF
:1021F00000000000000000000000000000000000DF
:1022000000000000000000000000000000000000CE
:1022100000000000000000000000000000000000BE
:1022200000000000000000000000000000000000AE
:10223000000000000000000000000000000000009E
:10224000000000000000000000000000000000008E
:10225000000000000000000000000000000000007E
:10226000000000000000000000000000000000006E
:10227000000000000000000000000000000000005E
:10228000000000000000000000000000000000004E
:10229000000000000000000000000000000000003E
:1022A000000000000000000000000000000000002E
:1022B000000000000000000000000000000000001E
:1022C000000000000000000000000000000000000E
:1022D00000000000000000000000000000000000FE
:1022E00000000000000000000000000000000000EE
:1022F00000000000000000000000000000000000DE
:1023000000000000000000000000000000000000CD
:1023100000000000000000000000000000000000BD
:1023200000000000000000000000000000000000AD
:10233000000000000000000000000000000000009D
:10234000000000000000000000000000000000008D
:10235000000000000000000000000000000000007D
:10236000000000000000000000000000000000006D
:10237000000000000000000000000000000000005D
:10238000000000000000000000000000000000004D
:10239000000000000000000000000000000000003D
:1023A000000000000000000000000000000000002D
:1023B000000000000000000000000000000000001D
:1023C000000000000000000000000000000000000D
:1023D00000000000000000000000000000000000FD
:1023E00000000000000000000000000000000000ED
:1023F00000000000000000000000000000000000DD
:1024000000000000000000000000000000000000CC
:1024100000000000000000000000000000000000BC
:1024200000000000000000000000000000000000AC
:10243000000000000000000000000000000000009C
:10244000000000000000000000000000000000008C
:10245000000000000000000000000000000000007C
:10246000000000000000000000000000000000006C
:10247000000000000000000000000000000000005C
:10248000000000000000000000000000000000004C
:10249000000000000000000000000000000000003C
:1024A000000000000000000000000000000000002C
:1024B000000000000000000000000000000000001C
:1024C000000000000000000000000000000000000C
:1024D00000000000000000000000000000000000FC
:1024E00000000000000000000000000000000000EC
:1024F00000000000000000000000000000000000DC
:1025000000000000000000000000000000000000CB
:1025100000000000000000000000000000000000BB
:1025200000000000000000000000000000000000AB
:10253000000000000000000000000000000000009B
:10254000000000000000000000000000000000008B
:10255000000000000000000000000000000000007B
:10256000000000000000000000000000000000006B
:10257000000000000000000000000000000000005B
:10258000000000000000000000000000000000004B
:10259000000000000000000000000000000000003B
:1025A000000000000000000000000000000000002B
:1025B000000000000000000000000000000000001B
:1025C000000000000000000000000000000000000B
:1025D00000000000000000000000000000000000FB
:1025E00000000000000000000000000000000000EB
:1025F00000000000000000000000000000000000DB
:1026000000000000000000000000000000000000CA
:1026100000000000000000000000000000000000BA
:1026200000000000000000000000000000000000AA
:10263000000000000000000000000000000000009A
:10264000000000000000000000000000000000008A
:10265000000000000000000000000000000000007A
:10266000000000000000000000000000000000006A
:10267000000000000000000000000000000000005A
:10268000000000000000000000000000000000004A
:10269000000000000000000000000000000000003A
:1026A000000000000000000000000000000000002A
:1026B000000000000000000000000000000000001A
:1026C000000000000000000000000000000000000A
:1026D00000000000000000000000000000000000FA
:1026E00000000000000000000000000000000000EA
:1026F00000000000000000000000000000000000DA
:1027000000000000000000000000000000000000C9
:1027100000000000000000000000000000000000B9
:1027200000000000000000000000000000000000A9
:102730000000000000000000000000000000000099
:102740000000000000000000000000000000000089
:102750000000000000000000000000000000000079
:102760000000000000000000000000000000000069
:102770000000000000000000000000000000000059
:102780000000000000000000000000000000000049
:102790000000000000000000000000000000000039
:1027A0000000000000000000000000000000000029
:1027B0000000000000000000000000000000000019
:1027C0000000000000000000000000000000000009
:1027D00000000000000000000000000000000000F9
:1027E00000000000000000000000000000000000E9
:1027F00000000000000000000000000000000000D9
:1028000000000000000000000000000000000000C8
:1028100000000000000000000000000000000000B8
:1028200000000000000000000000000000000000A8
:102830000000000000000000000000000000000098
:102840000000000000000000000000000000000088
:102850000000000000000000000000000000000078
:102860000000000000000000000000000000000068
:102870000000000000000000000000000000000058
:102880000000000000000000000000000000000048
:102890000000000000000000000000000000000038
:1028A0000000000000000000000000000000000028
:1028B0000000000000000000000000000000000018
:1028C0000000000000000000000000000000000008
:1028D00000000000000000000000000000000000F8
:1028E00000000000000000000000000000000000E8
:1028F00000000000000000000000000000000000D8
:1029000000000000000000000000000000000000C7
:1029100000000000000000000000000000000000B7
:1029200000000000000000000000000000000000A7
:102930000000000000000000000000000000000097
:102940000000000000000000000000000000000087
:102950000000000000000000000000000000000077
:102960000000000000000000000000000000000067
:102970000000000000000000000000000000000057
:102980000000000000000000000000000000000047
:102990000000000000000000000000000000000037
:1029A0000000000000000000000000000000000027
:1029B0000000000000000000000000000000000017
:1029C0000000000000000000000000000000000007
:1029D00000000000000000000000000000000000F7
:1029E00000000000000000000000000000000000E7
:1029F00000000000000000000000000000000000D7
:102A000000000000000000000000000000000000C6
:102A100000000000000000000000000000000000B6
:102A200000000000000000000000000000000000A6
:102A30000000000000000000000000000000000096
:102A40000000000000000000000000000000000086
:102A50000000000000000000000000000000000076
:102A60000000000000000000000000000000000066
:102A70000000000000000000000000000000000056
:102A80000000000000000000000000000000000046
:102A90000000000000000000000000000000000036
:102AA0000000000000000000000000000000000026
:102AB0000000000000000000000000000000000016
:102AC0000000000000000000000000000000000006
:102AD00000000000000000000000000000000000F6
:102AE00000000000000000000000000000000000E6
:102AF00000000000000000000000000000000000D6
:102B000000000000000000000000000000000000C5
:102B100000000000000000000000000000000000B5
:102B200000000000000000000000000000000000A5
:102B30000000000000000000000000000000000095
:102B40000000000000000000000000000000000085
:102B50000000000000000000000000000000000075
:102B60000000000000000000000000000000000065
:102B70000000000000000000000000000000000055
:102B80000000000000000000000000000000000045
:102B90000000000000000000000000000000000035
:102BA0000000000000000000000000000000000025
:102BB0000000000000000000000000000000000015
:102BC0000000000000000000000000000000000005
:102BD00000000000000000000000000000000000F5
:102BE00000000000000000000000000000000000E5
:102BF00000000000000000000000000000000000D5
:102C000000000000000000000000000000000000C4
:102C100000000000000000000000000000000000B4
:102C200000000000000000000000000000000000A4
:102C30000000000000000000000000000000000094
:102C40000000000000000000000000000000000084
:102C50000000000000000000000000000000000074
:102C60000000000000000000000000000000000064
:102C70000000000000000000000000000000000054
:102C80000000000000000000000000000000000044
:102C90000000000000000000000000000000000034
:102CA0000000000000000000000000000000000024
:102CB0000000000000000000000000000000000014
:102CC0000000000000000000000000000000000004
:102CD00000000000000000000000000000000000F4
:102CE00000000000000000000000000000000000E4
:102CF00000000000000000000000000000000000D4
:102D000000000000000000000000000000000000C3
:102D100000000000000000000000000000000000B3
:102D200000000000000000000000000000000000A3
:102D30000000000000000000000000000000000093
:102D40000000000000000000000000000000000083
:102D50000000000000000000000000000000000073
:102D60000000000000000000000000000000000063
:102D70000000000000000000000000000000000053
:102D80000000000000000000000000000000000043
:102D90000000000000000000000000000000000033
:102DA0000000000000000000000000000000000023
:102DB0000000000000000000000000000000000013
:102DC0000000000000000000000000000000000003
:102DD00000000000000000000000000000000000F3
:102DE00000000000000000000000000000000000E3
:102DF00000000000000000000000000000000000D3
:102E000000000000000000000000000000000000C2
:102E100000000000000000000000000000000000B2
:102E200000000000000000000000000000000000A2
:102E30000000000000000000000000000000000092
:102E40000000000000000000000000000000000082
:102E50000000000000000000000000000000000072
:102E60000000000000000000000000000000000062
:102E70000000000000000000000000000000000052
:102E80000000000000000000000000000000000042
:102E90000000000000000000000000000000000032
:102EA0000000000000000000000000000000000022
:102EB0000000000000000000000000000000000012
:102EC0000000000000000000000000000000000002
:102ED00000000000000000000000000000000000F2
:102EE00000000000000000000000000000000000E2
:102EF00000000000000000000000000000000000D2
:102F000000000000000000000000000000000000C1
:102F100000000000000000000000000000000000B1
:102F200000000000000000000000000000000000A1
:102F30000000000000000000000000000000000091
:102F40000000000000000000000000000000000081
:102F50000000000000000000000000000000000071
:102F60000000000000000000000000000000000061
:102F70000000000000000000000000000000000051
:102F80000000000000000000000000000000000041
:102F90000000000000000000000000000000000031
:102FA0000000000000000000000000000000000021
:102FB0000000000000000000000000000000000011
:102FC0000000000000000000000000000000000001
:102FD00000000000000000000000000000000000F1
:102FE00000000000000000000000000000000000E1
:102FF00000000000000000000000000000000000D1
:1030000000000000000000000000000000000000C0
:1030100000000000000000000000000000000000B0
:1030200000000000000000000000000000000000A0
:103030000000000000000000000000000000000090
:103040000000000000000000000000000000000080
:103050000000000000000000000000000000000070
:103060000000000000000000000000000000000060
:103070000000000000000000000000000000000050
:103080000000000000000000000000000000000040
:103090000000000000000000000000000000000030
:1030A0000000000000000000000000000000000020
:1030B0000000000000000000000000000000000010
:1030C0000000000000000000000000000000000000
:1030D00000000000000000000000000000000000F0
:1030E00000000000000000000000000000000000E0
:1030F00000000000000000000000000000000000D0
:1031000000000000000000000000000000000000BF
:1031100000000000000000000000000000000000AF
:10312000000000000000000000000000000000009F
:10313000000000000000000000000000000000008F
:10314000000000000000000000000000000000007F
:10315000000000000000000000000000000000006F
:10316000000000000000000000000000000000005F
:10317000000000000000000000000000000000004F
:10318000000000000000000000000000000000003F
:10319000000000000000000000000000000000002F
:1031A000000000000000000000000000000000001F
:1031B000000000000000000000000000000000000F
:1031C00000000000000000000000000000000000FF
:1031D00000000000000000000000000000000000EF
:1031E00000000000000000000000000000000000DF
:1031F00000000000000000000000000000000000CF
:1032000000000000000000000000000000000000BE
:1032100000000000000000000000000000000000AE
:10322000000000000000000000000000000000009E
:10323000000000000000000000000000000000008E
:10324000000000000000000000000000000000007E
:10325000000000000000000000000000000000006E
:10326000000000000000000000000000000000005E
:10327000000000000000000000000000000000004E
:10328000000000000000000000000000000000003E
:10329000000000000000000000000000000000002E
:1032A000000000000000000000000000000000001E
:1032B000000000000000000000000000000000000E
:1032C00000000000000000000000000000000000FE
:1032D00000000000000000000000000000000000EE
:1032E00000000000000000000000000000000000DE
:1032F00000000000000000000000000000000000CE
:1033000000000000000000000000000000000000BD
:1033100000000000000000000000000000000000AD
:10332000000000000000000000000000000000009D
:10333000000000000000000000000000000000008D
:10334000000000000000000000000000000000007D
:10335000000000000000000000000000000000006D
:10336000000000000000000000000000000000005D
:10337000000000000000000000000000000000004D
:10338000000000000000000000000000000000003D
:10339000000000000000000000000000000000002D
:1033A000000000000000000000000000000000001D
:1033B000000000000000000000000000000000000D
:1033C00000000000000000000000000000000000FD
:1033D00000000000000000000000000000000000ED
:1033E00000000000000000000000000000000000DD
:1033F00000000000000000000000000000000000CD
:1034000000000000000000000000000000000000BC
:1034100000000000000000000000000000000000AC
:10342000000000000000000000000000000000009C
:10343000000000000000000000000000000000008C
:10344000000000000000000000000000000000007C
:10345000000000000000000000000000000000006C
:10346000000000000000000000000000000000005C
:10347000000000000000000000000000000000004C
:10348000000000000000000000000000000000003C
:10349000000000000000000000000000000000002C
:1034A000000000000000000000000000000000001C
:1034B000000000000000000000000000000000000C
:1034C00000000000000000000000000000000000FC
:1034D00000000000000000000000000000000000EC
:1034E00000000000000000000000000000000000DC
:1034F00000000000000000000000000000000000CC
:1035000000000000000000000000000000000000BB
:1035100000000000000000000000000000000000AB
:10352000000000000000000000000000000000009B
:10353000000000000000000000000000000000008B
:10354000000000000000000000000000000000007B
:10355000000000000000000000000000000000006B
:10356000000000000000000000000000000000005B
:10357000000000000000000000000000000000004B
:10358000000000000000000000000000000000003B
:10359000000000000000000000000000000000002B
:1035A000000000000000000000000000000000001B
:1035B000000000000000000000000000000000000B
:1035C00000000000000000000000000000000000FB
:1035D00000000000000000000000000000000000EB
:1035E00000000000000000000000000000000000DB
:1035F00000000000000000000000000000000000CB
:1036000000000000000000000000000000000000BA
:1036100000000000000000000000000000000000AA
:10362000000000000000000000000000000000009A
:10363000000000000000000000000000000000008A
:10364000000000000000000000000000000000007A
:10365000000000000000000000000000000000006A
:10366000000000000000000000000000000000005A
:10367000000000000000000000000000000000004A
:10368000000000000000000000000000000000003A
:10369000000000000000000000000000000000002A
:1036A000000000000000000000000000000000001A
:1036B000000000000000000000000000000000000A
:1036C00000000000000000000000000000000000FA
:1036D00000000000000000000000000000000000EA
:1036E00000000000000000000000000000000000DA
:1036F00000000000000000000000000000000000CA
:1037000000000000000000000000000000000000B9
:1037100000000000000000000000000000000000A9
:103720000000000000000000000000000000000099
:103730000000000000000000000000000000000089
:103740000000000000000000000000000000000079
:103750000000000000000000000000000000000069
:103760000000000000000000000000000000000059
:103770000000000000000000000000000000000049
:103780000000000000000000000000000000000039
:103790000000000000000000000000000000000029
:1037A0000000000000000000000000000000000019
:1037B0000000000000000000000000000000000009
:1037C00000000000000000000000000000000000F9
:1037D00000000000000000000000000000000000E9
:1037E00000000000000000000000000000000000D9
:1037F00000000000000000000000000000000000C9
:1038000000000000000000000000000000000000B8
:1038100000000000000000000000000000000000A8
:103820000000000000000000000000000000000098
:103830000000000000000000000000000000000088
:103840000000000000000000000000000000000078
:103850000000000000000000000000000000000068
:103860000000000000000000000000000000000058
:103870000000000000000000000000000000000048
:103880000000000000000000000000000000000038
:103890000000000000000000000000000000000028
:1038A0000000000000000000000000000000000018
:1038B0000000000000000000000000000000000008
:1038C00000000000000000000000000000000000F8
:1038D00000000000000000000000000000000000E8
:1038E00000000000000000000000000000000000D8
:1038F00000000000000000000000000000000000C8
:1039000000000000000000000000000000000000B7
:1039100000000000000000000000000000000000A7
:103920000000000000000000000000000000000097
:103930000000000000000000000000000000000087
:103940000000000000000000000000000000000077
:103950000000000000000000000000000000000067
:103960000000000000000000000000000000000057
:103970000000000000000000000000000000000047
:103980000000000000000000000000000000000037
:103990000000000000000000000000000000000027
:1039A0000000000000000000000000000000000017
:1039B0000000000000000000000000000000000007
:1039C00000000000000000000000000000000000F7
:1039D00000000000000000000000000000000000E7
:1039E00000000000000000000000000000000000D7
:1039F00000000000000000000000000000000000C7
:103A000000000000000000000000000000000000B6
:103A100000000000000000000000000000000000A6
:103A20000000000000000000000000000000000096
:103A30000000000000000000000000000000000086
:103A40000000000000000000000000000000000076
:103A50000000000000000000000000000000000066
:103A60000000000000000000000000000000000056
:103A70000000000000000000000000000000000046
:103A80000000000000000000000000000000000036
:103A90000000000000000000000000000000000026
:103AA0000000000000000000000000000000000016
:103AB0000000000000000000000000000000000006
:103AC00000000000000000000000000000000000F6
:103AD00000000000000000000000000000000000E6
:103AE00000000000000000000000000000000000D6
:103AF00000000000000000000000000000000000C6
:103B000000000000000000000000000000000000B5
:103B100000000000000000000000000000000000A5
:103B20000000000000000000000000000000000095
:103B30000000000000000000000000000000000085
:103B40000000000000000000000000000000000075
:103B50000000000000000000000000000000000065
:103B60000000000000000000000000000000000055
:103B70000000000000000000000000000000000045
:103B80000000000000000000000000000000000035
:103B90000000000000000000000000000000000025
:103BA0000000000000000000000000000000000015
:103BB0000000000000000000000000000000000005
:103BC00000000000000000000000000000000000F5
:103BD00000000000000000000000000000000000E5
:103BE00000000000000000000000000000000000D5
:103BF00000000000000000000000000000000000C5
:103C000000000000000000000000000000000000B4
:103C100000000000000000000000000000000000A4
:103C20000000000000000000000000000000000094
:103C30000000000000000000000000000000000084
:103C40000000000000000000000000000000000074
:103C50000000000000000000000000000000000064
:103C60000000000000000000000000000000000054
:103C70000000000000000000000000000000000044
:103C80000000000000000000000000000000000034
:103C90000000000000000000000000000000000024
:103CA0000000000000000000000000000000000014
:103CB0000000000000000000000000000000000004
:103CC00000000000000000000000000000000000F4
:103CD00000000000000000000000000000000000E4
:103CE00000000000000000000000000000000000D4
:103CF00000000000000000000000000000000000C4
:103D000000000000000000000000000000000000B3
:103D100000000000000000000000000000000000A3
:103D20000000000000000000000000000000000093
:103D30000000000000000000000000000000000083
:103D40000000000000000000000000000000000073
:103D50000000000000000000000000000000000063
:103D60000000000000000000000000000000000053
:103D70000000000000000000000000000000000043
:103D80000000000000000000000000000000000033
:103D90000000000000000000000000000000000023
:103DA0000000000000000000000000000000000013
:103DB0000000000000000000000000000000000003
:103DC00000000000000000000000000000000000F3
:103DD00000000000000000000000000000000000E3
:103DE00000000000000000000000000000000000D3
:103DF00000000000000000000000000000000000C3
:103E000000000000000000000000000000000000B2
:103E100000000000000000000000000000000000A2
:103E20000000000000000000000000000000000092
:103E30000000000000000000000000000000000082
:103E40000000000000000000000000000000000072
:103E50000000000000000000000000000000000062
:103E60000000000000000000000000000000000052
:103E70000000000000000000000000000000000042
:103E80000000000000000000000000000000000032
:103E90000000000000000000000000000000000022
:103EA0000000000000000000000000000000000012
:103EB0000000000000000000000000000000000002
:103EC00000000000000000000000000000000000F2
:103ED00000000000000000000000000000000000E2
:103EE00000000000000000000000000000000000D2
:103EF00000000000000000000000000000000000C2
:103F000000000000000000000000000000000000B1
:103F100000000000000000000000000000000000A1
:103F20000000000000000000000000000000000091
:103F30000000000000000000000000000000000081
:103F40000000000000000000000000000000000071
:103F50000000000000000000000000000000000061
:103F60000000000000000000000000000000000051
:103F70000000000000000000000000000000000041
:103F80000000000000000000000000000000000031
:103F90000000000000000000000000000000000021
:103FA0000000000000000000000000000000000011
:103FB0000000000000000000000000000000000001
:103FC00000000000000000000000000000000000F1
:103FD00000000000000000000000000000000000E1
:103FE00000000000000000000000000000000000D1
:103FF00000000000000000000000000000000000C1
:1040000000000000000000000000000000000000B0
:1040100000000000000000000000000000000000A0
:104020000000000000000000000000000000000090
:104030000000000000000000000000000000000080
:104040000000000000000000000000000000000070
:104050000000000000000000000000000000000060
:104060000000000000000000000000000000000050
:104070000000000000000000000000000000000040
:104080000000000000000000000000000000000030
:104090000000000000000000000000000000000020
:1040A0000000000000000000000000000000000010
:1040B0000000000000000000000000000000000000
:1040C00000000000000000000000000000000000F0
:1040D00000000000000000000000000000000000E0
:1040E00000000000000000000000000000000000D0
:1040F00000000000000000000000000000000000C0
:1041000000000000000000000000000000000000AF
:10411000000000000000000000000000000000009F
:10412000000000000000000000000000000000008F
:10413000000000000000000000000000000000007F
:10414000000000000000000000000000000000006F
:10415000000000000000000000000000000000005F
:10416000000000000000000000000000000000004F
:10417000000000000000000000000000000000003F
:10418000000000000000000000000000000000002F
:10419000000000000000000000000000000000001F
:1041A000000000000000000000000000000000000F
:1041B00000000000000000000000000000000000FF
:1041C00000000000000000000000000000000000EF
:1041D00000000000000000000000000000000000DF
:1041E00000000000000000000000000000000000CF
:1041F00000000000000000000000000000000000BF
:1042000000000000000000000000000000000000AE
:10421000000000000000000000000000000000009E
:10422000000000000000000000000000000000008E
:10423000000000000000000000000000000000007E
:10424000000000000000000000000000000000006E
:10425000000000000000000000000000000000005E
:10426000000000000000000000000000000000004E
:10427000000000000000000000000000000000003E
:10428000000000000000000000000000000000002E
:10429000000000000000000000000000000000001E
:1042A000000000000000000000000000000000000E
:1042B00000000000000000000000000000000000FE
:1042C00000000000000000000000000000000000EE
:1042D00000000000000000000000000000000000DE
:1042E00000000000000000000000000000000000CE
:1042F00000000000000000000000000000000000BE
:1043000000000000000000000000000000000000AD
:10431000000000000000000000000000000000009D
:10432000000000000000000000000000000000008D
:10433000000000000000000000000000000000007D
:10434000000000000000000000000000000000006D
:10435000000000000000000000000000000000005D
:10436000000000000000000000000000000000004D
:10437000000000000000000000000000000000003D
:10438000000000000000000000000000000000002D
:10439000000000000000000000000000000000001D
:1043A000000000000000000000000000000000000D
:1043B00000000000000000000000000000000000FD
:1043C00000000000000000000000000000000000ED
:1043D00000000000000000000000000000000000DD
:1043E00000000000000000000000000000000000CD
:1043F00000000000000000000000000000000000BD
:1044000000000000000000000000000000000000AC
:10441000000000000000000000000000000000009C
:10442000000000000000000000000000000000008C
:10443000000000000000000000000000000000007C
:10444000000000000000000000000000000000006C
:10445000000000000000000000000000000000005C
:10446000000000000000000000000000000000004C
:10447000000000000000000000000000000000003C
:10448000000000000000000000000000000000002C
:10449000000000000000000000000000000000001C
:1044A000000000000000000000000000000000000C
:1044B00000000000000000000000000000000000FC
:1044C00000000000000000000000000000000000EC
:1044D00000000000000000000000000000000000DC
:1044E00000000000000000000000000000000000CC
:1044F00000000000000000000000000000000000BC
:1045000000000000000000000000000000000000AB
:10451000000000000000000000000000000000009B
:10452000000000000000000000000000000000008B
:10453000000000000000000000000000000000007B
:10454000000000000000000000000000000000006B
:10455000000000000000000000000000000000005B
:10456000000000000000000000000000000000004B
:10457000000000000000000000000000000000003B
:10458000000000000000000000000000000000002B
:10459000000000000000000000000000000000001B
:1045A000000000000000000000000000000000000B
:1045B00000000000000000000000000000000000FB
:1045C00000000000000000000000000000000000EB
:1045D00000000000000000000000000000000000DB
:1045E00000000000000000000000000000000000CB
:1045F00000000000000000000000000000000000BB
:1046000000000000000000000000000000000000AA
:10461000000000000000000000000000000000009A
:10462000000000000000000000000000000000008A
:10463000000000000000000000000000000000007A
:10464000000000000000000000000000000000006A
:10465000000000000000000000000000000000005A
:10466000000000000000000000000000000000004A
:10467000000000000000000000000000000000003A
:10468000000000000000000000000000000000002A
:10469000000000000000000000000000000000001A
:1046A000000000000000000000000000000000000A
:1046B00000000000000000000000000000000000FA
:1046C00000000000000000000000000000000000EA
:1046D00000000000000000000000000000000000DA
:1046E00000000000000000000000000000000000CA
:1046F00000000000000000000000000000000000BA
:1047000000000000000000000000000000000000A9
:104710000000000000000000000000000000000099
:104720000000000000000000000000000000000089
:104730000000000000000000000000000000000079
:104740000000000000000000000000000000000069
:104750000000000000000000000000000000000059
:104760000000000000000000000000000000000049
:104770000000000000000000000000000000000039
:104780000000000000000000000000000000000029
:104790000000000000000000000000000000000019
:1047A0000000000000000000000000000000000009
:1047B00000000000000000000000000000000000F9
:1047C00000000000000000000000000000000000E9
:1047D00000000000000000000000000000000000D9
:1047E00000000000000000000000000000000000C9
:1047F00000000000000000000000000000000000B9
:1048000000000000000000000000000000000000A8
:104810000000000000000000000000000000000098
:104820000000000000000000000000000000000088
:104830000000000000000000000000000000000078
:104840000000000000000000000000000000000068
:104850000000000000000000000000000000000058
:104860000000000000000000000000000000000048
:104870000000000000000000000000000000000038
:104880000000000000000000000000000000000028
:104890000000000000000000000000000000000018
:1048A0000000000000000000000000000000000008
:1048B00000000000000000000000000000000000F8
:1048C00000000000000000000000000000000000E8
:1048D00000000000000000000000000000000000D8
:1048E00000000000000000000000000000000000C8
:1048F00000000000000000000000000000000000B8
:1049000000000000000000000000000000000000A7
:104910000000000000000000000000000000000097
:104920000000000000000000000000000000000087
:104930000000000000000000000000000000000077
:104940000000000000000000000000000000000067
:104950000000000000000000000000000000000057
:104960000000000000000000000000000000000047
:104970000000000000000000000000000000000037
:104980000000000000000000000000000000000027
:104990000000000000000000000000000000000017
:1049A0000000000000000000000000000000000007
:1049B00000000000000000000000000000000000F7
:1049C00000000000000000000000000000000000E7
:1049D00000000000000000000000000000000000D7
:1049E00000000000000000000000000000000000C7
:1049F00000000000000000000000000000000000B7
:104A000000000000000000000000000000000000A6
:104A10000000000000000000000000000000000096
:104A20000000000000000000000000000000000086
:104A30000000000000000000000000000000000076
:104A40000000000000000000000000000000000066
:104A50000000000000000000000000000000000056
:104A60000000000000000000000000000000000046
:104A70000000000000000000000000000000000036
:104A80000000000000000000000000000000000026
:104A90000000000000000000000000000000000016
:104AA0000000000000000000000000000000000006
:104AB00000000000000000000000000000000000F6
:104AC00000000000000000000000000000000000E6
:104AD00000000000000000000000000000000000D6
:104AE00000000000000000000000000000000000C6
:104AF00000000000000000000000000000000000B6
:104B000000000000000000000000000000000000A5
:104B10000000000000000000000000000000000095
:104B20000000000000000000000000000000000085
:104B30000000000000000000000000000000000075
:104B40000000000000000000000000000000000065
:104B50000000000000000000000000000000000055
:104B60000000000000000000000000000000000045
:104B70000000000000000000000000000000000035
:104B80000000000000000000000000000000000025
:104B90000000000000000000000000000000000015
:104BA0000000000000000000000000000000000005
:104BB00000000000000000000000000000000000F5
:104BC00000000000000000000000000000000000E5
:104BD00000000000000000000000000000000000D5
:104BE00000000000000000000000000000000000C5
:104BF00000000000000000000000000000000000B5
:104C000000000000000000000000000000000000A4
:104C10000000000000000000000000000000000094
:104C20000000000000000000000000000000000084
:104C30000000000000000000000000000000000074
:104C40000000000000000000000000000000000064
:104C50000000000000000000000000000000000054
:104C60000000000000000000000000000000000044
:104C70000000000000000000000000000000000034
:104C80000000000000000000000000000000000024
:104C90000000000000000000000000000000000014
:104CA0000000000000000000000000000000000004
:104CB00000000000000000000000000000000000F4
:104CC00000000000000000000000000000000000E4
:104CD00000000000000000000000000000000000D4
:104CE00000000000000000000000000000000000C4
:104CF00000000000000000000000000000000000B4
:104D000000000000000000000000000000000000A3
:104D10000000000000000000000000000000000093
:104D20000000000000000000000000000000000083
:104D30000000000000000000000000000000000073
:104D40000000000000000000000000000000000063
:104D50000000000000000000000000000000000053
:104D60000000000000000000000000000000000043
:104D70000000000000000000000000000000000033
:104D80000000000000000000000000000000000023
:104D90000000000000000000000000000000000013
:104DA0000000000000000000000000000000000003
:104DB00000000000000000000000000000000000F3
:104DC00000000000000000000000000000000000E3
:104DD00000000000000000000000000000000000D3
:104DE00000000000000000000000000000000000C3
:104DF00000000000000000000000000000000000B3
:104E000000000000000000000000000000000000A2
:104E10000000000000000000000000000000000092
:104E20000000000000000000000000000000000082
:104E30000000000000000000000000000000000072
:104E40000000000000000000000000000000000062
:104E50000000000000000000000000000000000052
:104E60000000000000000000000000000000000042
:104E70000000000000000000000000000000000032
:104E80000000000000000000000000000000000022
:104E90000000000000000000000000000000000012
:104EA0000000000000000000000000000000000002
:104EB00000000000000000000000000000000000F2
:104EC00000000000000000000000000000000000E2
:104ED00000000000000000000000000000000000D2
:104EE00000000000000000000000000000000000C2
:104EF00000000000000000000000000000000000B2
:104F000000000000000000000000000000000000A1
:104F10000000000000000000000000000000000091
:104F20000000000000000000000000000000000081
:104F30000000000000000000000000000000000071
:104F40000000000000000000000000000000000061
:104F50000000000000000000000000000000000051
:104F60000000000000000000000000000000000041
:104F70000000000000000000000000000000000031
:104F80000000000000000000000000000000000021
:104F90000000000000000000000000000000000011
:104FA0000000000000000000000000000000000001
:104FB00000000000000000000000000000000000F1
:104FC00000000000000000000000000000000000E1
:104FD00000000000000000000000000000000000D1
:104FE00000000000000000000000000000000000C1
:104FF00000000000000000000000000000000000B1
:1050000000000000000000000000000000000000A0
:105010000000000000000000000000000000000090
:105020000000000000000000000000000000000080
:105030000000000000000000000000000000000070
:105040000000000000000000000000000000000060
:105050000000000000000000000000000000000050
:105060000000000000000000000000000000000040
:105070000000000000000000000000000000000030
:105080000000000000000000000000000000000020
:105090000000000000000000000000000000000010
:1050A0000000000000000000000000000000000000
:1050B00000000000000000000000000000000000F0
:1050C00000000000000000000000000000000000E0
:1050D00000000000000000000000000000000000D0
:1050E00000000000000000000000000000000000C0
:1050F00000000000000000000000000000000000B0
:10510000000000000000000000000000000000009F
:10511000000000000000000000000000000000008F
:10512000000000000000000000000000000000007F
:10513000000000000000000000000000000000006F
:10514000000000000000000000000000000000005F
:10515000000000000000000000000000000000004F
:10516000000000000000000000000000000000003F
:10517000000000000000000000000000000000002F
:10518000000000000000000000000000000000001F
:10519000000000000000000000000000000000000F
:1051A00000000000000000000000000000000000FF
:1051B00000000000000000000000000000000000EF
:1051C00000000000000000000000000000000000DF
:1051D00000000000000000000000000000000000CF
:1051E00000000000000000000000000000000000BF
:1051F00000000000000000000000000000000000AF
:10520000000000000000000000000000000000009E
:10521000000000000000000000000000000000008E
:10522000000000000000000000000000000000007E
:10523000000000000000000000000000000000006E
:10524000000000000000000000000000000000005E
:10525000000000000000000000000000000000004E
:10526000000000000000000000000000000000003E
:10527000000000000000000000000000000000002E
:10528000000000000000000000000000000000001E
:10529000000000000000000000000000000000000E
:1052A00000000000000000000000000000000000FE
:1052B00000000000000000000000000000000000EE
:1052C00000000000000000000000000000000000DE
:1052D00000000000000000000000000000000000CE
:1052E00000000000000000000000000000000000BE
:1052F00000000000000000000000000000000000AE
:10530000000000000000000000000000000000009D
:10531000000000000000000000000000000000008D
:10532000000000000000000000000000000000007D
:10533000000000000000000000000000000000006D
:10534000000000000000000000000000000000005D
:10535000000000000000000000000000000000004D
:10536000000000000000000000000000000000003D
:10537000000000000000000000000000000000002D
:10538000000000000000000000000000000000001D
:10539000000000000000000000000000000000000D
:1053A00000000000000000000000000000000000FD
:1053B00000000000000000000000000000000000ED
:1053C00000000000000000000000000000000000DD
:1053D00000000000000000000000000000000000CD
:1053E00000000000000000000000000000000000BD
:1053F00000000000000000000000000000000000AD
:10540000000000000000000000000000000000009C
:10541000000000000000000000000000000000008C
:10542000000000000000000000000000000000007C
:10543000000000000000000000000000000000006C
:10544000000000000000000000000000000000005C
:10545000000000000000000000000000000000004C
:10546000000000000000000000000000000000003C
:10547000000000000000000000000000000000002C
:10548000000000000000000000000000000000001C
:10549000000000000000000000000000000000000C
:1054A00000000000000000000000000000000000FC
:1054B00000000000000000000000000000000000EC
:1054C00000000000000000000000000000000000DC
:1054D00000000000000000000000000000000000CC
:1054E00000000000000000000000000000000000BC
:1054F00000000000000000000000000000000000AC
:10550000000000000000000000000000000000009B
:10551000000000000000000000000000000000008B
:10552000000000000000000000000000000000007B
:10553000000000000000000000000000000000006B
:10554000000000000000000000000000000000005B
:10555000000000000000000000000000000000004B
:10556000000000000000000000000000000000003B
:10557000000000000000000000000000000000002B
:10558000000000000000000000000000000000001B
:10559000000000000000000000000000000000000B
:1055A00000000000000000000000000000000000FB
:1055B00000000000000000000000000000000000EB
:1055C00000000000000000000000000000000000DB
:1055D00000000000000000000000000000000000CB
:1055E00000000000000000000000000000000000BB
:1055F00000000000000000000000000000000000AB
:10560000000000000000000000000000000000009A
:10561000000000000000000000000000000000008A
:10562000000000000000000000000000000000007A
:10563000000000000000000000000000000000006A
:10564000000000000000000000000000000000005A
:10565000000000000000000000000000000000004A
:10566000000000000000000000000000000000003A
:10567000000000000000000000000000000000002A
:10568000000000000000000000000000000000001A
:10569000000000000000000000000000000000000A
:1056A00000000000000000000000000000000000FA
:1056B00000000000000000000000000000000000EA
:1056C00000000000000000000000000000000000DA
:1056D00000000000000000000000000000000000CA
:1056E00000000000000000000000000000000000BA
:1056F00000000000000000000000000000000000AA
:105700000000000000000000000000000000000099
:105710000000000000000000000000000000000089
:105720000000000000000000000000000000000079
:105730000000000000000000000000000000000069
:105740000000000000000000000000000000000059
:105750000000000000000000000000000000000049
:105760000000000000000000000000000000000039
:105770000000000000000000000000000000000029
:105780000000000000000000000000000000000019
:105790000000000000000000000000000000000009
:1057A00000000000000000000000000000000000F9
:1057B00000000000000000000000000000000000E9
:1057C00000000000000000000000000000000000D9
:1057D00000000000000000000000000000000000C9
:1057E00000000000000000000000000000000000B9
:1057F00000000000000000000000000000000000A9
:105800000000000000000000000000000000000098
:105810000000000000000000000000000000000088
:105820000000000000000000000000000000000078
:105830000000000000000000000000000000000068
:105840000000000000000000000000000000000058
:105850000000000000000000000000000000000048
:105860000000000000000000000000000000000038
:105870000000000000000000000000000000000028
:105880000000000000000000000000000000000018
:105890000000000000000000000000000000000008
:1058A00000000000000000000000000000000000F8
:1058B00000000000000000000000000000000000E8
:1058C00000000000000000000000000000000000D8
:1058D00000000000000000000000000000000000C8
:1058E00000000000000000000000000000000000B8
:1058F00000000000000000000000000000000000A8
:105900000000000000000000000000000000000097
:105910000000000000000000000000000000000087
:105920000000000000000000000000000000000077
:105930000000000000000000000000000000000067
:105940000000000000000000000000000000000057
:105950000000000000000000000000000000000047
:105960000000000000000000000000000000000037
:105970000000000000000000000000000000000027
:105980000000000000000000000000000000000017
:105990000000000000000000000000000000000007
:1059A00000000000000000000000000000000000F7
:1059B00000000000000000000000000000000000E7
:1059C00000000000000000000000000000000000D7
:1059D00000000000000000000000000000000000C7
:1059E00000000000000000000000000000000000B7
:1059F00000000000000000000000000000000000A7
:105A00000000000000000000000000000000000096
:105A10000000000000000000000000000000000086
:105A20000000000000000000000000000000000076
:105A30000000000000000000000000000000000066
:105A40000000000000000000000000000000000056
:105A50000000000000000000000000000000000046
:105A60000000000000000000000000000000000036
:105A70000000000000000000000000000000000026
:105A80000000000000000000000000000000000016
:105A90000000000000000000000000000000000006
:105AA00000000000000000000000000000000000F6
:105AB00000000000000000000000000000000000E6
:105AC00000000000000000000000000000000000D6
:105AD00000000000000000000000000000000000C6
:105AE00000000000000000000000000000000000B6
:105AF00000000000000000000000000000000000A6
:105B00000000000000000000000000000000000095
:105B10000000000000000000000000000000000085
:105B20000000000000000000000000000000000075
:105B30000000000000000000000000000000000065
:105B40000000000000000000000000000000000055
:105B50000000000000000000000000000000000045
:105B60000000000000000000000000000000000035
:105B70000000000000000000000000000000000025
:105B80000000000000000000000000000000000015
:105B90000000000000000000000000000000000005
:105BA00000000000000000000000000000000000F5
:105BB00000000000000000000000000000000000E5
:105BC00000000000000000000000000000000000D5
:105BD00000000000000000000000000000000000C5
:105BE00000000000000000000000000000000000B5
:105BF00000000000000000000000000000000000A5
:105C00000000000000000000000000000000000094
:105C10000000000000000000000000000000000084
:105C20000000000000000000000000000000000074
:105C30000000000000000000000000000000000064
:105C40000000000000000000000000000000000054
:105C50000000000000000000000000000000000044
:105C60000000000000000000000000000000000034
:105C70000000000000000000000000000000000024
:105C80000000000000000000000000000000000014
:105C90000000000000000000000000000000000004
:105CA00000000000000000000000000000000000F4
:105CB00000000000000000000000000000000000E4
:105CC00000000000000000000000000000000000D4
:105CD00000000000000000000000000000000000C4
:105CE00000000000000000000000000000000000B4
:105CF00000000000000000000000000000000000A4
:105D00000000000000000000000000000000000093
:105D10000000000000000000000000000000000083
:105D20000000000000000000000000000000000073
:105D30000000000000000000000000000000000063
:105D40000000000000000000000000000000000053
:105D50000000000000000000000000000000000043
:105D60000000000000000000000000000000000033
:105D70000000000000000000000000000000000023
:105D80000000000000000000000000000000000013
:105D90000000000000000000000000000000000003
:105DA00000000000000000000000000000000000F3
:105DB00000000000000000000000000000000000E3
:105DC00000000000000000000000000000000000D3
:105DD00000000000000000000000000000000000C3
:105DE00000000000000000000000000000000000B3
:105DF00000000000000000000000000000000000A3
:105E00000000000000000000000000000000000092
:105E10000000000000000000000000000000000082
:105E20000000000000000000000000000000000072
:105E30000000000000000000000000000000000062
:105E40000000000000000000000000000000000052
:105E50000000000000000000000000000000000042
:105E60000000000000000000000000000000000032
:105E70000000000000000000000000000000000022
:105E80000000000000000000000000000000000012
:105E90000000000000000000000000000000000002
:105EA00000000000000000000000000000000000F2
:105EB00000000000000000000000000000000000E2
:105EC00000000000000000000000000000000000D2
:105ED00000000000000000000000000000000000C2
:105EE00000000000000000000000000000000000B2
:105EF00000000000000000000000000000000000A2
:105F00000000000000000000000000000000000091
:105F10000000000000000000000000000000000081
:105F20000000000000000000000000000000000071
:105F30000000000000000000000000000000000061
:105F40000000000000000000000000000000000051
:105F50000000000000000000000000000000000041
:105F60000000000000000000000000000000000031
:105F70000000000000000000000000000000000021
:105F80000000000000000000000000000000000011
:105F90000000000000000000000000000000000001
:105FA00000000000000000000000000000000000F1
:105FB00000000000000000000000000000000000E1
:105FC00000000000000000000000000000000000D1
:105FD00000000000000000000000000000000000C1
:105FE00000000000000000000000000000000000B1
:105FF00000000000000000000000000000000000A1
:106000000000000000000000000000000000000090
:106010000000000000000000000000000000000080
:106020000000000000000000000000000000000070
:106030000000000000000000000000000000000060
:106040000000000000000000000000000000000050
:106050000000000000000000000000000000000040
:106060000000000000000000000000000000000030
:106070000000000000000000000000000000000020
:106080000000000000000000000000000000000010
:106090000000000000000000000000000000000000
:1060A00000000000000000000000000000000000F0
:1060B00000000000000000000000000000000000E0
:1060C00000000000000000000000000000000000D0
:1060D00000000000000000000000000000000000C0
:1060E00000000000000000000000000000000000B0
:1060F00000000000000000000000000000000000A0
:10610000000000000000000000000000000000008F
:10611000000000000000000000000000000000007F
:10612000000000000000000000000000000000006F
:10613000000000000000000000000000000000005F
:10614000000000000000000000000000000000004F
:10615000000000000000000000000000000000003F
:10616000000000000000000000000000000000002F
:10617000000000000000000000000000000000001F
:10618000000000000000000000000000000000000F
:1061900000000000000000000000000000000000FF
:1061A00000000000000000000000000000000000EF
:1061B00000000000000000000000000000000000DF
:1061C00000000000000000000000000000000000CF
:1061D00000000000000000000000000000000000BF
:1061E00000000000000000000000000000000000AF
:1061F000000000000000000000000000000000009F
:10620000000000000000000000000000000000008E
:10621000000000000000000000000000000000007E
:10622000000000000000000000000000000000006E
:10623000000000000000000000000000000000005E
:10624000000000000000000000000000000000004E
:10625000000000000000000000000000000000003E
:10626000000000000000000000000000000000002E
:10627000000000000000000000000000000000001E
:10628000000000000000000000000000000000000E
:1062900000000000000000000000000000000000FE
:1062A00000000000000000000000000000000000EE
:1062B00000000000000000000000000000000000DE
:1062C00000000000000000000000000000000000CE
:1062D00000000000000000000000000000000000BE
:1062E00000000000000000000000000000000000AE
:1062F000000000000000000000000000000000009E
:10630000000000000000000000000000000000008D
:10631000000000000000000000000000000000007D
:10632000000000000000000000000000000000006D
:10633000000000000000000000000000000000005D
:10634000000000000000000000000000000000004D
:10635000000000000000000000000000000000003D
:10636000000000000000000000000000000000002D
:10637000000000000000000000000000000000001D
:10638000000000000000000000000000000000000D
:1063900000000000000000000000000000000000FD
:1063A00000000000000000000000000000000000ED
:1063B00000000000000000000000000000000000DD
:1063C00000000000000000000000000000000000CD
:1063D00000000000000000000000000000000000BD
:1063E00000000000000000000000000000000000AD
:1063F000000000000000000000000000000000009D
:10640000000000000000000000000000000000008C
:10641000000000000000000000000000000000007C
:10642000000000000000000000000000000000006C
:10643000000000000000000000000000000000005C
:10644000000000000000000000000000000000004C
:10645000000000000000000000000000000000003C
:10646000000000000000000000000000000000002C
:10647000000000000000000000000000000000001C
:10648000000000000000000000000000000000000C
:1064900000000000000000000000000000000000FC
:1064A00000000000000000000000000000000000EC
:1064B00000000000000000000000000000000000DC
:1064C00000000000000000000000000000000000CC
:1064D00000000000000000000000000000000000BC
:1064E00000000000000000000000000000000000AC
:1064F000000000000000000000000000000000009C
:10650000000000000000000000000000000000008B
:10651000000000000000000000000000000000007B
:10652000000000000000000000000000000000006B
:10653000000000000000000000000000000000005B
:10654000000000000000000000000000000000004B
:10655000000000000000000000000000000000003B
:10656000000000000000000000000000000000002B
:10657000000000000000000000000000000000001B
:10658000000000000000000000000000000000000B
:1065900000000000000000000000000000000000FB
:1065A00000000000000000000000000000000000EB
:1065B00000000000000000000000000000000000DB
:1065C00000000000000000000000000000000000CB
:1065D00000000000000000000000000000000000BB
:1065E00000000000000000000000000000000000AB
:1065F000000000000000000000000000000000009B
:10660000000000000000000000000000000000008A
:10661000000000000000000000000000000000007A
:10662000000000000000000000000000000000006A
:10663000000000000000000000000000000000005A
:10664000000000000000000000000000000000004A
:10665000000000000000000000000000000000003A
:10666000000000000000000000000000000000002A
:10667000000000000000000000000000000000001A
:10668000000000000000000000000000000000000A
:1066900000000000000000000000000000000000FA
:1066A00000000000000000000000000000000000EA
:1066B00000000000000000000000000000000000DA
:1066C00000000000000000000000000000000000CA
:1066D00000000000000000000000000000000000BA
:1066E00000000000000000000000000000000000AA
:1066F000000000000000000000000000000000009A
:106700000000000000000000000000000000000089
:106710000000000000000000000000000000000079
:106720000000000000000000000000000000000069
:106730000000000000000000000000000000000059
:106740000000000000000000000000000000000049
:106750000000000000000000000000000000000039
:106760000000000000000000000000000000000029
:106770000000000000000000000000000000000019
:106780000000000000000000000000000000000009
:1067900000000000000000000000000000000000F9
:1067A00000000000000000000000000000000000E9
:1067B00000000000000000000000000000000000D9
:1067C00000000000000000000000000000000000C9
:1067D00000000000000000000000000000000000B9
:1067E00000000000000000000000000000000000A9
:1067F0000000000000000000000000000000000099
:106800000000000000000000000000000000000088
:106810000000000000000000000000000000000078
:106820000000000000000000000000000000000068
:106830000000000000000000000000000000000058
:106840000000000000000000000000000000000048
:106850000000000000000000000000000000000038
:106860000000000000000000000000000000000028
:106870000000000000000000000000000000000018
:106880000000000000000000000000000000000008
:1068900000000000000000000000000000000000F8
:1068A00000000000000000000000000000000000E8
:1068B00000000000000000000000000000000000D8
:1068C00000000000000000000000000000000000C8
:1068D00000000000000000000000000000000000B8
:1068E00000000000000000000000000000000000A8
:1068F0000000000000000000000000000000000098
:106900000000000000000000000000000000000087
:106910000000000000000000000000000000000077
:106920000000000000000000000000000000000067
:106930000000000000000000000000000000000057
:106940000000000000000000000000000000000047
:106950000000000000000000000000000000000037
:106960000000000000000000000000000000000027
:106970000000000000000000000000000000000017
:106980000000000000000000000000000000000007
:1069900000000000000000000000000000000000F7
:1069A00000000000000000000000000000000000E7
:1069B00000000000000000000000000000000000D7
:1069C00000000000000000000000000000000000C7
:1069D00000000000000000000000000000000000B7
:1069E00000000000000000000000000000000000A7
:1069F0000000000000000000000000000000000097
:106A00000000000000000000000000000000000086
:106A10000000000000000000000000000000000076
:106A20000000000000000000000000000000000066
:106A30000000000000000000000000000000000056
:106A40000000000000000000000000000000000046
:106A50000000000000000000000000000000000036
:106A60000000000000000000000000000000000026
:106A70000000000000000000000000000000000016
:106A80000000000000000000000000000000000006
:106A900000000000000000000000000000000000F6
:106AA00000000000000000000000000000000000E6
:106AB00000000000000000000000000000000000D6
:106AC00000000000000000000000000000000000C6
:106AD00000000000000000000000000000000000B6
:106AE00000000000000000000000000000000000A6
:106AF0000000000000000000000000000000000096
:106B00000000000000000000000000000000000085
:106B10000000000000000000000000000000000075
:106B20000000000000000000000000000000000065
:106B30000000000000000000000000000000000055
:106B40000000000000000000000000000000000045
:106B50000000000000000000000000000000000035
:106B60000000000000000000000000000000000025
:106B70000000000000000000000000000000000015
:106B80000000000000000000000000000000000005
:106B900000000000000000000000000000000000F5
:106BA00000000000000000000000000000000000E5
:106BB00000000000000000000000000000000000D5
:106BC00000000000000000000000000000000000C5
:106BD00000000000000000000000000000000000B5
:106BE00000000000000000000000000000000000A5
:106BF0000000000000000000000000000000000095
:106C00000000000000000000000000000000000084
:106C10000000000000000000000000000000000074
:106C20000000000000000000000000000000000064
:106C30000000000000000000000000000000000054
:106C40000000000000000000000000000000000044
:106C50000000000000000000000000000000000034
:106C60000000000000000000000000000000000024
:106C70000000000000000000000000000000000014
:106C80000000000000000000000000000000000004
:106C900000000000000000000000000000000000F4
:106CA00000000000000000000000000000000000E4
:106CB00000000000000000000000000000000000D4
:106CC00000000000000000000000000000000000C4
:106CD00000000000000000000000000000000000B4
:106CE00000000000000000000000000000000000A4
:106CF0000000000000000000000000000000000094
:106D00000000000000000000000000000000000083
:106D10000000000000000000000000000000000073
:106D20000000000000000000000000000000000063
:106D30000000000000000000000000000000000053
:106D40000000000000000000000000000000000043
:106D50000000000000000000000000000000000033
:106D60000000000000000000000000000000000023
:106D70000000000000000000000000000000000013
:106D80000000000000000000000000000000000003
:106D900000000000000000000000000000000000F3
:106DA00000000000000000000000000000000000E3
:106DB00000000000000000000000000000000000D3
:106DC00000000000000000000000000000000000C3
:106DD00000000000000000000000000000000000B3
:106DE00000000000000000000000000000000000A3
:106DF0000000000000000000000000000000000093
:106E00000000000000000000000000000000000082
:106E10000000000000000000000000000000000072
:106E20000000000000000000000000000000000062
:106E30000000000000000000000000000000000052
:106E40000000000000000000000000000000000042
:106E50000000000000000000000000000000000032
:106E60000000000000000000000000000000000022
:106E70000000000000000000000000000000000012
:106E80000000000000000000000000000000000002
:106E900000000000000000000000000000000000F2
:106EA00000000000000000000000000000000000E2
:106EB00000000000000000000000000000000000D2
:106EC00000000000000000000000000000000000C2
:106ED00000000000000000000000000000000000B2
:106EE00000000000000000000000000000000000A2
:106EF0000000000000000000000000000000000092
:106F00000000000000000000000000000000000081
:106F10000000000000000000000000000000000071
:106F20000000000000000000000000000000000061
:106F30000000000000000000000000000000000051
:106F40000000000000000000000000000000000041
:106F50000000000000000000000000000000000031
:106F60000000000000000000000000000000000021
:106F70000000000000000000000000000000000011
:106F80000000000000000000000000000000000001
:106F900000000000000000000000000000000000F1
:106FA00000000000000000000000000000000000E1
:106FB00000000000000000000000000000000000D1
:106FC00000000000000000000000000000000000C1
:106FD00000000000000000000000000000000000B1
:106FE00000000000000000000000000000000000A1
:106FF0000000000000000000000000000000000091
:107000000000000000000000000000000000000080
:107010000000000000000000000000000000000070
:107020000000000000000000000000000000000060
:107030000000000000000000000000000000000050
:107040000000000000000000000000000000000040
:107050000000000000000000000000000000000030
:107060000000000000000000000000000000000020
:107070000000000000000000000000000000000010
:107080000000000000000000000000000000000000
:1070900000000000000000000000000000000000F0
:1070A00000000000000000000000000000000000E0
:1070B00000000000000000000000000000000000D0
:1070C00000000000000000000000000000000000C0
:1070D00000000000000000000000000000000000B0
:1070E00000000000000000000000000000000000A0
:1070F0000000000000000000000000000000000090
:10710000000000000000000000000000000000007F
:10711000000000000000000000000000000000006F
:10712000000000000000000000000000000000005F
:10713000000000000000000000000000000000004F
:10714000000000000000000000000000000000003F
:10715000000000000000000000000000000000002F
:10716000000000000000000000000000000000001F
:10717000000000000000000000000000000000000F
:1071800000000000000000000000000000000000FF
:1071900000000000000000000000000000000000EF
:1071A00000000000000000000000000000000000DF
:1071B00000000000000000000000000000000000CF
:1071C00000000000000000000000000000000000BF
:1071D00000000000000000000000000000000000AF
:1071E000000000000000000000000000000000009F
:1071F000000000000000000000000000000000008F
:10720000000000000000000000000000000000007E
:10721000000000000000000000000000000000006E
:10722000000000000000000000000000000000005E
:10723000000000000000000000000000000000004E
:10724000000000000000000000000000000000003E
:10725000000000000000000000000000000000002E
:10726000000000000000000000000000000000001E
:10727000000000000000000000000000000000000E
:1072800000000000000000000000000000000000FE
:1072900000000000000000000000000000000000EE
:1072A00000000000000000000000000000000000DE
:1072B00000000000000000000000000000000000CE
:1072C00000000000000000000000000000000000BE
:1072D00000000000000000000000000000000000AE
:1072E000000000000000000000000000000000009E
:1072F000000000000000000000000000000000008E
:10730000000000000000000000000000000000007D
:10731000000000000000000000000000000000006D
:10732000000000000000000000000000000000005D
:10733000000000000000000000000000000000004D
:10734000000000000000000000000000000000003D
:10735000000000000000000000000000000000002D
:10736000000000000000000000000000000000001D
:10737000000000000000000000000000000000000D
:1073800000000000000000000000000000000000FD
:1073900000000000000000000000000000000000ED
:1073A00000000000000000000000000000000000DD
:1073B00000000000000000000000000000000000CD
:1073C00000000000000000000000000000000000BD
:1073D00000000000000000000000000000000000AD
:1073E000000000000000000000000000000000009D
:1073F000000000000000000000000000000000008D
:10740000000000000000000000000000000000007C
:10741000000000000000000000000000000000006C
:10742000000000000000000000000000000000005C
:10743000000000000000000000000000000000004C
:10744000000000000000000000000000000000003C
:10745000000000000000000000000000000000002C
:10746000000000000000000000000000000000001C
:10747000000000000000000000000000000000000C
:1074800000000000000000000000000000000000FC
:1074900000000000000000000000000000000000EC
:1074A00000000000000000000000000000000000DC
:1074B00000000000000000000000000000000000CC
:1074C00000000000000000000000000000000000BC
:1074D00000000000000000000000000000000000AC
:1074E000000000000000000000000000000000009C
:1074F000000000000000000000000000000000008C
:10750000000000000000000000000000000000007B
:10751000000000000000000000000000000000006B
:10752000000000000000000000000000000000005B
:10753000000000000000000000000000000000004B
:10754000000000000000000000000000000000003B
:10755000000000000000000000000000000000002B
:10756000000000000000000000000000000000001B
:10757000000000000000000000000000000000000B
:1075800000000000000000000000000000000000FB
:1075900000000000000000000000000000000000EB
:1075A00000000000000000000000000000000000DB
:1075B00000000000000000000000000000000000CB
:1075C00000000000000000000000000000000000BB
:1075D00000000000000000000000000000000000AB
:1075E000000000000000000000000000000000009B
:1075F000000000000000000000000000000000008B
:10760000000000000000000000000000000000007A
:10761000000000000000000000000000000000006A
:10762000000000000000000000000000000000005A
:10763000000000000000000000000000000000004A
:10764000000000000000000000000000000000003A
:10765000000000000000000000000000000000002A
:10766000000000000000000000000000000000001A
:10767000000000000000000000000000000000000A
:1076800000000000000000000000000000000000FA
:1076900000000000000000000000000000000000EA
:1076A00000000000000000000000000000000000DA
:1076B00000000000000000000000000000000000CA
:1076C00000000000000000000000000000000000BA
:1076D00000000000000000000000000000000000AA
:1076E000000000000000000000000000000000009A
:1076F000000000000000000000000000000000008A
:107700000000000000000000000000000000000079
:107710000000000000000000000000000000000069
:107720000000000000000000000000000000000059
:107730000000000000000000000000000000000049
:107740000000000000000000000000000000000039
:107750000000000000000000000000000000000029
:107760000000000000000000000000000000000019
:107770000000000000000000000000000000000009
:1077800000000000000000000000000000000000F9
:1077900000000000000000000000000000000000E9
:1077A00000000000000000000000000000000000D9
:1077B00000000000000000000000000000000000C9
:1077C00000000000000000000000000000000000B9
:1077D00000000000000000000000000000000000A9
:1077E0000000000000000000000000000000000099
:1077F0000000000000000000000000000000000089
:107800000000000000000000000000000000000078
:107810000000000000000000000000000000000068
:107820000000000000000000000000000000000058
:107830000000000000000000000000000000000048
:107840000000000000000000000000000000000038
:107850000000000000000000000000000000000028
:107860000000000000000000000000000000000018
:107870000000000000000000000000000000000008
:1078800000000000000000000000000000000000F8
:1078900000000000000000000000000000000000E8
:1078A00000000000000000000000000000000000D8
:1078B00000000000000000000000000000000000C8
:1078C00000000000000000000000000000000000B8
:1078D00000000000000000000000000000000000A8
:1078E0000000000000000000000000000000000098
:1078F0000000000000000000000000000000000088
:107900000000000000000000000000000000000077
:107910000000000000000000000000000000000067
:107920000000000000000000000000000000000057
:107930000000000000000000000000000000000047
:107940000000000000000000000000000000000037
:107950000000000000000000000000000000000027
:107960000000000000000000000000000000000017
:107970000000000000000000000000000000000007
:1079800000000000000000000000000000000000F7
:1079900000000000000000000000000000000000E7
:1079A00000000000000000000000000000000000D7
:1079B00000000000000000000000000000000000C7
:1079C00000000000000000000000000000000000B7
:1079D00000000000000000000000000000000000A7
:1079E0000000000000000000000000000000000097
:1079F0000000000000000000000000000000000087
:107A00000000000000000000000000000000000076
:107A10000000000000000000000000000000000066
:107A20000000000000000000000000000000000056
:107A30000000000000000000000000000000000046
:107A40000000000000000000000000000000000036
:107A50000000000000000000000000000000000026
:107A60000000000000000000000000000000000016
:107A70000000000000000000000000000000000006
:107A800000000000000000000000000000000000F6
:107A900000000000000000000000000000000000E6
:107AA00000000000000000000000000000000000D6
:107AB00000000000000000000000000000000000C6
:107AC00000000000000000000000000000000000B6
:107AD00000000000000000000000000000000000A6
:107AE0000000000000000000000000000000000096
:107AF0000000000000000000000000000000000086
:107B00000000000000000000000000000000000075
:107B10000000000000000000000000000000000065
:107B20000000000000000000000000000000000055
:107B30000000000000000000000000000000000045
:107B40000000000000000000000000000000000035
:107B50000000000000000000000000000000000025
:107B60000000000000000000000000000000000015
:107B70000000000000000000000000000000000005
:107B800000000000000000000000000000000000F5
:107B900000000000000000000000000000000000E5
:107BA00000000000000000000000000000000000D5
:107BB00000000000000000000000000000000000C5
:107BC00000000000000000000000000000000000B5
:107BD00000000000000000000000000000000000A5
:107BE0000000000000000000000000000000000095
:107BF0000000000000000000000000000000000085
:107C00000000000000000000000000000000000074
:107C10000000000000000000000000000000000064
:107C20000000000000000000000000000000000054
:107C30000000000000000000000000000000000044
:107C40000000000000000000000000000000000034
:107C50000000000000000000000000000000000024
:107C60000000000000000000000000000000000014
:107C70000000000000000000000000000000000004
:107C800000000000000000000000000000000000F4
:107C900000000000000000000000000000000000E4
:107CA00000000000000000000000000000000000D4
:107CB00000000000000000000000000000000000C4
:107CC00000000000000000000000000000000000B4
:107CD00000000000000000000000000000000000A4
:107CE0000000000000000000000000000000000094
:107CF0000000000000000000000000000000000084
:107D00000000000000000000000000000000000073
:107D10000000000000000000000000000000000063
:107D20000000000000000000000000000000000053
:107D30000000000000000000000000000000000043
:107D40000000000000000000000000000000000033
:107D50000000000000000000000000000000000023
:107D60000000000000000000000000000000000013
:107D70000000000000000000000000000000000003
:107D800000000000000000000000000000000000F3
:107D900000000000000000000000000000000000E3
:107DA00000000000000000000000000000000000D3
:107DB00000000000000000000000000000000000C3
:107DC00000000000000000000000000000000000B3
:107DD00000000000000000000000000000000000A3
:107DE0000000000000000000000000000000000093
:107DF0000000000000000000000000000000000083
:107E00000000000000000000000000000000000072
:107E10000000000000000000000000000000000062
:107E20000000000000000000000000000000000052
:107E30000000000000000000000000000000000042
:107E40000000000000000000000000000000000032
:107E50000000000000000000000000000000000022
:107E60000000000000000000000000000000000012
:107E70000000000000000000000000000000000002
:107E800000000000000000000000000000000000F2
:107E900000000000000000000000000000000000E2
:107EA00000000000000000000000000000000000D2
:107EB00000000000000000000000000000000000C2
:107EC00000000000000000000000000000000000B2
:107ED00000000000000000000000000000000000A2
:107EE0000000000000000000000000000000000092
:107EF0000000000000000000000000000000000082
:107F00000000000000000000000000000000000071
:107F10000000000000000000000000000000000061
:107F20000000000000000000000000000000000051
:107F30000000000000000000000000000000000041
:107F40000000000000000000000000000000000031
:107F50000000000000000000000000000000000021
:107F60000000000000000000000000000000000011
:107F70000000000000000000000000000000000001
:107F800000000000000000000000000000000000F1
:107F900000000000000000000000000000000000E1
:107FA00000000000000000000000000000000000D1
:107FB00000000000000000000000000000000000C1
:107FC00000000000000000000000000000000000B1
:107FD00000000000000000000000000000000000A1
:107FE0000000000000000000000000000000000091
:107FF0000000000000000000000000000000000081
:108000000000000000000000000000000000000070
:108010000000000000000000000000000000000060
:108020000000000000000000000000000000000050
:108030000000000000000000000000000000000040
:108040000000000000000000000000000000000030
:108050000000000000000000000000000000000020
:108060000000000000000000000000000000000010
:108070000000000000000000000000000000000000
:1080800000000000000000000000000000000000F0
:1080900000000000000000000000000000000000E0
:1080A00000000000000000000000000000000000D0
:1080B00000000000000000000000000000000000C0
:1080C00000000000000000000000000000000000B0
:1080D00000000000000000000000000000000000A0
:1080E0000000000000000000000000000000000090
:1080F0000000000000000000000000000000000080
:10810000000000000000000000000000000000006F
:10811000000000000000000000000000000000005F
:10812000000000000000000000000000000000004F
:10813000000000000000000000000000000000003F
:10814000000000000000000000000000000000002F
:10815000000000000000000000000000000000001F
:10816000000000000000000000000000000000000F
:1081700000000000000000000000000000000000FF
:1081800000000000000000000000000000000000EF
:1081900000000000000000000000000000000000DF
:1081A00000000000000000000000000000000000CF
:1081B00000000000000000000000000000000000BF
:1081C00000000000000000000000000000000000AF
:1081D000000000000000000000000000000000009F
:1081E000000000000000000000000000000000008F
:1081F000000000000000000000000000000000007F
:10820000000000000000000000000000000000006E
:10821000000000000000000000000000000000005E
:10822000000000000000000000000000000000004E
:10823000000000000000000000000000000000003E
:10824000000000000000000000000000000000002E
:10825000000000000000000000000000000000001E
:10826000000000000000000000000000000000000E
:1082700000000000000000000000000000000000FE
:1082800000000000000000000000000000000000EE
:1082900000000000000000000000000000000000DE
:1082A00000000000000000000000000000000000CE
:1082B00000000000000000000000000000000000BE
:1082C00000000000000000000000000000000000AE
:1082D000000000000000000000000000000000009E
:1082E000000000000000000000000000000000008E
:1082F000000000000000000000000000000000007E
:10830000000000000000000000000000000000006D
:10831000000000000000000000000000000000005D
:10832000000000000000000000000000000000004D
:10833000000000000000000000000000000000003D
:10834000000000000000000000000000000000002D
:10835000000000000000000000000000000000001D
:10836000000000000000000000000000000000000D
:1083700000000000000000000000000000000000FD
:1083800000000000000000000000000000000000ED
:1083900000000000000000000000000000000000DD
:1083A00000000000000000000000000000000000CD
:1083B00000000000000000000000000000000000BD
:1083C00000000000000000000000000000000000AD
:1083D000000000000000000000000000000000009D
:1083E000000000000000000000000000000000008D
:1083F000000000000000000000000000000000007D
:10840000000000000000000000000000000000006C
:10841000000000000000000000000000000000005C
:10842000000000000000000000000000000000004C
:10843000000000000000000000000000000000003C
:10844000000000000000000000000000000000002C
:10845000000000000000000000000000000000001C
:10846000000000000000000000000000000000000C
:1084700000000000000000000000000000000000FC
:1084800000000000000000000000000000000000EC
:1084900000000000000000000000000000000000DC
:1084A00000000000000000000000000000000000CC
:1084B00000000000000000000000000000000000BC
:1084C00000000000000000000000000000000000AC
:1084D000000000000000000000000000000000009C
:1084E000000000000000000000000000000000008C
:1084F000000000000000000000000000000000007C
:10850000000000000000000000000000000000006B
:10851000000000000000000000000000000000005B
:10852000000000000000000000000000000000004B
:10853000000000000000000000000000000000003B
:10854000000000000000000000000000000000002B
:10855000000000000000000000000000000000001B
:10856000000000000000000000000000000000000B
:1085700000000000000000000000000000000000FB
:1085800000000000000000000000000000000000EB
:1085900000000000000000000000000000000000DB
:1085A00000000000000000000000000000000000CB
:1085B00000000000000000000000000000000000BB
:1085C00000000000000000000000000000000000AB
:1085D000000000000000000000000000000000009B
:1085E000000000000000000000000000000000008B
:1085F000000000000000000000000000000000007B
:10860000000000000000000000000000000000006A
:10861000000000000000000000000000000000005A
:10862000000000000000000000000000000000004A
:10863000000000000000000000000000000000003A
:10864000000000000000000000000000000000002A
:10865000000000000000000000000000000000001A
:10866000000000000000000000000000000000000A
:1086700000000000000000000000000000000000FA
:1086800000000000000000000000000000000000EA
:1086900000000000000000000000000000000000DA
:1086A00000000000000000000000000000000000CA
:1086B00000000000000000000000000000000000BA
:1086C00000000000000000000000000000000000AA
:1086D000000000000000000000000000000000009A
:1086E000000000000000000000000000000000008A
:1086F000000000000000000000000000000000007A
:108700000000000000000000000000000000000069
:108710000000000000000000000000000000000059
:108720000000000000000000000000000000000049
:108730000000000000000000000000000000000039
:108740000000000000000000000000000000000029
:108750000000000000000000000000000000000019
:108760000000000000000000000000000000000009
:1087700000000000000000000000000000000000F9
:1087800000000000000000000000000000000000E9
:1087900000000000000000000000000000000000D9
:1087A00000000000000000000000000000000000C9
:1087B00000000000000000000000000000000000B9
:1087C00000000000000000000000000000000000A9
:1087D0000000000000000000000000000000000099
:1087E0000000000000000000000000000000000089
:1087F0000000000000000000000000000000000079
:108800000000000000000000000000000000000068
:108810000000000000000000000000000000000058
:108820000000000000000000000000000000000048
:108830000000000000000000000000000000000038
:108840000000000000000000000000000000000028
:108850000000000000000000000000000000000018
:108860000000000000000000000000000000000008
:1088700000000000000000000000000000000000F8
:1088800000000000000000000000000000000000E8
:1088900000000000000000000000000000000000D8
:1088A00000000000000000000000000000000000C8
:1088B00000000000000000000000000000000000B8
:1088C00000000000000000000000000000000000A8
:1088D0000000000000000000000000000000000098
:1088E0000000000000000000000000000000000088
:1088F0000000000000000000000000000000000078
:108900000000000000000000000000000000000067
:108910000000000000000000000000000000000057
:108920000000000000000000000000000000000047
:108930000000000000000000000000000000000037
:108940000000000000000000000000000000000027
:108950000000000000000000000000000000000017
:108960000000000000000000000000000000000007
:1089700000000000000000000000000000000000F7
:1089800000000000000000000000000000000000E7
:1089900000000000000000000000000000000000D7
:1089A00000000000000000000000000000000000C7
:1089B00000000000000000000000000000000000B7
:1089C00000000000000000000000000000000000A7
:1089D0000000000000000000000000000000000097
:1089E0000000000000000000000000000000000087
:1089F0000000000000000000000000000000000077
:108A00000000000000000000000000000000000066
:108A10000000000000000000000000000000000056
:108A20000000000000000000000000000000000046
:108A30000000000000000000000000000000000036
:108A40000000000000000000000000000000000026
:108A50000000000000000000000000000000000016
:108A60000000000000000000000000000000000006
:108A700000000000000000000000000000000000F6
:108A800000000000000000000000000000000000E6
:108A900000000000000000000000000000000000D6
:108AA00000000000000000000000000000000000C6
:108AB00000000000000000000000000000000000B6
:108AC00000000000000000000000000000000000A6
:108AD0000000000000000000000000000000000096
:108AE0000000000000000000000000000000000086
:108AF0000000000000000000000000000000000076
:108B00000000000000000000000000000000000065
:108B10000000000000000000000000000000000055
:108B20000000000000000000000000000000000045
:108B30000000000000000000000000000000000035
:108B40000000000000000000000000000000000025
:108B50000000000000000000000000000000000015
:108B60000000000000000000000000000000000005
:108B700000000000000000000000000000000000F5
:108B800000000000000000000000000000000000E5
:108B900000000000000000000000000000000000D5
:108BA00000000000000000000000000000000000C5
:108BB00000000000000000000000000000000000B5
:108BC00000000000000000000000000000000000A5
:108BD0000000000000000000000000000000000095
:108BE0000000000000000000000000000000000085
:108BF0000000000000000000000000000000000075
:108C00000000000000000000000000000000000064
:108C10000000000000000000000000000000000054
:108C20000000000000000000000000000000000044
:108C30000000000000000000000000000000000034
:108C40000000000000000000000000000000000024
:108C50000000000000000000000000000000000014
:108C60000000000000000000000000000000000004
:108C700000000000000000000000000000000000F4
:108C800000000000000000000000000000000000E4
:108C900000000000000000000000000000000000D4
:108CA00000000000000000000000000000000000C4
:108CB00000000000000000000000000000000000B4
:108CC00000000000000000000000000000000000A4
:108CD0000000000000000000000000000000000094
:108CE0000000000000000000000000000000000084
:108CF0000000000000000000000000000000000074
:108D00000000000000000000000000000000000063
:108D10000000000000000000000000000000000053
:108D20000000000000000000000000000000000043
:108D30000000000000000000000000000000000033
:108D40000000000000000000000000000000000023
:108D50000000000000000000000000000000000013
:108D60000000000000000000000000000000000003
:108D700000000000000000000000000000000000F3
:108D800000000000000000000000000000000000E3
:108D900000000000000000000000000000000000D3
:108DA00000000000000000000000000000000000C3
:108DB00000000000000000000000000000000000B3
:108DC00000000000000000000000000000000000A3
:108DD0000000000000000000000000000000000093
:108DE0000000000000000000000000000000000083
:108DF0000000000000000000000000000000000073
:108E00000000000000000000000000000000000062
:108E10000000000000000000000000000000000052
:108E20000000000000000000000000000000000042
:108E30000000000000000000000000000000000032
:108E40000000000000000000000000000000000022
:108E50000000000000000000000000000000000012
:108E60000000000000000000000000000000000002
:108E700000000000000000000000000000000000F2
:108E800000000000000000000000000000000000E2
:108E900000000000000000000000000000000000D2
:108EA00000000000000000000000000000000000C2
:108EB00000000000000000000000000000000000B2
:108EC00000000000000000000000000000000000A2
:108ED0000000000000000000000000000000000092
:108EE0000000000000000000000000000000000082
:108EF0000000000000000000000000000000000072
:108F00000000000000000000000000000000000061
:108F10000000000000000000000000000000000051
:108F20000000000000000000000000000000000041
:108F30000000000000000000000000000000000031
:108F40000000000000000000000000000000000021
:108F50000000000000000000000000000000000011
:108F60000000000000000000000000000000000001
:108F700000000000000000000000000000000000F1
:108F800000000000000000000000000000000000E1
:108F900000000000000000000000000000000000D1
:108FA00000000000000000000000000000000000C1
:108FB00000000000000000000000000000000000B1
:108FC00000000000000000000000000000000000A1
:108FD0000000000000000000000000000000000091
:108FE0000000000000000000000000000000000081
:108FF0000000000000000000000000000000000071
:109000000000000000000000000000000000000060
:109010000000000000000000000000000000000050
:109020000000000000000000000000000000000040
:109030000000000000000000000000000000000030
:109040000000000000000000000000000000000020
:109050000000000000000000000000000000000010
:109060000000000000000000000000000000000000
:1090700000000000000000000000000000000000F0
:1090800000000000000000000000000000000000E0
:1090900000000000000000000000000000000000D0
:1090A00000000000000000000000000000000000C0
:1090B00000000000000000000000000000000000B0
:1090C00000000000000000000000000000000000A0
:1090D0000000000000000000000000000000000090
:1090E0000000000000000000000000000000000080
:1090F0000000000000000000000000000000000070
:10910000000000000000000000000000000000005F
:10911000000000000000000000000000000000004F
:10912000000000000000000000000000000000003F
:10913000000000000000000000000000000000002F
:10914000000000000000000000000000000000001F
:10915000000000000000000000000000000000000F
:1091600000000000000000000000000000000000FF
:1091700000000000000000000000000000000000EF
:1091800000000000000000000000000000000000DF
:1091900000000000000000000000000000000000CF
:1091A00000000000000000000000000000000000BF
:1091B00000000000000000000000000000000000AF
:1091C000000000000000000000000000000000009F
:1091D000000000000000000000000000000000008F
:1091E000000000000000000000000000000000007F
:1091F000000000000000000000000000000000006F
:10920000000000000000000000000000000000005E
:10921000000000000000000000000000000000004E
:10922000000000000000000000000000000000003E
:10923000000000000000000000000000000000002E
:10924000000000000000000000000000000000001E
:10925000000000000000000000000000000000000E
:1092600000000000000000000000000000000000FE
:1092700000000000000000000000000000000000EE
:1092800000000000000000000000000000000000DE
:1092900000000000000000000000000000000000CE
:1092A00000000000000000000000000000000000BE
:1092B00000000000000000000000000000000000AE
:1092C000000000000000000000000000000000009E
:1092D000000000000000000000000000000000008E
:1092E000000000000000000000000000000000007E
:1092F000000000000000000000000000000000006E
:10930000000000000000000000000000000000005D
:10931000000000000000000000000000000000004D
:10932000000000000000000000000000000000003D
:10933000000000000000000000000000000000002D
:10934000000000000000000000000000000000001D
:10935000000000000000000000000000000000000D
:1093600000000000000000000000000000000000FD
:1093700000000000000000000000000000000000ED
:1093800000000000000000000000000000000000DD
:1093900000000000000000000000000000000000CD
:1093A00000000000000000000000000000000000BD
:1093B00000000000000000000000000000000000AD
:1093C000000000000000000000000000000000009D
:1093D000000000000000000000000000000000008D
:1093E000000000000000000000000000000000007D
:1093F000000000000000000000000000000000006D
:10940000000000000000000000000000000000005C
:10941000000000000000000000000000000000004C
:10942000000000000000000000000000000000003C
:10943000000000000000000000000000000000002C
:10944000000000000000000000000000000000001C
:10945000000000000000000000000000000000000C
:1094600000000000000000000000000000000000FC
:1094700000000000000000000000000000000000EC
:1094800000000000000000000000000000000000DC
:1094900000000000000000000000000000000000CC
:1094A00000000000000000000000000000000000BC
:1094B00000000000000000000000000000000000AC
:1094C000000000000000000000000000000000009C
:1094D000000000000000000000000000000000008C
:1094E000000000000000000000000000000000007C
:1094F000000000000000000000000000000000006C
:10950000000000000000000000000000000000005B
:10951000000000000000000000000000000000004B
:10952000000000000000000000000000000000003B
:10953000000000000000000000000000000000002B
:10954000000000000000000000000000000000001B
:10955000000000000000000000000000000000000B
:1095600000000000000000000000000000000000FB
:1095700000000000000000000000000000000000EB
:1095800000000000000000000000000000000000DB
:1095900000000000000000000000000000000000CB
:1095A00000000000000000000000000000000000BB
:1095B00000000000000000000000000000000000AB
:1095C000000000000000000000000000000000009B
:1095D000000000000000000000000000000000008B
:1095E000000000000000000000000000000000007B
:1095F000000000000000000000000000000000006B
:10960000000000000000000000000000000000005A
:10961000000000000000000000000000000000004A
:10962000000000000000000000000000000000003A
:10963000000000000000000000000000000000002A
:10964000000000000000000000000000000000001A
:10965000000000000000000000000000000000000A
:1096600000000000000000000000000000000000FA
:1096700000000000000000000000000000000000EA
:1096800000000000000000000000000000000000DA
:1096900000000000000000000000000000000000CA
:1096A00000000000000000000000000000000000BA
:1096B00000000000000000000000000000000000AA
:1096C000000000000000000000000000000000009A
:1096D000000000000000000000000000000000008A
:1096E000000000000000000000000000000000007A
:1096F000000000000000000000000000000000006A
:109700000000000000000000000000000000000059
:109710000000000000000000000000000000000049
:109720000000000000000000000000000000000039
:109730000000000000000000000000000000000029
:109740000000000000000000000000000000000019
:109750000000000000000000000000000000000009
:1097600000000000000000000000000000000000F9
:1097700000000000000000000000000000000000E9
:1097800000000000000000000000000000000000D9
:1097900000000000000000000000000000000000C9
:1097A00000000000000000000000000000000000B9
:1097B00000000000000000000000000000000000A9
:1097C0000000000000000000000000000000000099
:1097D0000000000000000000000000000000000089
:1097E0000000000000000000000000000000000079
:1097F0000000000000000000000000000000000069
:109800000000000000000000000000000000000058
:109810000000000000000000000000000000000048
:109820000000000000000000000000000000000038
:109830000000000000000000000000000000000028
:109840000000000000000000000000000000000018
:109850000000000000000000000000000000000008
:1098600000000000000000000000000000000000F8
:1098700000000000000000000000000000000000E8
:1098800000000000000000000000000000000000D8
:1098900000000000000000000000000000000000C8
:1098A00000000000000000000000000000000000B8
:1098B00000000000000000000000000000000000A8
:1098C0000000000000000000000000000000000098
:1098D0000000000000000000000000000000000088
:1098E0000000000000000000000000000000000078
:1098F0000000000000000000000000000000000068
:109900000000000000000000000000000000000057
:109910000000000000000000000000000000000047
:109920000000000000000000000000000000000037
:109930000000000000000000000000000000000027
:109940000000000000000000000000000000000017
:109950000000000000000000000000000000000007
:1099600000000000000000000000000000000000F7
:1099700000000000000000000000000000000000E7
:1099800000000000000000000000000000000000D7
:1099900000000000000000000000000000000000C7
:1099A00000000000000000000000000000000000B7
:1099B00000000000000000000000000000000000A7
:1099C0000000000000000000000000000000000097
:1099D0000000000000000000000000000000000087
:1099E0000000000000000000000000000000000077
:1099F0000000000000000000000000000000000067
:109A00000000000000000000000000000000000056
:109A10000000000000000000000000000000000046
:109A20000000000000000000000000000000000036
:109A30000000000000000000000000000000000026
:109A40000000000000000000000000000000000016
:109A50000000000000000000000000000000000006
:109A600000000000000000000000000000000000F6
:109A700000000000000000000000000000000000E6
:109A800000000000000000000000000000000000D6
:109A900000000000000000000000000000000000C6
:109AA00000000000000000000000000000000000B6
:109AB00000000000000000000000000000000000A6
:109AC0000000000000000000000000000000000096
:109AD0000000000000000000000000000000000086
:109AE0000000000000000000000000000000000076
:109AF0000000000000000000000000000000000066
:109B00000000000000000000000000000000000055
:109B10000000000000000000000000000000000045
:109B20000000000000000000000000000000000035
:109B30000000000000000000000000000000000025
:109B40000000000000000000000000000000000015
:109B50000000000000000000000000000000000005
:109B600000000000000000000000000000000000F5
:109B700000000000000000000000000000000000E5
:109B800000000000000000000000000000000000D5
:109B900000000000000000000000000000000000C5
:109BA00000000000000000000000000000000000B5
:109BB00000000000000000000000000000000000A5
:109BC0000000000000000000000000000000000095
:109BD0000000000000000000000000000000000085
:109BE0000000000000000000000000000000000075
:109BF0000000000000000000000000000000000065
:109C00000000000000000000000000000000000054
:109C10000000000000000000000000000000000044
:109C20000000000000000000000000000000000034
:109C30000000000000000000000000000000000024
:109C40000000000000000000000000000000000014
:109C50000000000000000000000000000000000004
:109C600000000000000000000000000000000000F4
:109C700000000000000000000000000000000000E4
:109C800000000000000000000000000000000000D4
:109C900000000000000000000000000000000000C4
:109CA00000000000000000000000000000000000B4
:109CB00000000000000000000000000000000000A4
:109CC0000000000000000000000000000000000094
:109CD0000000000000000000000000000000000084
:109CE0000000000000000000000000000000000074
:109CF0000000000000000000000000000000000064
:109D00000000000000000000000000000000000053
:109D10000000000000000000000000000000000043
:109D20000000000000000000000000000000000033
:109D30000000000000000000000000000000000023
:109D40000000000000000000000000000000000013
:109D50000000000000000000000000000000000003
:109D600000000000000000000000000000000000F3
:109D700000000000000000000000000000000000E3
:109D800000000000000000000000000000000000D3
:109D900000000000000000000000000000000000C3
:109DA00000000000000000000000000000000000B3
:109DB00000000000000000000000000000000000A3
:109DC0000000000000000000000000000000000093
:109DD0000000000000000000000000000000000083
:109DE0000000000000000000000000000000000073
:109DF0000000000000000000000000000000000063
:109E00000000000000000000000000000000000052
:109E10000000000000000000000000000000000042
:109E20000000000000000000000000000000000032
:109E30000000000000000000000000000000000022
:109E40000000000000000000000000000000000012
:109E50000000000000000000000000000000000002
:109E600000000000000000000000000000000000F2
:109E700000000000000000000000000000000000E2
:109E800000000000000000000000000000000000D2
:109E900000000000000000000000000000000000C2
:109EA00000000000000000000000000000000000B2
:109EB00000000000000000000000000000000000A2
:109EC0000000000000000000000000000000000092
:109ED0000000000000000000000000000000000082
:109EE0000000000000000000000000000000000072
:109EF0000000000000000000000000000000000062
:109F00000000000000000000000000000000000051
:109F10000000000000000000000000000000000041
:109F20000000000000000000000000000000000031
:109F30000000000000000000000000000000000021
:109F40000000000000000000000000000000000011
:109F50000000000000000000000000000000000001
:109F600000000000000000000000000000000000F1
:109F700000000000000000000000000000000000E1
:109F800000000000000000000000000000000000D1
:109F900000000000000000000000000000000000C1
:109FA00000000000000000000000000000000000B1
:109FB00000000000000000000000000000000000A1
:109FC0000000000000000000000000000000000091
:109FD0000000000000000000000000000000000081
:109FE0000000000000000000000000000000000071
:109FF0000000000000000000000000000000000061
:10A000000000000000000000000000000000000050
:10A010000000000000000000000000000000000040
:10A020000000000000000000000000000000000030
:10A030000000000000000000000000000000000020
:10A040000000000000000000000000000000000010
:10A050000000000000000000000000000000000000
:10A0600000000000000000000000000000000000F0
:10A0700000000000000000000000000000000000E0
:10A0800000000000000000000000000000000000D0
:10A0900000000000000000000000000000000000C0
:10A0A00000000000000000000000000000000000B0
:10A0B00000000000000000000000000000000000A0
:10A0C0000000000000000000000000000000000090
:10A0D0000000000000000000000000000000000080
:10A0E0000000000000000000000000000000000070
:10A0F0000000000000000000000000000000000060
:10A10000000000000000000000000000000000004F
:10A11000000000000000000000000000000000003F
:10A12000000000000000000000000000000000002F
:10A13000000000000000000000000000000000001F
:10A14000000000000000000000000000000000000F
:10A1500000000000000000000000000000000000FF
:10A1600000000000000000000000000000000000EF
:10A1700000000000000000000000000000000000DF
:10A1800000000000000000000000000000000000CF
:10A1900000000000000000000000000000000000BF
:10A1A00000000000000000000000000000000000AF
:10A1B000000000000000000000000000000000009F
:10A1C000000000000000000000000000000000008F
:10A1D000000000000000000000000000000000007F
:10A1E000000000000000000000000000000000006F
:10A1F000000000000000000000000000000000005F
:10A20000000000000000000000000000000000004E
:10A21000000000000000000000000000000000003E
:10A22000000000000000000000000000000000002E
:10A23000000000000000000000000000000000001E
:10A24000000000000000000000000000000000000E
:10A2500000000000000000000000000000000000FE
:10A2600000000000000000000000000000000000EE
:10A2700000000000000000000000000000000000DE
:10A2800000000000000000000000000000000000CE
:10A2900000000000000000000000000000000000BE
:10A2A00000000000000000000000000000000000AE
:10A2B000000000000000000000000000000000009E
:10A2C000000000000000000000000000000000008E
:10A2D000000000000000000000000000000000007E
:10A2E000000000000000000000000000000000006E
:10A2F000000000000000000000000000000000005E
:10A30000000000000000000000000000000000004D
:10A31000000000000000000000000000000000003D
:10A32000000000000000000000000000000000002D
:10A33000000000000000000000000000000000001D
:10A34000000000000000000000000000000000000D
:10A3500000000000000000000000000000000000FD
:10A3600000000000000000000000000000000000ED
:10A3700000000000000000000000000000000000DD
:10A3800000000000000000000000000000000000CD
:10A3900000000000000000000000000000000000BD
:10A3A00000000000000000000000000000000000AD
:10A3B000000000000000000000000000000000009D
:10A3C000000000000000000000000000000000008D
:10A3D000000000000000000000000000000000007D
:10A3E000000000000000000000000000000000006D
:10A3F000000000000000000000000000000000005D
:10A40000000000000000000000000000000000004C
:10A41000000000000000000000000000000000003C
:10A42000000000000000000000000000000000002C
:10A43000000000000000000000000000000000001C
:10A44000000000000000000000000000000000000C
:10A4500000000000000000000000000000000000FC
:10A4600000000000000000000000000000000000EC
:10A4700000000000000000000000000000000000DC
:10A4800000000000000000000000000000000000CC
:10A4900000000000000000000000000000000000BC
:10A4A00000000000000000000000000000000000AC
:10A4B000000000000000000000000000000000009C
:10A4C000000000000000000000000000000000008C
:10A4D000000000000000000000000000000000007C
:10A4E000000000000000000000000000000000006C
:10A4F000000000000000000000000000000000005C
:10A50000000000000000000000000000000000004B
:10A51000000000000000000000000000000000003B
:10A52000000000000000000000000000000000002B
:10A53000000000000000000000000000000000001B
:10A54000000000000000000000000000000000000B
:10A5500000000000000000000000000000000000FB
:10A5600000000000000000000000000000000000EB
:10A5700000000000000000000000000000000000DB
:10A5800000000000000000000000000000000000CB
:10A5900000000000000000000000000000000000BB
:10A5A00000000000000000000000000000000000AB
:10A5B000000000000000000000000000000000009B
:10A5C000000000000000000000000000000000008B
:10A5D000000000000000000000000000000000007B
:10A5E000000000000000000000000000000000006B
:10A5F000000000000000000000000000000000005B
:10A60000000000000000000000000000000000004A
:10A61000000000000000000000000000000000003A
:10A62000000000000000000000000000000000002A
:10A63000000000000000000000000000000000001A
:10A64000000000000000000000000000000000000A
:10A6500000000000000000000000000000000000FA
:10A6600000000000000000000000000000000000EA
:10A6700000000000000000000000000000000000DA
:10A6800000000000000000000000000000000000CA
:10A6900000000000000000000000000000000000BA
:10A6A00000000000000000000000000000000000AA
:10A6B000000000000000000000000000000000009A
:10A6C000000000000000000000000000000000008A
:10A6D000000000000000000000000000000000007A
:10A6E000000000000000000000000000000000006A
:10A6F000000000000000000000000000000000005A
:10A700000000000000000000000000000000000049
:10A710000000000000000000000000000000000039
:10A720000000000000000000000000000000000029
:10A730000000000000000000000000000000000019
:10A740000000000000000000000000000000000009
:10A7500000000000000000000000000000000000F9
:10A7600000000000000000000000000000000000E9
:10A7700000000000000000000000000000000000D9
:10A7800000000000000000000000000000000000C9
:10A7900000000000000000000000000000000000B9
:10A7A00000000000000000000000000000000000A9
:10A7B0000000000000000000000000000000000099
:10A7C0000000000000000000000000000000000089
:10A7D0000000000000000000000000000000000079
:10A7E0000000000000000000000000000000000069
:10A7F0000000000000000000000000000000000059
:10A800000000000000000000000000000000000048
:10A810000000000000000000000000000000000038
:10A820000000000000000000000000000000000028
:10A830000000000000000000000000000000000018
:10A840000000000000000000000000000000000008
:10A8500000000000000000000000000000000000F8
:10A8600000000000000000000000000000000000E8
:10A8700000000000000000000000000000000000D8
:10A8800000000000000000000000000000000000C8
:10A8900000000000000000000000000000000000B8
:10A8A00000000000000000000000000000000000A8
:10A8B0000000000000000000000000000000000098
:10A8C0000000000000000000000000000000000088
:10A8D0000000000000000000000000000000000078
:10A8E0000000000000000000000000000000000068
:10A8F0000000000000000000000000000000000058
:10A900000000000000000000000000000000000047
:10A910000000000000000000000000000000000037
:10A920000000000000000000000000000000000027
:10A930000000000000000000000000000000000017
:10A940000000000000000000000000000000000007
:10A9500000000000000000000000000000000000F7
:10A9600000000000000000000000000000000000E7
:10A9700000000000000000000000000000000000D7
:10A9800000000000000000000000000000000000C7
:10A9900000000000000000000000000000000000B7
:10A9A00000000000000000000000000000000000A7
:10A9B0000000000000000000000000000000000097
:10A9C0000000000000000000000000000000000087
:10A9D0000000000000000000000000000000000077
:10A9E0000000000000000000000000000000000067
:10A9F0000000000000000000000000000000000057
:10AA00000000000000000000000000000000000046
:10AA10000000000000000000000000000000000036
:10AA20000000000000000000000000000000000026
:10AA30000000000000000000000000000000000016
:10AA40000000000000000000000000000000000006
:10AA500000000000000000000000000000000000F6
:10AA600000000000000000000000000000000000E6
:10AA700000000000000000000000000000000000D6
:10AA800000000000000000000000000000000000C6
:10AA900000000000000000000000000000000000B6
:10AAA00000000000000000000000000000000000A6
:10AAB0000000000000000000000000000000000096
:10AAC0000000000000000000000000000000000086
:10AAD0000000000000000000000000000000000076
:10AAE0000000000000000000000000000000000066
:10AAF0000000000000000000000000000000000056
:10AB00000000000000000000000000000000000045
:10AB10000000000000000000000000000000000035
:10AB20000000000000000000000000000000000025
:10AB30000000000000000000000000000000000015
:10AB40000000000000000000000000000000000005
:10AB500000000000000000000000000000000000F5
:10AB600000000000000000000000000000000000E5
:10AB700000000000000000000000000000000000D5
:10AB800000000000000000000000000000000000C5
:10AB900000000000000000000000000000000000B5
:10ABA00000000000000000000000000000000000A5
:10ABB0000000000000000000000000000000000095
:10ABC0000000000000000000000000000000000085
:10ABD0000000000000000000000000000000000075
:10ABE0000000000000000000000000000000000065
:10ABF0000000000000000000000000000000000055
:10AC00000000000000000000000000000000000044
:10AC10000000000000000000000000000000000034
:10AC20000000000000000000000000000000000024
:10AC30000000000000000000000000000000000014
:10AC40000000000000000000000000000000000004
:10AC500000000000000000000000000000000000F4
:10AC600000000000000000000000000000000000E4
:10AC700000000000000000000000000000000000D4
:10AC800000000000000000000000000000000000C4
:10AC900000000000000000000000000000000000B4
:10ACA00000000000000000000000000000000000A4
:10ACB0000000000000000000000000000000000094
:10ACC0000000000000000000000000000000000084
:10ACD0000000000000000000000000000000000074
:10ACE0000000000000000000000000000000000064
:10ACF0000000000000000000000000000000000054
:10AD00000000000000000000000000000000000043
:10AD10000000000000000000000000000000000033
:10AD20000000000000000000000000000000000023
:10AD30000000000000000000000000000000000013
:10AD40000000000000000000000000000000000003
:10AD500000000000000000000000000000000000F3
:10AD600000000000000000000000000000000000E3
:10AD700000000000000000000000000000000000D3
:10AD800000000000000000000000000000000000C3
:10AD900000000000000000000000000000000000B3
:10ADA00000000000000000000000000000000000A3
:10ADB0000000000000000000000000000000000093
:10ADC0000000000000000000000000000000000083
:10ADD0000000000000000000000000000000000073
:10ADE0000000000000000000000000000000000063
:10ADF0000000000000000000000000000000000053
:10AE00000000000000000000000000000000000042
:10AE10000000000000000000000000000000000032
:10AE20000000000000000000000000000000000022
:10AE30000000000000000000000000000000000012
:10AE40000000000000000000000000000000000002
:10AE500000000000000000000000000000000000F2
:10AE600000000000000000000000000000000000E2
:10AE700000000000000000000000000000000000D2
:10AE800000000000000000000000000000000000C2
:10AE900000000000000000000000000000000000B2
:10AEA00000000000000000000000000000000000A2
:10AEB0000000000000000000000000000000000092
:10AEC0000000000000000000000000000000000082
:10AED0000000000000000000000000000000000072
:10AEE0000000000000000000000000000000000062
:10AEF0000000000000000000000000000000000052
:10AF00000000000000000000000000000000000041
:10AF10000000000000000000000000000000000031
:10AF20000000000000000000000000000000000021
:10AF30000000000000000000000000000000000011
:10AF40000000000000000000000000000000000001
:10AF500000000000000000000000000000000000F1
:10AF600000000000000000000000000000000000E1
:10AF700000000000000000000000000000000000D1
:10AF800000000000000000000000000000000000C1
:10AF900000000000000000000000000000000000B1
:10AFA00000000000000000000000000000000000A1
:10AFB0000000000000000000000000000000000091
:10AFC0000000000000000000000000000000000081
:10AFD0000000000000000000000000000000000071
:10AFE0000000000000000000000000000000000061
:10AFF0000000000000000000000000000000000051
:10B000000000000000000000000000000000000040
:10B010000000000000000000000000000000000030
:10B020000000000000000000000000000000000020
:10B030000000000000000000000000000000000010
:10B040000000000000000000000000000000000000
:10B0500000000000000000000000000000000000F0
:10B0600000000000000000000000000000000000E0
:10B0700000000000000000000000000000000000D0
:10B0800000000000000000000000000000000000C0
:10B0900000000000000000000000000000000000B0
:10B0A00000000000000000000000000000000000A0
:10B0B0000000000000000000000000000000000090
:10B0C0000000000000000000000000000000000080
:10B0D0000000000000000000000000000000000070
:10B0E0000000000000000000000000000000000060
:10B0F0000000000000000000000000000000000050
:10B10000000000000000000000000000000000003F
:10B11000000000000000000000000000000000002F
:10B12000000000000000000000000000000000001F
:10B13000000000000000000000000000000000000F
:10B1400000000000000000000000000000000000FF
:10B1500000000000000000000000000000000000EF
:10B1600000000000000000000000000000000000DF
:10B1700000000000000000000000000000000000CF
:10B1800000000000000000000000000000000000BF
:10B1900000000000000000000000000000000000AF
:10B1A000000000000000000000000000000000009F
:10B1B000000000000000000000000000000000008F
:10B1C000000000000000000000000000000000007F
:10B1D000000000000000000000000000000000006F
:10B1E000000000000000000000000000000000005F
:10B1F000000000000000000000000000000000004F
:10B20000000000000000000000000000000000003E
:10B21000000000000000000000000000000000002E
:10B22000000000000000000000000000000000001E
:10B23000000000000000000000000000000000000E
:10B2400000000000000000000000000000000000FE
:10B2500000000000000000000000000000000000EE
:10B2600000000000000000000000000000000000DE
:10B2700000000000000000000000000000000000CE
:10B2800000000000000000000000000000000000BE
:10B2900000000000000000000000000000000000AE
:10B2A000000000000000000000000000000000009E
:10B2B000000000000000000000000000000000008E
:10B2C000000000000000000000000000000000007E
:10B2D000000000000000000000000000000000006E
:10B2E000000000000000000000000000000000005E
:10B2F000000000000000000000000000000000004E
:10B30000000000000000000000000000000000003D
:10B31000000000000000000000000000000000002D
:10B32000000000000000000000000000000000001D
:10B33000000000000000000000000000000000000D
:10B3400000000000000000000000000000000000FD
:10B3500000000000000000000000000000000000ED
:10B3600000000000000000000000000000000000DD
:10B3700000000000000000000000000000000000CD
:10B3800000000000000000000000000000000000BD
:10B3900000000000000000000000000000000000AD
:10B3A000000000000000000000000000000000009D
:10B3B000000000000000000000000000000000008D
:10B3C000000000000000000000000000000000007D
:10B3D000000000000000000000000000000000006D
:10B3E000000000000000000000000000000000005D
:10B3F000000000000000000000000000000000004D
:10B40000000000000000000000000000000000003C
:10B41000000000000000000000000000000000002C
:10B42000000000000000000000000000000000001C
:10B43000000000000000000000000000000000000C
:10B4400000000000000000000000000000000000FC
:10B4500000000000000000000000000000000000EC
:10B4600000000000000000000000000000000000DC
:10B4700000000000000000000000000000000000CC
:10B4800000000000000000000000000000000000BC
:10B4900000000000000000000000000000000000AC
:10B4A000000000000000000000000000000000009C
:10B4B000000000000000000000000000000000008C
:10B4C000000000000000000000000000000000007C
:10B4D000000000000000000000000000000000006C
:10B4E000000000000000000000000000000000005C
:10B4F000000000000000000000000000000000004C
:10B50000000000000000000000000000000000003B
:10B51000000000000000000000000000000000002B
:10B52000000000000000000000000000000000001B
:10B53000000000000000000000000000000000000B
:10B5400000000000000000000000000000000000FB
:10B5500000000000000000000000000000000000EB
:10B5600000000000000000000000000000000000DB
:10B5700000000000000000000000000000000000CB
:10B5800000000000000000000000000000000000BB
:10B5900000000000000000000000000000000000AB
:10B5A000000000000000000000000000000000009B
:10B5B000000000000000000000000000000000008B
:10B5C000000000000000000000000000000000007B
:10B5D000000000000000000000000000000000006B
:10B5E000000000000000000000000000000000005B
:10B5F000000000000000000000000000000000004B
:10B60000000000000000000000000000000000003A
:10B61000000000000000000000000000000000002A
:10B62000000000000000000000000000000000001A
:10B63000000000000000000000000000000000000A
:10B6400000000000000000000000000000000000FA
:10B6500000000000000000000000000000000000EA
:10B6600000000000000000000000000000000000DA
:10B6700000000000000000000000000000000000CA
:10B6800000000000000000000000000000000000BA
:10B6900000000000000000000000000000000000AA
:10B6A000000000000000000000000000000000009A
:10B6B000000000000000000000000000000000008A
:10B6C000000000000000000000000000000000007A
:10B6D000000000000000000000000000000000006A
:10B6E000000000000000000000000000000000005A
:10B6F000000000000000000000000000000000004A
:10B700000000000000000000000000000000000039
:10B710000000000000000000000000000000000029
:10B720000000000000000000000000000000000019
:10B730000000000000000000000000000000000009
:10B7400000000000000000000000000000000000F9
:10B7500000000000000000000000000000000000E9
:10B7600000000000000000000000000000000000D9
:10B7700000000000000000000000000000000000C9
:10B7800000000000000000000000000000000000B9
:10B7900000000000000000000000000000000000A9
:10B7A0000000000000000000000000000000000099
:10B7B0000000000000000000000000000000000089
:10B7C0000000000000000000000000000000000079
:10B7D0000000000000000000000000000000000069
:10B7E0000000000000000000000000000000000059
:10B7F0000000000000000000000000000000000049
:10B800000000000000000000000000000000000038
:10B810000000000000000000000000000000000028
:10B820000000000000000000000000000000000018
:10B830000000000000000000000000000000000008
:10B8400000000000000000000000000000000000F8
:10B8500000000000000000000000000000000000E8
:10B8600000000000000000000000000000000000D8
:10B8700000000000000000000000000000000000C8
:10B8800000000000000000000000000000000000B8
:10B8900000000000000000000000000000000000A8
:10B8A0000000000000000000000000000000000098
:10B8B0000000000000000000000000000000000088
:10B8C0000000000000000000000000000000000078
:10B8D0000000000000000000000000000000000068
:10B8E0000000000000000000000000000000000058
:10B8F0000000000000000000000000000000000048
:10B900000000000000000000000000000000000037
:10B910000000000000000000000000000000000027
:10B920000000000000000000000000000000000017
:10B930000000000000000000000000000000000007
:10B9400000000000000000000000000000000000F7
:10B9500000000000000000000000000000000000E7
:10B9600000000000000000000000000000000000D7
:10B9700000000000000000000000000000000000C7
:10B9800000000000000000000000000000000000B7
:10B9900000000000000000000000000000000000A7
:10B9A0000000000000000000000000000000000097
:10B9B0000000000000000000000000000000000087
:10B9C0000000000000000000000000000000000077
:10B9D0000000000000000000000000000000000067
:10B9E0000000000000000000000000000000000057
:10B9F0000000000000000000000000000000000047
:10BA00000000000000000000000000000000000036
:10BA10000000000000000000000000000000000026
:10BA20000000000000000000000000000000000016
:10BA30000000000000000000000000000000000006
:10BA400000000000000000000000000000000000F6
:10BA500000000000000000000000000000000000E6
:10BA600000000000000000000000000000000000D6
:10BA700000000000000000000000000000000000C6
:10BA800000000000000000000000000000000000B6
:10BA900000000000000000000000000000000000A6
:10BAA0000000000000000000000000000000000096
:10BAB0000000000000000000000000000000000086
:10BAC0000000000000000000000000000000000076
:10BAD0000000000000000000000000000000000066
:10BAE0000000000000000000000000000000000056
:10BAF0000000000000000000000000000000000046
:10BB00000000000000000000000000000000000035
:10BB10000000000000000000000000000000000025
:10BB20000000000000000000000000000000000015
:10BB30000000000000000000000000000000000005
:10BB400000000000000000000000000000000000F5
:10BB500000000000000000000000000000000000E5
:10BB600000000000000000000000000000000000D5
:10BB700000000000000000000000000000000000C5
:10BB800000000000000000000000000000000000B5
:10BB900000000000000000000000000000000000A5
:10BBA0000000000000000000000000000000000095
:10BBB0000000000000000000000000000000000085
:10BBC0000000000000000000000000000000000075
:10BBD0000000000000000000000000000000000065
:10BBE0000000000000000000000000000000000055
:10BBF0000000000000000000000000000000000045
:10BC00000000000000000000000000000000000034
:10BC10000000000000000000000000000000000024
:10BC20000000000000000000000000000000000014
:10BC30000000000000000000000000000000000004
:10BC400000000000000000000000000000000000F4
:10BC500000000000000000000000000000000000E4
:10BC600000000000000000000000000000000000D4
:10BC700000000000000000000000000000000000C4
:10BC800000000000000000000000000000000000B4
:10BC900000000000000000000000000000000000A4
:10BCA0000000000000000000000000000000000094
:10BCB0000000000000000000000000000000000084
:10BCC0000000000000000000000000000000000074
:10BCD0000000000000000000000000000000000064
:10BCE0000000000000000000000000000000000054
:10BCF0000000000000000000000000000000000044
:10BD00000000000000000000000000000000000033
:10BD10000000000000000000000000000000000023
:10BD20000000000000000000000000000000000013
:10BD30000000000000000000000000000000000003
:10BD400000000000000000000000000000000000F3
:10BD500000000000000000000000000000000000E3
:10BD600000000000000000000000000000000000D3
:10BD700000000000000000000000000000000000C3
:10BD800000000000000000000000000000000000B3
:10BD900000000000000000000000000000000000A3
:10BDA0000000000000000000000000000000000093
:10BDB0000000000000000000000000000000000083
:10BDC0000000000000000000000000000000000073
:10BDD0000000000000000000000000000000000063
:10BDE0000000000000000000000000000000000053
:10BDF0000000000000000000000000000000000043
:10BE00000000000000000000000000000000000032
:10BE10000000000000000000000000000000000022
:10BE20000000000000000000000000000000000012
:10BE30000000000000000000000000000000000002
:10BE400000000000000000000000000000000000F2
:10BE500000000000000000000000000000000000E2
:10BE600000000000000000000000000000000000D2
:10BE700000000000000000000000000000000000C2
:10BE800000000000000000000000000000000000B2
:10BE900000000000000000000000000000000000A2
:10BEA0000000000000000000000000000000000092
:10BEB0000000000000000000000000000000000082
:10BEC0000000000000000000000000000000000072
:10BED0000000000000000000000000000000000062
:10BEE0000000000000000000000000000000000052
:10BEF0000000000000000000000000000000000042
:10BF00000000000000000000000000000000000031
:10BF10000000000000000000000000000000000021
:10BF20000000000000000000000000000000000011
:10BF30000000000000000000000000000000000001
:10BF400000000000000000000000000000000000F1
:10BF500000000000000000000000000000000000E1
:10BF600000000000000000000000000000000000D1
:10BF700000000000000000000000000000000000C1
:10BF800000000000000000000000000000000000B1
:10BF900000000000000000000000000000000000A1
:10BFA0000000000000000000000000000000000091
:10BFB0000000000000000000000000000000000081
:10BFC0000000000000000000000000000000000071
:10BFD0000000000000000000000000000000000061
:10BFE0000000000000000000000000000000000051
:10BFF0000000000000000000000000000000000041
:10C000000000000000000000000000000000000030
:10C010000000000000000000000000000000000020
:10C020000000000000000000000000000000000010
:10C030000000000000000000000000000000000000
:10C0400000000000000000000000000000000000F0
:10C0500000000000000000000000000000000000E0
:10C0600000000000000000000000000000000000D0
:10C0700000000000000000000000000000000000C0
:10C0800000000000000000000000000000000000B0
:10C0900000000000000000000000000000000000A0
:10C0A0000000000000000000000000000000000090
:10C0B0000000000000000000000000000000000080
:10C0C0000000000000000000000000000000000070
:10C0D0000000000000000000000000000000000060
:10C0E0000000000000000000000000000000000050
:10C0F0000000000000000000000000000000000040
:10C10000000000000000000000000000000000002F
:10C11000000000000000000000000000000000001F
:10C12000000000000000000000000000000000000F
:10C1300000000000000000000000000000000000FF
:10C1400000000000000000000000000000000000EF
:10C1500000000000000000000000000000000000DF
:10C1600000000000000000000000000000000000CF
:10C1700000000000000000000000000000000000BF
:10C1800000000000000000000000000000000000AF
:10C19000000000000000000000000000000000009F
:10C1A000000000000000000000000000000000008F
:10C1B000000000000000000000000000000000007F
:10C1C000000000000000000000000000000000006F
:10C1D000000000000000000000000000000000005F
:10C1E000000000000000000000000000000000004F
:10C1F000000000000000000000000000000000003F
:10C20000000000000000000000000000000000002E
:10C21000000000000000000000000000000000001E
:10C22000000000000000000000000000000000000E
:10C2300000000000000000000000000000000000FE
:10C2400000000000000000000000000000000000EE
:10C2500000000000000000000000000000000000DE
:10C2600000000000000000000000000000000000CE
:10C2700000000000000000000000000000000000BE
:10C2800000000000000000000000000000000000AE
:10C29000000000000000000000000000000000009E
:10C2A000000000000000000000000000000000008E
:10C2B000000000000000000000000000000000007E
:10C2C000000000000000000000000000000000006E
:10C2D000000000000000000000000000000000005E
:10C2E000000000000000000000000000000000004E
:10C2F000000000000000000000000000000000003E
:10C30000000000000000000000000000000000002D
:10C31000000000000000000000000000000000001D
:10C32000000000000000000000000000000000000D
:10C3300000000000000000000000000000000000FD
:10C3400000000000000000000000000000000000ED
:10C3500000000000000000000000000000000000DD
:10C3600000000000000000000000000000000000CD
:10C3700000000000000000000000000000000000BD
:10C3800000000000000000000000000000000000AD
:10C39000000000000000000000000000000000009D
:10C3A000000000000000000000000000000000008D
:10C3B000000000000000000000000000000000007D
:10C3C000000000000000000000000000000000006D
:10C3D000000000000000000000000000000000005D
:10C3E000000000000000000000000000000000004D
:10C3F000000000000000000000000000000000003D
:10C40000000000000000000000000000000000002C
:10C41000000000000000000000000000000000001C
:10C42000000000000000000000000000000000000C
:10C4300000000000000000000000000000000000FC
:10C4400000000000000000000000000000000000EC
:10C4500000000000000000000000000000000000DC
:10C4600000000000000000000000000000000000CC
:10C4700000000000000000000000000000000000BC
:10C4800000000000000000000000000000000000AC
:10C49000000000000000000000000000000000009C
:10C4A000000000000000000000000000000000008C
:10C4B000000000000000000000000000000000007C
:10C4C000000000000000000000000000000000006C
:10C4D000000000000000000000000000000000005C
:10C4E000000000000000000000000000000000004C
:10C4F000000000000000000000000000000000003C
:10C50000000000000000000000000000000000002B
:10C51000000000000000000000000000000000001B
:10C52000000000000000000000000000000000000B
:10C5300000000000000000000000000000000000FB
:10C5400000000000000000000000000000000000EB
:10C5500000000000000000000000000000000000DB
:10C5600000000000000000000000000000000000CB
:10C5700000000000000000000000000000000000BB
:10C5800000000000000000000000000000000000AB
:10C59000000000000000000000000000000000009B
:10C5A000000000000000000000000000000000008B
:10C5B000000000000000000000000000000000007B
:10C5C000000000000000000000000000000000006B
:10C5D000000000000000000000000000000000005B
:10C5E000000000000000000000000000000000004B
:10C5F000000000000000000000000000000000003B
:10C60000000000000000000000000000000000002A
:10C61000000000000000000000000000000000001A
:10C62000000000000000000000000000000000000A
:10C6300000000000000000000000000000000000FA
:10C6400000000000000000000000000000000000EA
:10C6500000000000000000000000000000000000DA
:10C6600000000000000000000000000000000000CA
:10C6700000000000000000000000000000000000BA
:10C6800000000000000000000000000000000000AA
:10C69000000000000000000000000000000000009A
:10C6A000000000000000000000000000000000008A
:10C6B000000000000000000000000000000000007A
:10C6C000000000000000000000000000000000006A
:10C6D000000000000000000000000000000000005A
:10C6E000000000000000000000000000000000004A
:10C6F000000000000000000000000000000000003A
:10C700000000000000000000000000000000000029
:10C710000000000000000000000000000000000019
:10C720000000000000000000000000000000000009
:10C7300000000000000000000000000000000000F9
:10C7400000000000000000000000000000000000E9
:10C7500000000000000000000000000000000000D9
:10C7600000000000000000000000000000000000C9
:10C7700000000000000000000000000000000000B9
:10C7800000000000000000000000000000000000A9
:10C790000000000000000000000000000000000099
:10C7A0000000000000000000000000000000000089
:10C7B0000000000000000000000000000000000079
:10C7C0000000000000000000000000000000000069
:10C7D0000000000000000000000000000000000059
:10C7E0000000000000000000000000000000000049
:10C7F0000000000000000000000000000000000039
:10C800000000000000000000000000000000000028
:10C810000000000000000000000000000000000018
:10C820000000000000000000000000000000000008
:10C8300000000000000000000000000000000000F8
:10C8400000000000000000000000000000000000E8
:10C8500000000000000000000000000000000000D8
:10C8600000000000000000000000000000000000C8
:10C8700000000000000000000000000000000000B8
:10C8800000000000000000000000000000000000A8
:10C890000000000000000000000000000000000098
:10C8A0000000000000000000000000000000000088
:10C8B0000000000000000000000000000000000078
:10C8C0000000000000000000000000000000000068
:10C8D0000000000000000000000000000000000058
:10C8E0000000000000000000000000000000000048
:10C8F0000000000000000000000000000000000038
:10C900000000000000000000000000000000000027
:10C910000000000000000000000000000000000017
:10C920000000000000000000000000000000000007
:10C9300000000000000000000000000000000000F7
:10C9400000000000000000000000000000000000E7
:10C9500000000000000000000000000000000000D7
:10C9600000000000000000000000000000000000C7
:10C9700000000000000000000000000000000000B7
:10C9800000000000000000000000000000000000A7
:10C990000000000000000000000000000000000097
:10C9A0000000000000000000000000000000000087
:10C9B0000000000000000000000000000000000077
:10C9C0000000000000000000000000000000000067
:10C9D0000000000000000000000000000000000057
:10C9E0000000000000000000000000000000000047
:10C9F0000000000000000000000000000000000037
:10CA00000000000000000000000000000000000026
:10CA10000000000000000000000000000000000016
:10CA20000000000000000000000000000000000006
:10CA300000000000000000000000000000000000F6
:10CA400000000000000000000000000000000000E6
:10CA500000000000000000000000000000000000D6
:10CA600000000000000000000000000000000000C6
:10CA700000000000000000000000000000000000B6
:10CA800000000000000000000000000000000000A6
:10CA90000000000000000000000000000000000096
:10CAA0000000000000000000000000000000000086
:10CAB0000000000000000000000000000000000076
:10CAC0000000000000000000000000000000000066
:10CAD0000000000000000000000000000000000056
:10CAE0000000000000000000000000000000000046
:10CAF0000000000000000000000000000000000036
:10CB00000000000000000000000000000000000025
:10CB10000000000000000000000000000000000015
:10CB20000000000000000000000000000000000005
:10CB300000000000000000000000000000000000F5
:10CB400000000000000000000000000000000000E5
:10CB500000000000000000000000000000000000D5
:10CB600000000000000000000000000000000000C5
:10CB700000000000000000000000000000000000B5
:10CB800000000000000000000000000000000000A5
:10CB90000000000000000000000000000000000095
:10CBA0000000000000000000000000000000000085
:10CBB0000000000000000000000000000000000075
:10CBC0000000000000000000000000000000000065
:10CBD0000000000000000000000000000000000055
:10CBE0000000000000000000000000000000000045
:10CBF0000000000000000000000000000000000035
:10CC00000000000000000000000000000000000024
:10CC10000000000000000000000000000000000014
:10CC20000000000000000000000000000000000004
:10CC300000000000000000000000000000000000F4
:10CC400000000000000000000000000000000000E4
:10CC500000000000000000000000000000000000D4
:10CC600000000000000000000000000000000000C4
:10CC700000000000000000000000000000000000B4
:10CC800000000000000000000000000000000000A4
:10CC90000000000000000000000000000000000094
:10CCA0000000000000000000000000000000000084
:10CCB0000000000000000000000000000000000074
:10CCC0000000000000000000000000000000000064
:10CCD0000000000000000000000000000000000054
:10CCE0000000000000000000000000000000000044
:10CCF0000000000000000000000000000000000034
:10CD00000000000000000000000000000000000023
:10CD10000000000000000000000000000000000013
:10CD20000000000000000000000000000000000003
:10CD300000000000000000000000000000000000F3
:10CD400000000000000000000000000000000000E3
:10CD500000000000000000000000000000000000D3
:10CD600000000000000000000000000000000000C3
:10CD700000000000000000000000000000000000B3
:10CD800000000000000000000000000000000000A3
:10CD90000000000000000000000000000000000093
:10CDA0000000000000000000000000000000000083
:10CDB0000000000000000000000000000000000073
:10CDC0000000000000000000000000000000000063
:10CDD0000000000000000000000000000000000053
:10CDE0000000000000000000000000000000000043
:10CDF0000000000000000000000000000000000033
:10CE00000000000000000000000000000000000022
:10CE10000000000000000000000000000000000012
:10CE20000000000000000000000000000000000002
:10CE300000000000000000000000000000000000F2
:10CE400000000000000000000000000000000000E2
:10CE500000000000000000000000000000000000D2
:10CE600000000000000000000000000000000000C2
:10CE700000000000000000000000000000000000B2
:10CE800000000000000000000000000000000000A2
:10CE90000000000000000000000000000000000092
:10CEA0000000000000000000000000000000000082
:10CEB0000000000000000000000000000000000072
:10CEC0000000000000000000000000000000000062
:10CED0000000000000000000000000000000000052
:10CEE0000000000000000000000000000000000042
:10CEF0000000000000000000000000000000000032
:10CF00000000000000000000000000000000000021
:10CF10000000000000000000000000000000000011
:10CF20000000000000000000000000000000000001
:10CF300000000000000000000000000000000000F1
:10CF400000000000000000000000000000000000E1
:10CF500000000000000000000000000000000000D1
:10CF600000000000000000000000000000000000C1
:10CF700000000000000000000000000000000000B1
:10CF800000000000000000000000000000000000A1
:10CF90000000000000000000000000000000000091
:10CFA0000000000000000000000000000000000081
:10CFB0000000000000000000000000000000000071
:10CFC0000000000000000000000000000000000061
:10CFD0000000000000000000000000000000000051
:10CFE0000000000000000000000000000000000041
:10CFF0000000000000000000000000000000000031
:10D000000000000000000000000000000000000020
:10D010000000000000000000000000000000000010
:10D020000000000000000000000000000000000000
:10D0300000000000000000000000000000000000F0
:10D0400000000000000000000000000000000000E0
:10D0500000000000000000000000000000000000D0
:10D0600000000000000000000000000000000000C0
:10D0700000000000000000000000000000000000B0
:10D0800000000000000000000000000000000000A0
:10D090000000000000000000000000000000000090
:10D0A0000000000000000000000000000000000080
:10D0B0000000000000000000000000000000000070
:10D0C0000000000000000000000000000000000060
:10D0D0000000000000000000000000000000000050
:10D0E0000000000000000000000000000000000040
:10D0F0000000000000000000000000000000000030
:10D10000000000000000000000000000000000001F
:10D11000000000000000000000000000000000000F
:10D1200000000000000000000000000000000000FF
:10D1300000000000000000000000000000000000EF
:10D1400000000000000000000000000000000000DF
:10D1500000000000000000000000000000000000CF
:10D1600000000000000000000000000000000000BF
:10D1700000000000000000000000000000000000AF
:10D18000000000000000000000000000000000009F
:10D19000000000000000000000000000000000008F
:10D1A000000000000000000000000000000000007F
:10D1B000000000000000000000000000000000006F
:10D1C000000000000000000000000000000000005F
:10D1D000000000000000000000000000000000004F
:10D1E000000000000000000000000000000000003F
:10D1F000000000000000000000000000000000002F
:10D20000000000000000000000000000000000001E
:10D21000000000000000000000000000000000000E
:10D2200000000000000000000000000000000000FE
:10D2300000000000000000000000000000000000EE
:10D2400000000000000000000000000000000000DE
:10D2500000000000000000000000000000000000CE
:10D2600000000000000000000000000000000000BE
:10D2700000000000000000000000000000000000AE
:10D28000000000000000000000000000000000009E
:10D29000000000000000000000000000000000008E
:10D2A000000000000000000000000000000000007E
:10D2B000000000000000000000000000000000006E
:10D2C000000000000000000000000000000000005E
:10D2D000000000000000000000000000000000004E
:10D2E000000000000000000000000000000000003E
:10D2F000000000000000000000000000000000002E
:10D30000000000000000000000000000000000001D
:10D31000000000000000000000000000000000000D
:10D3200000000000000000000000000000000000FD
:10D3300000000000000000000000000000000000ED
:10D3400000000000000000000000000000000000DD
:10D3500000000000000000000000000000000000CD
:10D3600000000000000000000000000000000000BD
:10D3700000000000000000000000000000000000AD
:10D38000000000000000000000000000000000009D
:10D39000000000000000000000000000000000008D
:10D3A000000000000000000000000000000000007D
:10D3B000000000000000000000000000000000006D
:10D3C000000000000000000000000000000000005D
:10D3D000000000000000000000000000000000004D
:10D3E000000000000000000000000000000000003D
:10D3F000000000000000000000000000000000002D
:10D40000000000000000000000000000000000001C
:10D41000000000000000000000000000000000000C
:10D4200000000000000000000000000000000000FC
:10D4300000000000000000000000000000000000EC
:10D4400000000000000000000000000000000000DC
:10D4500000000000000000000000000000000000CC
:10D4600000000000000000000000000000000000BC
:10D4700000000000000000000000000000000000AC
:10D48000000000000000000000000000000000009C
:10D49000000000000000000000000000000000008C
:10D4A000000000000000000000000000000000007C
:10D4B000000000000000000000000000000000006C
:10D4C000000000000000000000000000000000005C
:10D4D000000000000000000000000000000000004C
:10D4E000000000000000000000000000000000003C
:10D4F000000000000000000000000000000000002C
:10D50000000000000000000000000000000000001B
:10D51000000000000000000000000000000000000B
:10D5200000000000000000000000000000000000FB
:10D5300000000000000000000000000000000000EB
:10D5400000000000000000000000000000000000DB
:10D5500000000000000000000000000000000000CB
:10D5600000000000000000000000000000000000BB
:10D5700000000000000000000000000000000000AB
:10D58000000000000000000000000000000000009B
:10D59000000000000000000000000000000000008B
:10D5A000000000000000000000000000000000007B
:10D5B000000000000000000000000000000000006B
:10D5C000000000000000000000000000000000005B
:10D5D000000000000000000000000000000000004B
:10D5E000000000000000000000000000000000003B
:10D5F000000000000000000000000000000000002B
:10D60000000000000000000000000000000000001A
:10D61000000000000000000000000000000000000A
:10D6200000000000000000000000000000000000FA
:10D6300000000000000000000000000000000000EA
:10D6400000000000000000000000000000000000DA
:10D6500000000000000000000000000000000000CA
:10D6600000000000000000000000000000000000BA
:10D6700000000000000000000000000000000000AA
:10D68000000000000000000000000000000000009A
:10D69000000000000000000000000000000000008A
:10D6A000000000000000000000000000000000007A
:10D6B000000000000000000000000000000000006A
:10D6C000000000000000000000000000000000005A
:10D6D000000000000000000000000000000000004A
:10D6E000000000000000000000000000000000003A
:10D6F000000000000000000000000000000000002A
:10D700000000000000000000000000000000000019
:10D710000000000000000000000000000000000009
:10D7200000000000000000000000000000000000F9
:10D7300000000000000000000000000000000000E9
:10D7400000000000000000000000000000000000D9
:10D7500000000000000000000000000000000000C9
:10D7600000000000000000000000000000000000B9
:10D7700000000000000000000000000000000000A9
:10D780000000000000000000000000000000000099
:10D790000000000000000000000000000000000089
:10D7A0000000000000000000000000000000000079
:10D7B0000000000000000000000000000000000069
:10D7C0000000000000000000000000000000000059
:10D7D0000000000000000000000000000000000049
:10D7E0000000000000000000000000000000000039
:10D7F0000000000000000000000000000000000029
:10D800000000000000000000000000000000000018
:10D810000000000000000000000000000000000008
:10D8200000000000000000000000000000000000F8
:10D8300000000000000000000000000000000000E8
:10D8400000000000000000000000000000000000D8
:10D8500000000000000000000000000000000000C8
:10D8600000000000000000000000000000000000B8
:10D8700000000000000000000000000000000000A8
:10D880000000000000000000000000000000000098
:10D890000000000000000000000000000000000088
:10D8A0000000000000000000000000000000000078
:10D8B0000000000000000000000000000000000068
:10D8C0000000000000000000000000000000000058
:10D8D0000000000000000000000000000000000048
:10D8E0000000000000000000000000000000000038
:10D8F0000000000000000000000000000000000028
:10D900000000000000000000000000000000000017
:10D910000000000000000000000000000000000007
:10D9200000000000000000000000000000000000F7
:10D9300000000000000000000000000000000000E7
:10D9400000000000000000000000000000000000D7
:10D9500000000000000000000000000000000000C7
:10D9600000000000000000000000000000000000B7
:10D9700000000000000000000000000000000000A7
:10D980000000000000000000000000000000000097
:10D990000000000000000000000000000000000087
:10D9A0000000000000000000000000000000000077
:10D9B0000000000000000000000000000000000067
:10D9C0000000000000000000000000000000000057
:10D9D0000000000000000000000000000000000047
:10D9E0000000000000000000000000000000000037
:10D9F0000000000000000000000000000000000027
:10DA00000000000000000000000000000000000016
:10DA10000000000000000000000000000000000006
:10DA200000000000000000000000000000000000F6
:10DA300000000000000000000000000000000000E6
:10DA400000000000000000000000000000000000D6
:10DA500000000000000000000000000000000000C6
:10DA600000000000000000000000000000000000B6
:10DA700000000000000000000000000000000000A6
:10DA80000000000000000000000000000000000096
:10DA90000000000000000000000000000000000086
:10DAA0000000000000000000000000000000000076
:10DAB0000000000000000000000000000000000066
:10DAC0000000000000000000000000000000000056
:10DAD0000000000000000000000000000000000046
:10DAE0000000000000000000000000000000000036
:10DAF0000000000000000000000000000000000026
:10DB00000000000000000000000000000000000015
:10DB10000000000000000000000000000000000005
:10DB200000000000000000000000000000000000F5
:10DB300000000000000000000000000000000000E5
:10DB400000000000000000000000000000000000D5
:10DB500000000000000000000000000000000000C5
:10DB600000000000000000000000000000000000B5
:10DB700000000000000000000000000000000000A5
:10DB80000000000000000000000000000000000095
:10DB90000000000000000000000000000000000085
:10DBA0000000000000000000000000000000000075
:10DBB0000000000000000000000000000000000065
:10DBC0000000000000000000000000000000000055
:10DBD0000000000000000000000000000000000045
:10DBE0000000000000000000000000000000000035
:10DBF0000000000000000000000000000000000025
:10DC00000000000000000000000000000000000014
:10DC10000000000000000000000000000000000004
:10DC200000000000000000000000000000000000F4
:10DC300000000000000000000000000000000000E4
:10DC400000000000000000000000000000000000D4
:10DC500000000000000000000000000000000000C4
:10DC600000000000000000000000000000000000B4
:10DC700000000000000000000000000000000000A4
:10DC80000000000000000000000000000000000094
:10DC90000000000000000000000000000000000084
:10DCA0000000000000000000000000000000000074
:10DCB0000000000000000000000000000000000064
:10DCC0000000000000000000000000000000000054
:10DCD0000000000000000000000000000000000044
:10DCE0000000000000000000000000000000000034
:10DCF0000000000000000000000000000000000024
:10DD00000000000000000000000000000000000013
:10DD10000000000000000000000000000000000003
:10DD200000000000000000000000000000000000F3
:10DD300000000000000000000000000000000000E3
:10DD400000000000000000000000000000000000D3
:10DD500000000000000000000000000000000000C3
:10DD600000000000000000000000000000000000B3
:10DD700000000000000000000000000000000000A3
:10DD80000000000000000000000000000000000093
:10DD90000000000000000000000000000000000083
:10DDA0000000000000000000000000000000000073
:10DDB0000000000000000000000000000000000063
:10DDC0000000000000000000000000000000000053
:10DDD0000000000000000000000000000000000043
:10DDE0000000000000000000000000000000000033
:10DDF0000000000000000000000000000000000023
:10DE00000000000000000000000000000000000012
:10DE10000000000000000000000000000000000002
:10DE200000000000000000000000000000000000F2
:10DE300000000000000000000000000000000000E2
:10DE400000000000000000000000000000000000D2
:10DE500000000000000000000000000000000000C2
:10DE600000000000000000000000000000000000B2
:10DE700000000000000000000000000000000000A2
:10DE80000000000000000000000000000000000092
:10DE90000000000000000000000000000000000082
:10DEA0000000000000000000000000000000000072
:10DEB0000000000000000000000000000000000062
:10DEC0000000000000000000000000000000000052
:10DED0000000000000000000000000000000000042
:10DEE0000000000000000000000000000000000032
:10DEF0000000000000000000000000000000000022
:10DF00000000000000000000000000000000000011
:10DF10000000000000000000000000000000000001
:10DF200000000000000000000000000000000000F1
:10DF300000000000000000000000000000000000E1
:10DF400000000000000000000000000000000000D1
:10DF500000000000000000000000000000000000C1
:10DF600000000000000000000000000000000000B1
:10DF700000000000000000000000000000000000A1
:10DF80000000000000000000000000000000000091
:10DF90000000000000000000000000000000000081
:10DFA0000000000000000000000000000000000071
:10DFB0000000000000000000000000000000000061
:10DFC0000000000000000000000000000000000051
:10DFD0000000000000000000000000000000000041
:10DFE0000000000000000000000000000000000031
:10DFF0000000000000000000000000000000000021
:10E000000000000000000000000000000000000010
:10E010000000000000000000000000000000000000
:10E0200000000000000000000000000000000000F0
:10E0300000000000000000000000000000000000E0
:10E0400000000000000000000000000000000000D0
:10E0500000000000000000000000000000000000C0
:10E0600000000000000000000000000000000000B0
:10E0700000000000000000000000000000000000A0
:10E080000000000000000000000000000000000090
:10E090000000000000000000000000000000000080
:10E0A0000000000000000000000000000000000070
:10E0B0000000000000000000000000000000000060
:10E0C0000000000000000000000000000000000050
:10E0D0000000000000000000000000000000000040
:10E0E0000000000000000000000000000000000030
:10E0F0000000000000000000000000000000000020
:10E10000000000000000000000000000000000000F
:10E1100000000000000000000000000000000000FF
:10E1200000000000000000000000000000000000EF
:10E1300000000000000000000000000000000000DF
:10E1400000000000000000000000000000000000CF
:10E1500000000000000000000000000000000000BF
:10E1600000000000000000000000000000000000AF
:10E17000000000000000000000000000000000009F
:10E18000000000000000000000000000000000008F
:10E19000000000000000000000000000000000007F
:10E1A000000000000000000000000000000000006F
:10E1B000000000000000000000000000000000005F
:10E1C000000000000000000000000000000000004F
:10E1D000000000000000000000000000000000003F
:10E1E000000000000000000000000000000000002F
:10E1F000000000000000000000000000000000001F
:10E20000000000000000000000000000000000000E
:10E2100000000000000000000000000000000000FE
:10E2200000000000000000000000000000000000EE
:10E2300000000000000000000000000000000000DE
:10E2400000000000000000000000000000000000CE
:10E2500000000000000000000000000000000000BE
:10E2600000000000000000000000000000000000AE
:10E27000000000000000000000000000000000009E
:10E28000000000000000000000000000000000008E
:10E29000000000000000000000000000000000007E
:10E2A000000000000000000000000000000000006E
:10E2B000000000000000000000000000000000005E
:10E2C000000000000000000000000000000000004E
:10E2D000000000000000000000000000000000003E
:10E2E000000000000000000000000000000000002E
:10E2F000000000000000000000000000000000001E
:10E30000000000000000000000000000000000000D
:10E3100000000000000000000000000000000000FD
:10E3200000000000000000000000000000000000ED
:10E3300000000000000000000000000000000000DD
:10E3400000000000000000000000000000000000CD
:10E3500000000000000000000000000000000000BD
:10E3600000000000000000000000000000000000AD
:10E37000000000000000000000000000000000009D
:10E38000000000000000000000000000000000008D
:10E39000000000000000000000000000000000007D
:10E3A000000000000000000000000000000000006D
:10E3B000000000000000000000000000000000005D
:10E3C000000000000000000000000000000000004D
:10E3D000000000000000000000000000000000003D
:10E3E000000000000000000000000000000000002D
:10E3F000000000000000000000000000000000001D
:10E40000000000000000000000000000000000000C
:10E4100000000000000000000000000000000000FC
:10E4200000000000000000000000000000000000EC
:10E4300000000000000000000000000000000000DC
:10E4400000000000000000000000000000000000CC
:10E4500000000000000000000000000000000000BC
:10E4600000000000000000000000000000000000AC
:10E47000000000000000000000000000000000009C
:10E48000000000000000000000000000000000008C
:10E49000000000000000000000000000000000007C
:10E4A000000000000000000000000000000000006C
:10E4B000000000000000000000000000000000005C
:10E4C000000000000000000000000000000000004C
:10E4D000000000000000000000000000000000003C
:10E4E000000000000000000000000000000000002C
:10E4F000000000000000000000000000000000001C
:10E50000000000000000000000000000000000000B
:10E5100000000000000000000000000000000000FB
:10E5200000000000000000000000000000000000EB
:10E5300000000000000000000000000000000000DB
:10E5400000000000000000000000000000000000CB
:10E5500000000000000000000000000000000000BB
:10E5600000000000000000000000000000000000AB
:10E57000000000000000000000000000000000009B
:10E58000000000000000000000000000000000008B
:10E59000000000000000000000000000000000007B
:10E5A000000000000000000000000000000000006B
:10E5B000000000000000000000000000000000005B
:10E5C000000000000000000000000000000000004B
:10E5D000000000000000000000000000000000003B
:10E5E000000000000000000000000000000000002B
:10E5F000000000000000000000000000000000001B
:10E60000000000000000000000000000000000000A
:10E6100000000000000000000000000000000000FA
:10E6200000000000000000000000000000000000EA
:10E6300000000000000000000000000000000000DA
:10E6400000000000000000000000000000000000CA
:10E6500000000000000000000000000000000000BA
:10E6600000000000000000000000000000000000AA
:10E67000000000000000000000000000000000009A
:10E68000000000000000000000000000000000008A
:10E69000000000000000000000000000000000007A
:10E6A000000000000000000000000000000000006A
:10E6B000000000000000000000000000000000005A
:10E6C000000000000000000000000000000000004A
:10E6D000000000000000000000000000000000003A
:10E6E000000000000000000000000000000000002A
:10E6F000000000000000000000000000000000001A
:10E700000000000000000000000000000000000009
:10E7100000000000000000000000000000000000F9
:10E7200000000000000000000000000000000000E9
:10E7300000000000000000000000000000000000D9
:10E7400000000000000000000000000000000000C9
:10E7500000000000000000000000000000000000B9
:10E7600000000000000000000000000000000000A9
:10E770000000000000000000000000000000000099
:10E780000000000000000000000000000000000089
:10E790000000000000000000000000000000000079
:10E7A0000000000000000000000000000000000069
:10E7B0000000000000000000000000000000000059
:10E7C0000000000000000000000000000000000049
:10E7D0000000000000000000000000000000000039
:10E7E0000000000000000000000000000000000029
:10E7F0000000000000000000000000000000000019
:10E800000000000000000000000000000000000008
:10E8100000000000000000000000000000000000F8
:10E8200000000000000000000000000000000000E8
:10E8300000000000000000000000000000000000D8
:10E8400000000000000000000000000000000000C8
:10E8500000000000000000000000000000000000B8
:10E8600000000000000000000000000000000000A8
:10E870000000000000000000000000000000000098
:10E880000000000000000000000000000000000088
:10E890000000000000000000000000000000000078
:10E8A0000000000000000000000000000000000068
:10E8B0000000000000000000000000000000000058
:10E8C0000000000000000000000000000000000048
:10E8D0000000000000000000000000000000000038
:10E8E0000000000000000000000000000000000028
:10E8F0000000000000000000000000000000000018
:10E900000000000000000000000000000000000007
:10E9100000000000000000000000000000000000F7
:10E9200000000000000000000000000000000000E7
:10E9300000000000000000000000000000000000D7
:10E9400000000000000000000000000000000000C7
:10E9500000000000000000000000000000000000B7
:10E9600000000000000000000000000000000000A7
:10E970000000000000000000000000000000000097
:10E980000000000000000000000000000000000087
:10E990000000000000000000000000000000000077
:10E9A0000000000000000000000000000000000067
:10E9B0000000000000000000000000000000000057
:10E9C0000000000000000000000000000000000047
:10E9D0000000000000000000000000000000000037
:10E9E0000000000000000000000000000000000027
:10E9F0000000000000000000000000000000000017
:10EA00000000000000000000000000000000000006
:10EA100000000000000000000000000000000000F6
:10EA200000000000000000000000000000000000E6
:10EA300000000000000000000000000000000000D6
:10EA400000000000000000000000000000000000C6
:10EA500000000000000000000000000000000000B6
:10EA600000000000000000000000000000000000A6
:10EA70000000000000000000000000000000000096
:10EA80000000000000000000000000000000000086
:10EA90000000000000000000000000000000000076
:10EAA0000000000000000000000000000000000066
:10EAB0000000000000000000000000000000000056
:10EAC0000000000000000000000000000000000046
:10EAD0000000000000000000000000000000000036
:10EAE0000000000000000000000000000000000026
:10EAF0000000000000000000000000000000000016
:10EB00000000000000000000000000000000000005
:10EB100000000000000000000000000000000000F5
:10EB200000000000000000000000000000000000E5
:10EB300000000000000000000000000000000000D5
:10EB400000000000000000000000000000000000C5
:10EB500000000000000000000000000000000000B5
:10EB600000000000000000000000000000000000A5
:10EB70000000000000000000000000000000000095
:10EB80000000000000000000000000000000000085
:10EB90000000000000000000000000000000000075
:10EBA0000000000000000000000000000000000065
:10EBB0000000000000000000000000000000000055
:10EBC0000000000000000000000000000000000045
:10EBD0000000000000000000000000000000000035
:10EBE0000000000000000000000000000000000025
:10EBF0000000000000000000000000000000000015
:10EC00000000000000000000000000000000000004
:10EC100000000000000000000000000000000000F4
:10EC200000000000000000000000000000000000E4
:10EC300000000000000000000000000000000000D4
:10EC400000000000000000000000000000000000C4
:10EC500000000000000000000000000000000000B4
:10EC600000000000000000000000000000000000A4
:10EC70000000000000000000000000000000000094
:10EC80000000000000000000000000000000000084
:10EC90000000000000000000000000000000000074
:10ECA0000000000000000000000000000000000064
:10ECB0000000000000000000000000000000000054
:10ECC0000000000000000000000000000000000044
:10ECD0000000000000000000000000000000000034
:10ECE0000000000000000000000000000000000024
:10ECF0000000000000000000000000000000000014
:10ED00000000000000000000000000000000000003
:10ED100000000000000000000000000000000000F3
:10ED200000000000000000000000000000000000E3
:10ED300000000000000000000000000000000000D3
:10ED400000000000000000000000000000000000C3
:10ED500000000000000000000000000000000000B3
:10ED600000000000000000000000000000000000A3
:10ED70000000000000000000000000000000000093
:10ED80000000000000000000000000000000000083
:10ED90000000000000000000000000000000000073
:10EDA0000000000000000000000000000000000063
:10EDB0000000000000000000000000000000000053
:10EDC0000000000000000000000000000000000043
:10EDD0000000000000000000000000000000000033
:10EDE0000000000000000000000000000000000023
:10EDF0000000000000000000000000000000000013
:10EE00000000000000000000000000000000000002
:10EE100000000000000000000000000000000000F2
:10EE200000000000000000000000000000000000E2
:10EE300000000000000000000000000000000000D2
:10EE400000000000000000000000000000000000C2
:10EE500000000000000000000000000000000000B2
:10EE600000000000000000000000000000000000A2
:10EE70000000000000000000000000000000000092
:10EE80000000000000000000000000000000000082
:10EE90000000000000000000000000000000000072
:10EEA0000000000000000000000000000000000062
:10EEB0000000000000000000000000000000000052
:10EEC0000000000000000000000000000000000042
:10EED0000000000000000000000000000000000032
:10EEE0000000000000000000000000000000000022
:10EEF0000000000000000000000000000000000012
:10EF00000000000000000000000000000000000001
:10EF100000000000000000000000000000000000F1
:10EF200000000000000000000000000000000000E1
:10EF300000000000000000000000000000000000D1
:10EF400000000000000000000000000000000000C1
:10EF500000000000000000000000000000000000B1
:10EF600000000000000000000000000000000000A1
:10EF70000000000000000000000000000000000091
:10EF80000000000000000000000000000000000081
:10EF90000000000000000000000000000000000071
:10EFA0000000000000000000000000000000000061
:10EFB0000000000000000000000000000000000051
:10EFC0000000000000000000000000000000000041
:10EFD0000000000000000000000000000000000031
:10EFE0000000000000000000000000000000000021
:10EFF0000000000000000000000000000000000011
:10F000000000000000000000000000000000000000
:10F0100000000000000000000000000000000000F0
:10F0200000000000000000000000000000000000E0
:10F0300000000000000000000000000000000000D0
:10F0400000000000000000000000000000000000C0
:10F0500000000000000000000000000000000000B0
:10F0600000000000000000000000000000000000A0
:10F070000000000000000000000000000000000090
:10F080000000000000000000000000000000000080
:10F090000000000000000000000000000000000070
:10F0A0000000000000000000000000000000000060
:10F0B0000000000000000000000000000000000050
:10F0C0000000000000000000000000000000000040
:10F0D0000000000000000000000000000000000030
:10F0E0000000000000000000000000000000000020
:10F0F0000000000000000000000000000000000010
:10F1000000000000000000000000000000000000FF
:10F1100000000000000000000000000000000000EF
:10F1200000000000000000000000000000000000DF
:10F1300000000000000000000000000000000000CF
:10F1400000000000000000000000000000000000BF
:10F1500000000000000000000000000000000000AF
:10F16000000000000000000000000000000000009F
:10F17000000000000000000000000000000000008F
:10F18000000000000000000000000000000000007F
:10F19000000000000000000000000000000000006F
:10F1A000000000000000000000000000000000005F
:10F1B000000000000000000000000000000000004F
:10F1C000000000000000000000000000000000003F
:10F1D000000000000000000000000000000000002F
:10F1E000000000000000000000000000000000001F
:10F1F000000000000000000000000000000000000F
:10F2000000000000000000000000000000000000FE
:10F2100000000000000000000000000000000000EE
:10F2200000000000000000000000000000000000DE
:10F2300000000000000000000000000000000000CE
:10F2400000000000000000000000000000000000BE
:10F2500000000000000000000000000000000000AE
:10F26000000000000000000000000000000000009E
:10F27000000000000000000000000000000000008E
:10F28000000000000000000000000000000000007E
:10F29000000000000000000000000000000000006E
:10F2A000000000000000000000000000000000005E
:10F2B000000000000000000000000000000000004E
:10F2C000000000000000000000000000000000003E
:10F2D000000000000000000000000000000000002E
:10F2E000000000000000000000000000000000001E
:10F2F000000000000000000000000000000000000E
:10F3000000000000000000000000000000000000FD
:10F3100000000000000000000000000000000000ED
:10F3200000000000000000000000000000000000DD
:10F3300000000000000000000000000000000000CD
:10F3400000000000000000000000000000000000BD
:10F3500000000000000000000000000000000000AD
:10F36000000000000000000000000000000000009D
:10F37000000000000000000000000000000000008D
:10F38000000000000000000000000000000000007D
:10F39000000000000000000000000000000000006D
:10F3A000000000000000000000000000000000005D
:10F3B000000000000000000000000000000000004D
:10F3C000000000000000000000000000000000003D
:10F3D000000000000000000000000000000000002D
:10F3E000000000000000000000000000000000001D
:10F3F000000000000000000000000000000000000D
:10F4000000000000000000000000000000000000FC
:10F4100000000000000000000000000000000000EC
:10F4200000000000000000000000000000000000DC
:10F4300000000000000000000000000000000000CC
:10F4400000000000000000000000000000000000BC
:10F4500000000000000000000000000000000000AC
:10F46000000000000000000000000000000000009C
:10F47000000000000000000000000000000000008C
:10F48000000000000000000000000000000000007C
:10F49000000000000000000000000000000000006C
:10F4A000000000000000000000000000000000005C
:10F4B000000000000000000000000000000000004C
:10F4C000000000000000000000000000000000003C
:10F4D000000000000000000000000000000000002C
:10F4E000000000000000000000000000000000001C
:10F4F000000000000000000000000000000000000C
:10F5000000000000000000000000000000000000FB
:10F5100000000000000000000000000000000000EB
:10F5200000000000000000000000000000000000DB
:10F5300000000000000000000000000000000000CB
:10F5400000000000000000000000000000000000BB
:10F5500000000000000000000000000000000000AB
:10F56000000000000000000000000000000000009B
:10F57000000000000000000000000000000000008B
:10F58000000000000000000000000000000000007B
:10F59000000000000000000000000000000000006B
:10F5A000000000000000000000000000000000005B
:10F5B000000000000000000000000000000000004B
:10F5C000000000000000000000000000000000003B
:10F5D000000000000000000000000000000000002B
:10F5E000000000000000000000000000000000001B
:10F5F000000000000000000000000000000000000B
:10F6000000000000000000000000000000000000FA
:10F6100000000000000000000000000000000000EA
:10F6200000000000000000000000000000000000DA
:10F6300000000000000000000000000000000000CA
:10F6400000000000000000000000000000000000BA
:10F6500000000000000000000000000000000000AA
:10F66000000000000000000000000000000000009A
:10F67000000000000000000000000000000000008A
:10F68000000000000000000000000000000000007A
:10F69000000000000000000000000000000000006A
:10F6A000000000000000000000000000000000005A
:10F6B000000000000000000000000000000000004A
:10F6C000000000000000000000000000000000003A
:10F6D000000000000000000000000000000000002A
:10F6E000000000000000000000000000000000001A
:10F6F000000000000000000000000000000000000A
:10F7000000000000000000000000000000000000F9
:10F7100000000000000000000000000000000000E9
:10F7200000000000000000000000000000000000D9
:10F7300000000000000000000000000000000000C9
:10F7400000000000000000000000000000000000B9
:10F7500000000000000000000000000000000000A9
:10F760000000000000000000000000000000000099
:10F770000000000000000000000000000000000089
:10F780000000000000000000000000000000000079
:10F790000000000000000000000000000000000069
:10F7A0000000000000000000000000000000000059
:10F7B0000000000000000000000000000000000049
:10F7C0000000000000000000000000000000000039
:10F7D0000000000000000000000000000000000029
:10F7E0000000000000000000000000000000000019
:10F7F0000000000000000000000000000000000009
:10F8000000000000000000000000000000000000F8
:10F8100000000000000000000000000000000000E8
:10F8200000000000000000000000000000000000D8
:10F8300000000000000000000000000000000000C8
:10F8400000000000000000000000000000000000B8
:10F8500000000000000000000000000000000000A8
:10F860000000000000000000000000000000000098
:10F870000000000000000000000000000000000088
:10F880000000000000000000000000000000000078
:10F890000000000000000000000000000000000068
:10F8A0000000000000000000000000000000000058
:10F8B0000000000000000000000000000000000048
:10F8C0000000000000000000000000000000000038
:10F8D0000000000000000000000000000000000028
:10F8E0000000000000000000000000000000000018
:10F8F0000000000000000000000000000000000008
:10F9000000000000000000000000000000000000F7
:10F9100000000000000000000000000000000000E7
:10F9200000000000000000000000000000000000D7
:10F9300000000000000000000000000000000000C7
:10F9400000000000000000000000000000000000B7
:10F9500000000000000000000000000000000000A7
:10F960000000000000000000000000000000000097
:10F970000000000000000000000000000000000087
:10F980000000000000000000000000000000000077
:10F990000000000000000000000000000000000067
:10F9A0000000000000000000000000000000000057
:10F9B0000000000000000000000000000000000047
:10F9C0000000000000000000000000000000000037
:10F9D0000000000000000000000000000000000027
:10F9E0000000000000000000000000000000000017
:10F9F0000000000000000000000000000000000007
:10FA000000000000000000000000000000000000F6
:10FA100000000000000000000000000000000000E6
:10FA200000000000000000000000000000000000D6
:10FA300000000000000000000000000000000000C6
:10FA400000000000000000000000000000000000B6
:10FA500000000000000000000000000000000000A6
:10FA60000000000000000000000000000000000096
:10FA70000000000000000000000000000000000086
:10FA80000000000000000000000000000000000076
:10FA90000000000000000000000000000000000066
:10FAA0000000000000000000000000000000000056
:10FAB0000000000000000000000000000000000046
:10FAC0000000000000000000000000000000000036
:10FAD0000000000000000000000000000000000026
:10FAE0000000000000000000000000000000000016
:10FAF0000000000000000000000000000000000006
:10FB000000000000000000000000000000000000F5
:10FB100000000000000000000000000000000000E5
:10FB200000000000000000000000000000000000D5
:10FB300000000000000000000000000000000000C5
:10FB400000000000000000000000000000000000B5
:10FB500000000000000000000000000000000000A5
:10FB60000000000000000000000000000000000095
:10FB70000000000000000000000000000000000085
:10FB80000000000000000000000000000000000075
:10FB90000000000000000000000000000000000065
:10FBA0000000000000000000000000000000000055
:10FBB0000000000000000000000000000000000045
:10FBC0000000000000000000000000000000000035
:10FBD0000000000000000000000000000000000025
:10FBE0000000000000000000000000000000000015
:10FBF0000000000000000000000000000000000005
:10FC000000000000000000000000000000000000F4
:10FC100000000000000000000000000000000000E4
:10FC200000000000000000000000000000000000D4
:10FC300000000000000000000000000000000000C4
:10FC400000000000000000000000000000000000B4
:10FC500000000000000000000000000000000000A4
:10FC60000000000000000000000000000000000094
:10FC70000000000000000000000000000000000084
:10FC80000000000000000000000000000000000074
:10FC90000000000000000000000000000000000064
:10FCA0000000000000000000000000000000000054
:10FCB0000000000000000000000000000000000044
:10FCC0000000000000000000000000000000000034
:10FCD0000000000000000000000000000000000024
:10FCE0000000000000000000000000000000000014
:10FCF0000000000000000000000000000000000004
:10FD000000000000000000000000000000000000F3
:10FD100000000000000000000000000000000000E3
:10FD200000000000000000000000000000000000D3
:10FD300000000000000000000000000000000000C3
:10FD400000000000000000000000000000000000B3
:10FD500000000000000000000000000000000000A3
:10FD60000000000000000000000000000000000093
:10FD70000000000000000000000000000000000083
:10FD80000000000000000000000000000000000073
:10FD90000000000000000000000000000000000063
:10FDA0000000000000000000000000000000000053
:10FDB0000000000000000000000000000000000043
:10FDC0000000000000000000000000000000000033
:10FDD0000000000000000000000000000000000023
:10FDE0000000000000000000000000000000000013
:10FDF0000000000000000000000000000000000003
:10FE000000000000000000000000000000000000F2
:10FE100000000000000000000000000000000000E2
:10FE200000000000000000000000000000000000D2
:10FE300000000000000000000000000000000000C2
:10FE400000000000000000000000000000000000B2
:10FE500000000000000000000000000000000000A2
:10FE60000000000000000000000000000000000092
:10FE70000000000000000000000000000000000082
:10FE80000000000000000000000000000000000072
:10FE90000000000000000000000000000000000062
:10FEA0000000000000000000000000000000000052
:10FEB0000000000000000000000000000000000042
:10FEC0000000000000000000000000000000000032
:10FED0000000000000000000000000000000000022
:10FEE0000000000000000000000000000000000012
:10FEF0000000000000000000000000000000000002
:10FF000000000000000000000000000000000000F1
:10FF100000000000000000000000000000000000E1
:10FF200000000000000000000000000000000000D1
:10FF300000000000000000000000000000000000C1
:10FF400000000000000000000000000000000000B1
:10FF500000000000000000000000000000000000A1
:10FF60000000000000000000000000000000000091
:10FF70000000000000000000000000000000000081
:10FF80000000000000000000000000000000000071
:10FF90000000000000000000000000000000000061
:10FFA0000000000000000000000000000000000051
:10FFB0000000000000000000000000000000000041
:10FFC0000000000000000000000000000000000031
:10FFD0000000000000000000000000000000000021
:10FFE0000000000000000000000000000000000011
:10FFF0000000000000000000000000000000000001
:040000050800029954
:00000001FF
